Device Name,Vendor,Model,Card Name,IfName,IfOper,Speed,ModuleClass,Splitter L1 Name,Weekly_Status,Notes
ANC03012G00,Fiberhome,AN6001-G16,GPOP,PON 1/1,up,2.4,nan,ANC03X000DD,Persistent Missing,Missing in both weeks
AYT01024GO0,Fiberhome,AN5516-04,GC8B,PON 1/8,up,2.4,nan,AYT01X39EOL,Persistent Missing,Missing in both weeks
AYT06011GO0,Fiberhome,AN6000-2,GPOA,PON 2/9,up,2.4,nan,AYT06X2ZVCY,Persistent Missing,Missing in both weeks
AYT12014GO0,Fiberhome,AN5516-04,GC8B,PON 1/8,up,2.4,nan,AYT12X2S01B,Persistent Missing,Missing in both weeks
BKIRYG1CGW0,Huawei,MA5603T,H805GPBD,GPON 0/0/3,notPresent,2.4,absent,BKIRYG-01/G003-O,Persistent Missing,Missing in both weeks
BKK02001G00,ZTE,C300,GTGHG,gpon_1/15/7,down,2.4,absent,BKK02X1TOTP,Persistent Missing,Missing in both weeks
BKK02002GO0,Fiberhome,AN5516-04,GC8B,PON 2/4,up,2.4,nan,BKK02X2MAF5,Persistent Missing,Missing in both weeks
BKK02002GO0,Fiberhome,AN5516-04,GC8B,PON 2/6,up,2.4,nan,BKK02X2MAG1,Persistent Missing,Missing in both weeks
BKK02004GO0,Fiberhome,AN5516-04,GC8B,PON 1/7,up,2.4,nan,BKK02X2M55A,Persistent Missing,Missing in both weeks
BKK04001G01,Huawei,MA5800-X17,H901GPHF,GPON 0/11/1,notPresent,2.4,absent,BKK04X1H980,Persistent Missing,Missing in both weeks
BKK04001G01,Huawei,MA5800-X17,H901GPHF,GPON 0/11/5,notPresent,2.4,absent,BKK04X1H8ND,Persistent Missing,Missing in both weeks
BKK04001G01,Huawei,MA5800-X17,H901GPHF,GPON 0/12/14,notPresent,2.4,absent,BKK07X3P19B,Persistent Missing,Missing in both weeks
BKK04001G01,Huawei,MA5800-X17,H901CSHF,GPON 0/18/7,notPresent,2.4,absent,SRW-09-01/G001-I,Persistent Missing,Missing in both weeks
BKK04001G01,Huawei,MA5800-X17,H901GPHF,GPON 0/3/15,notPresent,2.4,absent,BKK04X1IXOG,Persistent Missing,Missing in both weeks
BKK04001G01,Huawei,MA5800-X17,H901GPHF,GPON 0/3/5,notPresent,2.4,absent,BKK04X1IXMX,Persistent Missing,Missing in both weeks
BKK04019GO0,Fiberhome,AN5516-04,GOOB,PON 2/12,up,2.4,nan,BKK04X3SQRA,New Missing,Newly detected missing this week
BKK04019GO0,Fiberhome,AN5516-04,GOOB,PON 2/7,down,2.4,absent,BKK04X3J8HD,Persistent Missing,Missing in both weeks
BKK07001GO0,Fiberhome,AN5516-04,GOOB,PON 1/7,up,2.4,nan,BKK07X2MW0H,Persistent Missing,Missing in both weeks
BKK07001GO0,Fiberhome,AN5516-04,GOOB,PON 2/11,up,2.4,nan,BKK07X3T4ES,Persistent Missing,Missing in both weeks
BKK08001G02,Huawei,MA5800-X17,H901GPHF,GPON 0/7/1,notPresent,2.4,absent,BKK13X1L3W7,Persistent Missing,Missing in both weeks
BKK09010GO0,Fiberhome,AN5516-04,GC8B,PON 2/7,up,2.4,nan,BKK09X33MO4,Persistent Missing,Missing in both weeks
BKK09012GO0,Fiberhome,AN5516-04,GC8B,PON 1/1,up,2.4,nan,BKK09X2HZF7,Persistent Missing,Missing in both weeks
BKK12001G00,Huawei,MA5800-X17,H901GPHF,GPON 0/1/8,notPresent,2.4,absent,BKK12X0400O,Persistent Missing,Missing in both weeks
BKK17001G00,ZTE,C300,GTGHG,gpon_1/7/16,down,2.4,absent,BKK26X0705A,Persistent Missing,Missing in both weeks
BKK17001G00,ZTE,C300,GTGHG,gpon_1/8/2,down,2.4,absent,BKK26X0705I,Persistent Missing,Missing in both weeks
BKK17001G01,ZTE,C300,GTGHG,gpon_1/12/8,down,2.4,absent,BKK26X1EU31,Persistent Missing,Missing in both weeks
BKK17001G02,ZTE,C300,GTGHG,gpon_1/4/4,down,2.4,absent,BKK17X1Z1KR,Persistent Missing,Missing in both weeks
BKK17001G02,ZTE,C300,GTGHG,gpon_1/4/5,down,2.4,absent,BKK17X1Z5FH,Persistent Missing,Missing in both weeks
BKK17001G02,ZTE,C300,GTGHG,gpon_1/6/10,down,2.4,absent,BKK17X2CBVC,Persistent Missing,Missing in both weeks
BKK17003GO0,ZTE,C320,GTGHG,gpon_1/2/4,down,2.4,absent,BKK17X3P3NA,Persistent Missing,Missing in both weeks
BKK17017GO0,Fiberhome,AN5516-04,GOOB,PON 1/16,up,2.4,nan,BKK17X2J54H,Persistent Missing,Missing in both weeks
BKK17021GO0,Fiberhome,AN5516-04,GOOB,PON 2/8,up,2.4,nan,BKK17X37JC5,Persistent Missing,Missing in both weeks
BKK17025GO0,Fiberhome,AN6000-2,GPOA,PON 1/3,up,2.4,nan,BKK17X3FVIT,Persistent Missing,Missing in both weeks
BKK17025GO0,Fiberhome,AN6000-2,GPOA,PON 2/3,up,2.4,nan,BKK17X3MR5A,Persistent Missing,Missing in both weeks
BKK21001G01,Huawei,MA5800-X17,H901GPHF,GPON 0/15/12,notPresent,2.4,absent,BKK35X1EKKR,Persistent Missing,Missing in both weeks
BKK26AGNG03,Huawei,MA5800-X17,H901GPHF,GPON 0/11/11,notPresent,2.4,absent,BKK37X1Z406,Persistent Missing,Missing in both weeks
BKK26AGNG03,Huawei,MA5800-X17,H901GPHF,GPON 0/1/7,notPresent,2.4,absent,BKK14X1MO9J,Persistent Missing,Missing in both weeks
BKK26AGNG03,Huawei,MA5800-X17,H901GPHF,GPON 0/5/15,notPresent,2.4,absent,BKK17X1NW3D,Persistent Missing,Missing in both weeks
BKK28002G01,Huawei,MA5800-X17,H901GPHF,GPON 0/12/12,notPresent,2.4,absent,BKK28X1QFBU,Persistent Missing,Missing in both weeks
BKK28025GO0,Fiberhome,AN5516-04,GC8B,PON 1/5,up,2.4,nan,BKK28X2MM10,Persistent Missing,Missing in both weeks
BKK28032GO0,Huawei,MA5800-X2,H905FLHF,GPON 0/1/12,notPresent,2.4,absent,BKK28X03019,Persistent Missing,Missing in both weeks
BKK29007GO0,Fiberhome,AN5516-04,GC8B,PON 2/6,up,2.4,nan,BKK29X2MF8J,Persistent Missing,Missing in both weeks
BKK29007GO0,Fiberhome,AN5516-04,GC8B,PON 2/7,up,2.4,nan,BKK30X2QIK0,Persistent Missing,Missing in both weeks
BKK29007GO0,Fiberhome,AN5516-04,GC8B,PON 2/8,up,2.4,nan,BKK29X31H94,Persistent Missing,Missing in both weeks
BKK29011GO0,Fiberhome,AN5516-04,GC8B,PON 2/1,up,2.4,nan,BKK29X2IMGE,Persistent Missing,Missing in both weeks
BKK30001G00,ZTE,C300,GTGHG,gpon_1/12/7,down,2.4,absent,BKK30X1KNLX,Persistent Missing,Missing in both weeks
BKK30001G00,ZTE,C300,GTGHG,gpon_1/7/3,down,2.4,absent,BKK30X1F24L,Persistent Missing,Missing in both weeks
BKK30005GO0,Fiberhome,AN5516-04,GC8B,PON 1/8,up,2.4,nan,BKK30X2QUQS,Persistent Missing,Missing in both weeks
BKK30005GO0,Fiberhome,AN5516-04,GC8B,PON 2/2,up,2.4,nan,BKK30X3D3CF,Persistent Missing,Missing in both weeks
BKK30009GO0,Fiberhome,AN5516-04,GC8B,PON 1/3,up,2.4,nan,BKK30X2HH09,Persistent Missing,Missing in both weeks
BKK30013GO0,Fiberhome,AN5516-04,GOOB,PON 1/13,up,2.4,nan,BKK30X2KHAM,Persistent Missing,Missing in both weeks
BKK30014GO0,Fiberhome,AN5516-04,GOOB,PON 1/6,down,2.4,absent,BKK30X2KKH6,Persistent Missing,Missing in both weeks
BKK30014GO0,Fiberhome,AN5516-04,GOOB,PON 2/15,up,2.4,nan,BKK30X37YLB,Persistent Missing,Missing in both weeks
BKK30014GO0,Fiberhome,AN5516-04,GOOB,PON 2/16,up,2.4,nan,BKK30X3AH18,Persistent Missing,Missing in both weeks
BKK30023GO0,Fiberhome,AN5516-04,GOOB,PON 2/8,up,2.4,nan,BKK30X2MTQC,Persistent Missing,Missing in both weeks
BKK30AGNG00,ZTE,C300,GTGHG,gpon_1/14/4,down,2.4,absent,BKK30X0005M,Persistent Missing,Missing in both weeks
BKK31001G01,Huawei,MA5800-X17,H902GPHF,GPON 0/7/4,notPresent,2.4,absent,BKK31X3769O,Persistent Missing,Missing in both weeks
BKK31001G01,Huawei,MA5800-X17,H901GPHF,GPON 0/8/14,notPresent,2.4,absent,BKK31X3T4ED,Persistent Missing,Missing in both weeks
BKK33001G00,Huawei,MA5800-X17,H901GPHF,GPON 0/1/10,notPresent,2.4,absent,BKK33X08019,Persistent Missing,Missing in both weeks
BKK33001G00,Huawei,MA5800-X17,H901GPHF,GPON 0/13/10,notPresent,2.4,absent,BKK33X1NY7C,Persistent Missing,Missing in both weeks
BKK33001G00,Huawei,MA5800-X17,H901GPHF,GPON 0/1/9,notPresent,2.4,absent,BKK33X08014,Persistent Missing,Missing in both weeks
BKK33001G01,Huawei,MA5800-X17,H901GPHF,GPON 0/5/15,notPresent,2.4,absent,SKW-02-01/G020-O,Persistent Missing,Missing in both weeks
BKK33001G06,ZTE,C620,HFTL,gpon_olt-1/2/7,down,10,absent,BKK39X3P3QA,Persistent Missing,Missing in both weeks
BKK33002G00,Huawei,MA5800-X17,H901CSHF,GPON 0/11/9,notPresent,2.4,absent,BKK07X0305I,Persistent Missing,Missing in both weeks
BKK33002G00,Huawei,MA5800-X17,H901GPHF,GPON 0/16/5,notPresent,2.4,absent,BKK33X1QGQD,Persistent Missing,Missing in both weeks
BKK33002G02,Huawei,MA5800-X17,H901CSHF,GPON 0/4/11,notPresent,2.4,absent,PNC-25-01/G009-I,Persistent Missing,Missing in both weeks
BKK33002G02,Huawei,MA5800-X17,H901CSHF,GPON 0/4/4,notPresent,2.4,absent,PNC-25-01/G001-O,Persistent Missing,Missing in both weeks
BKK33002G02,Huawei,MA5800-X17,H901GPHF,GPON 0/8/2,notPresent,2.4,absent,BKK07X23382,Persistent Missing,Missing in both weeks
BKK33006GO0,Huawei,MA5800-X2,H901GPHF,GPON 0/2/0,notPresent,2.4,absent,BKK33X1XSXX,Persistent Missing,Missing in both weeks
BKK33009GO0,Fiberhome,AN5516-04,GOOB,PON 1/16,down,2.4,absent,BKK33X2KRZI,Persistent Missing,Missing in both weeks
BKK33014GO0,Fiberhome,AN5516-04,GOOB,PON 1/6,down,2.4,absent,BKK33X3EON2,Persistent Missing,Missing in both weeks
BKK33015GO0,Fiberhome,AN5516-04,GOOB,PON 2/9,down,2.4,absent,BKK33X3PALG,New Missing,Newly detected missing this week
BKK33017GO0,Fiberhome,AN6000-2,GPOA,PON 1/5,up,2.4,nan,BKK33X3TTT0,Persistent Missing,Missing in both weeks
BKK35002G00,Huawei,MA5800-X17,H901GPHF,GPON 0/18/2,notPresent,2.4,absent,BKK35X0A00J,Persistent Missing,Missing in both weeks
BKK37001G00,Huawei,MA5800-X17,H901GPHF,GPON 0/1/1,notPresent,2.4,absent,BKK37X03006,Persistent Missing,Missing in both weeks
BKK37001G00,Huawei,MA5800-X17,H901GPHF,GPON 0/11/1,notPresent,2.4,absent,BKK37X1KZ5X,Persistent Missing,Missing in both weeks
BKK37001G00,Huawei,MA5800-X17,H901CSHF,GPON 0/12/9,notPresent,2.4,absent,BKK07X0404X,Persistent Missing,Missing in both weeks
BKK37001G00,Huawei,MA5800-X17,H901GPHF,GPON 0/14/7,notPresent,2.4,absent,BKK39X1NH9X,Persistent Missing,Missing in both weeks
BKK37001G00,Huawei,MA5800-X17,H901GPHF,GPON 0/15/4,notPresent,2.4,absent,BKK37X1NYVC,Persistent Missing,Missing in both weeks
BKK37001G00,Huawei,MA5800-X17,H901GPHF,GPON 0/16/11,notPresent,2.4,absent,BKK37X1O1JT,Persistent Missing,Missing in both weeks
BKK37001G00,Huawei,MA5800-X17,H901GPHF,GPON 0/16/8,notPresent,2.4,absent,BKK37X1O17K,Persistent Missing,Missing in both weeks
BKK37001G00,Huawei,MA5800-X17,H901GPHF,GPON 0/18/12,notPresent,2.4,absent,BKK37X2SRKX,Persistent Missing,Missing in both weeks
BKK37001G00,Huawei,MA5800-X17,H901GPHF,GPON 0/8/12,notPresent,2.4,absent,BKK37X1KCQ4,Persistent Missing,Missing in both weeks
BKK37001G01,Huawei,MA5800-X17,H901GPHF,GPON 0/11/12,notPresent,2.4,absent,BKK37X30N8R,Persistent Missing,Missing in both weeks
BKK37001G01,Huawei,MA5800-X17,H901GPHF,GPON 0/12/3,notPresent,2.4,absent,PNC-04-01/G004-O,Persistent Missing,Missing in both weeks
BKK37001G01,Huawei,MA5800-X17,H901GPHF,GPON 0/14/6,notPresent,2.4,absent,BKK37X2CSB2,Persistent Missing,Missing in both weeks
BKK37001G01,Huawei,MA5800-X17,H901GPHF,GPON 0/2/1,notPresent,2.4,absent,BKK37X1L1PB,Persistent Missing,Missing in both weeks
BKK37001G01,Huawei,MA5800-X17,H901GPHF,GPON 0/3/10,notPresent,2.4,absent,BKK37X1O90Y,Persistent Missing,Missing in both weeks
BKK37001G01,Huawei,MA5800-X17,H901GPHF,GPON 0/5/0,notPresent,2.4,absent,BKK37X1PPPM,Persistent Missing,Missing in both weeks
BKK37001G01,Huawei,MA5800-X17,H901GPHF,GPON 0/6/1,notPresent,2.4,absent,BKK37X1PL1E,Persistent Missing,Missing in both weeks
BKK37001G01,Huawei,MA5800-X17,H901GPHF,GPON 0/6/2,notPresent,2.4,absent,BKK37X1PL1F,Persistent Missing,Missing in both weeks
BKK37001G02,Huawei,MA5800-X17,H901GPHF,GPON 0/12/1,notPresent,2.4,absent,BKK07X3R0A9,Persistent Missing,Missing in both weeks
BKK37001G02,Huawei,MA5800-X17,H901GPHF,GPON 0/12/7,notPresent,2.4,absent,BKK37X3RWND,Persistent Missing,Missing in both weeks
BKK37002G00,Huawei,MA5800-X17,H901GPHF,GPON 0/11/10,notPresent,2.4,absent,BKK07X1RGGE,Persistent Missing,Missing in both weeks
BKK37002G00,Huawei,MA5800-X17,H901GPHF,GPON 0/2/1,notPresent,2.4,absent,BKK07X0A00G,Persistent Missing,Missing in both weeks
BKK37002G01,Huawei,MA5800-X17,H901GPHF,GPON 0/13/8,notPresent,2.4,absent,BKK02X1QFV0,Persistent Missing,Missing in both weeks
BKK37002G01,Huawei,MA5800-X17,H901GPHF,GPON 0/6/7,notPresent,2.4,absent,BKK02X0001N,Persistent Missing,Missing in both weeks
BKK37013GO0,Fiberhome,AN6000-2,GPOA,PON 2/15,up,2.4,nan,BKK37X1L21Y,Persistent Missing,Missing in both weeks
BKK38001G00,ZTE,C300,GTGHG,gpon_1/19/11,down,2.4,absent,BKK38X1KPZ9,Persistent Missing,Missing in both weeks
BKK38001G01,ZTE,C300,GTGHG,gpon_1/8/12,down,2.4,absent,BKK38X1ZGR1,Persistent Missing,Missing in both weeks
BKK39008GO0,ZTE,C320,GTGHG,gpon_1/2/15,down,2.4,absent,BKK39X3EELW,Persistent Missing,Missing in both weeks
BKK39008GO0,ZTE,C320,GTGHG,gpon_1/2/6,down,2.4,absent,BKK17X1YY68,Persistent Missing,Missing in both weeks
BKK39009GO0,ZTE,C320,GTGHG,gpon_1/1/3,down,2.4,absent,PNC-01-01/G003-O,Persistent Missing,Missing in both weeks
BKK39035GO0,Huawei,MA5800-X2,H901GPHF,GPON 0/1/6,notPresent,2.4,absent,BKK39X2MCV9,Persistent Missing,Missing in both weeks
BKK39041GO0,Fiberhome,AN5516-04,GOOB,PON 1/7,down,2.4,absent,BKK39X2TSUT,Persistent Missing,Missing in both weeks
BKK39047GO0,Fiberhome,AN6000-2,GPOA,PON 2/12,down,2.4,absent,BKK39X3K6LC,Persistent Missing,Missing in both weeks
BKK39050GO0,Fiberhome,AN6000-2,GPOA,PON 2/14,up,2.4,nan,BKK39X3E16K,Persistent Missing,Missing in both weeks
BKK39053GO0,Fiberhome,AN6000-2,GPOA,PON 2/11,down,2.4,absent,BKK39X3T178,Persistent Missing,Missing in both weeks
BKK39056GO0,Fiberhome,AN6000-2,GPOA,PON 1/3,down,2.4,absent,BKK39X3PHW3,Persistent Missing,Missing in both weeks
BKK41001G00,ZTE,C300,GTGHG,gpon_1/15/5,down,2.4,absent,BKK41X1MWRJ,Persistent Missing,Missing in both weeks
BKK41002G00,ZTE,C300,GTGHG,gpon_1/13/5,down,2.4,absent,BKK36X1LAQE,Persistent Missing,Missing in both weeks
BKK41002G00,ZTE,C300,GTGHG,gpon_1/13/6,down,2.4,absent,BKK36X1LAQF,Persistent Missing,Missing in both weeks
BKK41002G00,ZTE,C300,GTGHG,gpon_1/16/5,down,2.4,absent,BKK05X1WRZ7,Persistent Missing,Missing in both weeks
BKK41002G00,ZTE,C300,GTGHG,gpon_1/16/7,down,2.4,absent,BKK05X1WS0T,Persistent Missing,Missing in both weeks
BKK41002G00,ZTE,C300,GTGHG,gpon_1/16/8,down,2.4,absent,BKK05X1WS0W,Persistent Missing,Missing in both weeks
BKK41002G00,ZTE,C300,GTGHG,gpon_1/3/11,down,2.4,absent,BKK05X1HPLA,Persistent Missing,Missing in both weeks
BKK41002G01,ZTE,C300,GTGHK,gpon_1/2/2,down,2.4,absent,BKK41X25ESP,Persistent Missing,Missing in both weeks
BKK41002G01,ZTE,C300,GTGHK,gpon_1/2/8,down,2.4,absent,BKK41X25HV6,Persistent Missing,Missing in both weeks
BKK42001G02,ZTE,C300,GTGHK,gpon_1/13/1,down,2.4,absent,BKK42X3SBW3,Persistent Missing,Missing in both weeks
BKK42001G02,ZTE,C300,GTGHG,gpon_1/9/4,down,2.4,absent,BKK42X37T34,Persistent Missing,Missing in both weeks
BKK43022GO0,Fiberhome,AN6000-2,GPOA,PON 1/2,up,2.4,nan,BKK43X3740V,Persistent Missing,Missing in both weeks
BKK44006GO0,Fiberhome,AN6000-2,GFOA,PON 1/15,down,2.4,absent,BKK44X2R1U8,Persistent Missing,Missing in both weeks
BKK46002G01,ZTE,C300,GTGHK,gpon_1/18/5,down,2.4,absent,BKK46X3SYXG,Persistent Missing,Missing in both weeks
BLMCBI01GW0,Huawei,MA5603T,H805GPBD,GPON 0/0/2,notPresent,2.4,absent,BLMCBI-01/G003-O,Persistent Missing,Missing in both weeks
CAMPBI1CVW0,Huawei,MA5603T,H805GPBD,GPON 0/5/2,down,2.4,absent,CAMPBI-01/G003-O,Persistent Missing,Missing in both weeks
CBR01007G01,Huawei,MA5608T,H805GPFD,GPON 0/1/11,notPresent,2.4,absent,CBR01XMH01A,Persistent Missing,Missing in both weeks
CBR01019GO0,Huawei,MA5608T,H805GPFD,GPON 0/1/2,notPresent,2.4,absent,CBR01X3QPTL,Persistent Missing,Missing in both weeks
CBR01058GO0,Fiberhome,AN5516-04,GC8B,PON 2/8,up,2.4,nan,CBR01XAFD10,Persistent Missing,Missing in both weeks
CBR04005GO0,Huawei,MA5608T,H805GPFD,GPON 0/0/2,notPresent,2.4,absent,CBR04X0000B,Persistent Missing,Missing in both weeks
CBR04005GO0,Huawei,MA5608T,H805GPFD,GPON 0/0/5,notPresent,2.4,absent,CBR04X0000Q,Persistent Missing,Missing in both weeks
CBR04005GO0,Huawei,MA5608T,H805GPFD,GPON 0/0/6,notPresent,2.4,absent,CBR04X0000V,Persistent Missing,Missing in both weeks
CBR04005GO0,Huawei,MA5608T,H805GPFD,GPON 0/0/7,notPresent,2.4,absent,CBR04X00010,Persistent Missing,Missing in both weeks
CBR04017G00,Huawei,MA5800-X17,H901GPHF,GPON 0/1/10,notPresent,2.4,absent,CBR04X2LYJD,Persistent Missing,Missing in both weeks
CBR04017G00,Huawei,MA5800-X17,H901GPHF,GPON 0/1/11,notPresent,2.4,absent,CBR04X2LYWW,Persistent Missing,Missing in both weeks
CBR04017G00,Huawei,MA5800-X17,H901GPHF,GPON 0/1/12,notPresent,2.4,absent,CBR04X2LX31,Persistent Missing,Missing in both weeks
CBR04017G00,Huawei,MA5800-X17,H901GPHF,GPON 0/1/13,notPresent,2.4,absent,CBR04X2M0RM,Persistent Missing,Missing in both weeks
CBR04017G00,Huawei,MA5800-X17,H901GPHF,GPON 0/1/14,notPresent,2.4,absent,CBR04X2LYKY,Persistent Missing,Missing in both weeks
CBR04017G00,Huawei,MA5800-X17,H901GPHF,GPON 0/1/15,notPresent,2.4,absent,CBR04X2LYT4,Persistent Missing,Missing in both weeks
CBR04017G00,Huawei,MA5800-X17,H901GPHF,GPON 0/1/7,notPresent,2.4,absent,CBR04X2M0ZR,Persistent Missing,Missing in both weeks
CBR04017G00,Huawei,MA5800-X17,H901GPHF,GPON 0/1/8,notPresent,2.4,absent,CBR04X2LYG1,Persistent Missing,Missing in both weeks
CBR04017G00,Huawei,MA5800-X17,H901GPHF,GPON 0/1/9,notPresent,2.4,absent,CBR04X2M114,Persistent Missing,Missing in both weeks
CBR04017G00,Huawei,MA5800-X17,H901GPHF,GPON 0/2/10,notPresent,2.4,absent,CBR04X2LX03,Persistent Missing,Missing in both weeks
CBR04017G00,Huawei,MA5800-X17,H901GPHF,GPON 0/2/11,notPresent,2.4,absent,CBR04X2LXA1,Persistent Missing,Missing in both weeks
CBR04017G00,Huawei,MA5800-X17,H901GPHF,GPON 0/2/12,notPresent,2.4,absent,CBR04X2LVPE,Persistent Missing,Missing in both weeks
CBR04017G00,Huawei,MA5800-X17,H901GPHF,GPON 0/2/13,notPresent,2.4,absent,CBR04X2LVMA,Persistent Missing,Missing in both weeks
CBR04017G00,Huawei,MA5800-X17,H901GPHF,GPON 0/2/14,notPresent,2.4,absent,CBR04X2LXFC,Persistent Missing,Missing in both weeks
CBR04017G00,Huawei,MA5800-X17,H901GPHF,GPON 0/2/15,notPresent,2.4,absent,CBR04X2LXQW,Persistent Missing,Missing in both weeks
CBR04017G00,Huawei,MA5800-X17,H901GPHF,GPON 0/2/9,notPresent,2.4,absent,CBR04X2M11U,Persistent Missing,Missing in both weeks
CBR04017G00,Huawei,MA5800-X17,H901GPHF,GPON 0/3/1,notPresent,2.4,absent,CBR04X2M14P,Persistent Missing,Missing in both weeks
CBR04017G00,Huawei,MA5800-X17,H901GPHF,GPON 0/3/10,notPresent,2.4,absent,CBR04X2LV65,Persistent Missing,Missing in both weeks
CBR04017G00,Huawei,MA5800-X17,H901GPHF,GPON 0/3/13,notPresent,2.4,absent,CBR04X2LXPV,Persistent Missing,Missing in both weeks
CBR04017G00,Huawei,MA5800-X17,H901GPHF,GPON 0/3/14,notPresent,2.4,absent,CBR04X2LV44,Persistent Missing,Missing in both weeks
CBR04017G00,Huawei,MA5800-X17,H901GPHF,GPON 0/3/15,notPresent,2.4,absent,CBR04X2LV16,Persistent Missing,Missing in both weeks
CBR04017G00,Huawei,MA5800-X17,H901GPHF,GPON 0/3/3,notPresent,2.4,absent,CBR04X2M154,Persistent Missing,Missing in both weeks
CBR04017G00,Huawei,MA5800-X17,H901GPHF,GPON 0/3/8,notPresent,2.4,absent,CBR04X2LYTI,Persistent Missing,Missing in both weeks
CBR04017G00,Huawei,MA5800-X17,H901GPHF,GPON 0/3/9,notPresent,2.4,absent,CBR04X2LVKY,Persistent Missing,Missing in both weeks
CBR04018G00,Huawei,MA5800-X17,H901GPHF,GPON 0/3/10,notPresent,2.4,absent,CBR04X2LS6I,Persistent Missing,Missing in both weeks
CBR04018G00,Huawei,MA5800-X17,H901GPHF,GPON 0/3/11,notPresent,2.4,absent,CBR04X2LSAL,Persistent Missing,Missing in both weeks
CBR04018G00,Huawei,MA5800-X17,H901GPHF,GPON 0/3/12,notPresent,2.4,absent,CBR04X2LSD4,Persistent Missing,Missing in both weeks
CBR04018G00,Huawei,MA5800-X17,H901GPHF,GPON 0/3/13,notPresent,2.4,absent,CBR04X2LSFZ,Persistent Missing,Missing in both weeks
CBR04018G00,Huawei,MA5800-X17,H901GPHF,GPON 0/3/14,notPresent,2.4,absent,CBR04X2LSHN,Persistent Missing,Missing in both weeks
CBR04018G00,Huawei,MA5800-X17,H901GPHF,GPON 0/3/15,notPresent,2.4,absent,CBR04X2LSMI,Persistent Missing,Missing in both weeks
CBR04018G00,Huawei,MA5800-X17,H901GPHF,GPON 0/3/8,notPresent,2.4,absent,CBR04X2LQWL,Persistent Missing,Missing in both weeks
CBR04018G00,Huawei,MA5800-X17,H901GPHF,GPON 0/3/9,notPresent,2.4,absent,CBR04X2LR1F,Persistent Missing,Missing in both weeks
CBR04018G00,Huawei,MA5800-X17,H901GPHF,GPON 0/4/0,notPresent,2.4,absent,CBR04X2LSR3,Persistent Missing,Missing in both weeks
CBR04037GO0,Huawei,MA5801-FL16,XGS-PON (Built-in),GPON 0/1/12,notPresent,2.4,absent,CBR04X3TCPA,Persistent Missing,Missing in both weeks
CBR04065GO0,Fiberhome,AN5516-04,GC8B,PON 2/4,up,2.4,nan,CBR04XHK0H9,Persistent Missing,Missing in both weeks
CBR04081GO2,Huawei,MA5800-X2,H903GPHF,GPON 0/2/14,notPresent,2.4,absent,CBR04X3VBF7,Persistent Missing,Missing in both weeks
CBR04088GO0,Huawei,MA5800-X2,H901GPHF,GPON 0/2/1,notPresent,2.4,absent,CBR04XMF0AB,Persistent Missing,Missing in both weeks
CBR07007G00,Huawei,MA5800-X17,H901GPHF,GPON 0/1/10,notPresent,2.4,absent,CBR07X2MRL3,Persistent Missing,Missing in both weeks
CBR07007G00,Huawei,MA5800-X17,H901GPHF,GPON 0/1/11,notPresent,2.4,absent,CBR07X2MUUQ,Persistent Missing,Missing in both weeks
CBR07007G00,Huawei,MA5800-X17,H901GPHF,GPON 0/1/12,notPresent,2.4,absent,CBR07X2MV7A,Persistent Missing,Missing in both weeks
CBR07007G00,Huawei,MA5800-X17,H901GPHF,GPON 0/1/13,notPresent,2.4,absent,CBR07X2MV8D,Persistent Missing,Missing in both weeks
CBR07007G00,Huawei,MA5800-X17,H901GPHF,GPON 0/1/14,notPresent,2.4,absent,CBR07X2MV9S,Persistent Missing,Missing in both weeks
CBR07007G00,Huawei,MA5800-X17,H901GPHF,GPON 0/1/15,notPresent,2.4,absent,CBR07X2MU2P,Persistent Missing,Missing in both weeks
CBR07007G00,Huawei,MA5800-X17,H901GPHF,GPON 0/1/7,notPresent,2.4,absent,CBR07X2MVAQ,Persistent Missing,Missing in both weeks
CBR07007G00,Huawei,MA5800-X17,H901GPHF,GPON 0/1/8,notPresent,2.4,absent,CBR07X2MVBW,Persistent Missing,Missing in both weeks
CBR07007G00,Huawei,MA5800-X17,H901GPHF,GPON 0/1/9,notPresent,2.4,absent,CBR07X2MVE8,Persistent Missing,Missing in both weeks
CBR07007G00,Huawei,MA5800-X17,H901GPHF,GPON 0/2/10,notPresent,2.4,absent,CBR07X2MTW1,Persistent Missing,Missing in both weeks
CBR07007G00,Huawei,MA5800-X17,H901GPHF,GPON 0/2/11,notPresent,2.4,absent,CBR07X2MTCC,Persistent Missing,Missing in both weeks
CBR07007G00,Huawei,MA5800-X17,H901GPHF,GPON 0/2/12,notPresent,2.4,absent,CBR07X2MS2Z,Persistent Missing,Missing in both weeks
CBR07007G00,Huawei,MA5800-X17,H901GPHF,GPON 0/2/13,notPresent,2.4,absent,CBR07X2MXZL,Persistent Missing,Missing in both weeks
CBR07007G00,Huawei,MA5800-X17,H901GPHF,GPON 0/2/14,notPresent,2.4,absent,CBR07X2MY1H,Persistent Missing,Missing in both weeks
CBR07007G00,Huawei,MA5800-X17,H901GPHF,GPON 0/2/15,notPresent,2.4,absent,CBR07X2MY26,Persistent Missing,Missing in both weeks
CBR07007G00,Huawei,MA5800-X17,H901GPHF,GPON 0/2/8,notPresent,2.4,absent,CBR07X2MY5K,Persistent Missing,Missing in both weeks
CBR07007G00,Huawei,MA5800-X17,H901GPHF,GPON 0/2/9,notPresent,2.4,absent,CBR07X2MS83,Persistent Missing,Missing in both weeks
CBR07007G00,Huawei,MA5800-X17,H901GPHF,GPON 0/3/0,notPresent,2.4,absent,CBR07X2MTYN,Persistent Missing,Missing in both weeks
CBR07007G00,Huawei,MA5800-X17,H901GPHF,GPON 0/3/1,notPresent,2.4,absent,CBR07X2MY7K,Persistent Missing,Missing in both weeks
CBR07007G00,Huawei,MA5800-X17,H901GPHF,GPON 0/3/10,notPresent,2.4,absent,CBR07X2MU0A,Persistent Missing,Missing in both weeks
CBR07007G00,Huawei,MA5800-X17,H901GPHF,GPON 0/3/11,notPresent,2.4,absent,CBR07X2MU14,Persistent Missing,Missing in both weeks
CBR07007G00,Huawei,MA5800-X17,H901GPHF,GPON 0/3/12,notPresent,2.4,absent,CBR07X2MS6Z,Persistent Missing,Missing in both weeks
CBR07007G00,Huawei,MA5800-X17,H901GPHF,GPON 0/3/13,notPresent,2.4,absent,CBR07X2MTZF,Persistent Missing,Missing in both weeks
CBR07007G00,Huawei,MA5800-X17,H901GPHF,GPON 0/3/14,notPresent,2.4,absent,CBR07X2MYIP,Persistent Missing,Missing in both weeks
CBR07007G00,Huawei,MA5800-X17,H901GPHF,GPON 0/3/15,notPresent,2.4,absent,CBR07X2MS6F,Persistent Missing,Missing in both weeks
CBR07007G00,Huawei,MA5800-X17,H901GPHF,GPON 0/3/8,notPresent,2.4,absent,CBR07X2MRLE,Persistent Missing,Missing in both weeks
CBR07007G00,Huawei,MA5800-X17,H901GPHF,GPON 0/3/9,notPresent,2.4,absent,CBR07X2MRLV,Persistent Missing,Missing in both weeks
CBR07031GO0,Fiberhome,AN6000-2,GPOA,PON 1/6,up,2.4,nan,CBR04XAWDCL,New Missing,Newly detected missing this week
CBR07041G00,Fiberhome,AN6001-GF16,XGS-PON (Built-in),PON 1/3,up,2.4,nan,CBR04XMH001,Persistent Missing,Missing in both weeks
CBR07041G00,Fiberhome,AN6001-GF16,XGS-PON (Built-in),PON 1/8,up,2.4,nan,CBR04XEK04A,Persistent Missing,Missing in both weeks
CBR07075GO0,Fiberhome,AN5516-04,GC8B,PON 1/5,up,2.4,absent,CBR07XMT12S,Persistent Missing,Missing in both weeks
CBR09001G00,Huawei,MA5800-X17,H901GPHF,GPON 0/3/4,notPresent,2.4,absent,CBR09X0009F,Persistent Missing,Missing in both weeks
CBR09039GO0,Fiberhome,AN5516-04,GC8B,PON 2/8,up,2.4,nan,CBR09XHS099,Persistent Missing,Missing in both weeks
CBR11006G00,Huawei,MA5801-FL16,XGS-PON (Built-in),GPON 0/1/4,notPresent,2.4,absent,CBR11XSI007,Persistent Missing,Missing in both weeks
CCS01004GO0,Huawei,MA5608T,H805GPFD,GPON 0/1/15,notPresent,2.4,absent,CCS01XSI026,Persistent Missing,Missing in both weeks
CCS01037GO0,Fiberhome,AN6001-GF16,XGS-PON (Built-in),PON 1/2,up,10,absent,CCS01X3TEHJ,Persistent Missing,Missing in both weeks
CCS01038G00,Fiberhome,AN6001-GF16,XGS-PON (Built-in),PON 1/3,down,10,absent,CCS01XOW10Q,Persistent Missing,Missing in both weeks
CCS06022G00,Fiberhome,AN6001-GF16,XGS-PON (Built-in),PON 1/3,down,10,absent,CCS06XSF01T,Persistent Missing,Missing in both weeks
CCS09002GO1,Huawei,MA5800-X2,H903GPHF,GPON 0/2/0,notPresent,2.4,absent,CCS09XMW100,Persistent Missing,Missing in both weeks
CMI01039GO0,Fiberhome,AN6000-2,GFOA,PON 1/8,down,2.4,absent,CMI01X3IR2X,Persistent Missing,Missing in both weeks
CMI02007G00,Fiberhome,AN6001-GF16,XGS-PON (Built-in),PON 1/5,down,10,absent,CMI02X2YODI,Persistent Missing,Missing in both weeks
CMI03003G00,Fiberhome,AN6001-GF16,XGS-PON (Built-in),PON 1/2,down,2.4,absent,CMI03X243CN,Persistent Missing,Missing in both weeks
CMI22013G00,Fiberhome,AN6001-GF16,XGS-PON (Built-in),PON 1/2,down,10,absent,CMI22X2YATI,Persistent Missing,Missing in both weeks
CNT01024GO0,Fiberhome,AN5516-04,GC8B,PON 1/6,down,2.4,absent,CNT04X2ZH0X,Persistent Missing,Missing in both weeks
CRI01048GO0,Fiberhome,AN6001-GF16,XGS-PON (Built-in),PON 1/1,up,2.4,nan,CRI01X2BZY9,Persistent Missing,Missing in both weeks
CRI01048GO0,Fiberhome,AN6001-GF16,XGS-PON (Built-in),PON 1/10,up,2.4,nan,CRI01X3UTD3,Persistent Missing,Missing in both weeks
CRI01048GO0,Fiberhome,AN6001-GF16,XGS-PON (Built-in),PON 1/11,up,2.4,nan,CRI01X3QVRP,Persistent Missing,Missing in both weeks
CRI01048GO0,Fiberhome,AN6001-GF16,XGS-PON (Built-in),PON 1/12,up,2.4,nan,CRI01X34450,Persistent Missing,Missing in both weeks
CRI01048GO0,Fiberhome,AN6001-GF16,XGS-PON (Built-in),PON 1/13,up,2.4,nan,CRI01X3NZLU,Persistent Missing,Missing in both weeks
CRI01048GO0,Fiberhome,AN6001-GF16,XGS-PON (Built-in),PON 1/2,up,2.4,nan,CRI01X2BZYF,Persistent Missing,Missing in both weeks
CRI01048GO0,Fiberhome,AN6001-GF16,XGS-PON (Built-in),PON 1/3,up,2.4,nan,CRI01X2PQO7,Persistent Missing,Missing in both weeks
CRI01048GO0,Fiberhome,AN6001-GF16,XGS-PON (Built-in),PON 1/4,up,2.4,nan,CRI01X2XCNX,Persistent Missing,Missing in both weeks
CRI01048GO0,Fiberhome,AN6001-GF16,XGS-PON (Built-in),PON 1/5,up,2.4,nan,CRI01X348Y4,Persistent Missing,Missing in both weeks
CRI01048GO0,Fiberhome,AN6001-GF16,XGS-PON (Built-in),PON 1/6,up,2.4,nan,CRI01X32TRJ,Persistent Missing,Missing in both weeks
CRI01048GO0,Fiberhome,AN6001-GF16,XGS-PON (Built-in),PON 1/7,up,2.4,nan,CRI01X376TW,Persistent Missing,Missing in both weeks
CRI01048GO0,Fiberhome,AN6001-GF16,XGS-PON (Built-in),PON 1/8,up,2.4,nan,CRI01X39T17,Persistent Missing,Missing in both weeks
CRI01048GO0,Fiberhome,AN6001-GF16,XGS-PON (Built-in),PON 1/9,up,2.4,nan,CRI01X3TTC4,Persistent Missing,Missing in both weeks
CTB01003G00,Fiberhome,AN6001-GF16,XGS-PON (Built-in),PON 1/4,up,2.4,nan,CTB01XAWS4A,Persistent Missing,Missing in both weeks
CYP01001GO0,Huawei,MA5608T,H805GPFD,GPON 0/0/14,notPresent,2.4,absent,CYP01X0001X,Persistent Missing,Missing in both weeks
KBI08011GO0,Fiberhome,AN6000-2,GPOA,PON 1/3,up,2.4,nan,KBI08X33A7O,Persistent Missing,Missing in both weeks
KPP04019GO0,Fiberhome,AN6000-2,GPOA,PON 1/5,up,2.4,nan,KPP04X39THU,Persistent Missing,Missing in both weeks
KTUPKT02GP0,Huawei,MA5603T,H805GPBD,GPON 0/0/0,notPresent,2.4,absent,KTUPKT-02/G001-I,Persistent Missing,Missing in both weeks
LBR01056GO0,Fiberhome,AN5516-04,GC8B,PON 1/1,up,2.4,nan,LBR01X2YJ6G,Persistent Missing,Missing in both weeks
LBR06001G00,Huawei,MA5800-X17,H901GPHF,GPON 0/6/9,notPresent,2.4,absent,LBR06X000C7,Persistent Missing,Missing in both weeks
LOI02001GO0,Huawei,MA5608T,H806GPFD,GPON 0/0/15,notPresent,2.4,absent,LOI02X0001Z,Persistent Missing,Missing in both weeks
LPN06006GO0,Huawei,MA5608T,H805GPFD,GPON 0/1/11,notPresent,2.4,absent,LPN06X3KIFX,Persistent Missing,Missing in both weeks
LPN06006GO0,Huawei,MA5608T,H805GPFD,GPON 0/1/8,notPresent,2.4,absent,LPN06X3KB0W,Persistent Missing,Missing in both weeks
MHR01019GO0,Fiberhome,AN5516-04,GC8B,PON 1/5,up,2.4,nan,MHR01X391SO,Persistent Missing,Missing in both weeks
MHR01019GO0,Fiberhome,AN5516-04,GC8B,PON 2/6,up,2.4,nan,MHR01X3G7IT,Persistent Missing,Missing in both weeks
MHR01020GO0,Fiberhome,AN5516-04,GC8B,PON 1/7,up,2.4,nan,MHR01X30NGQ,Persistent Missing,Missing in both weeks
MHR01020GO0,Fiberhome,AN5516-04,GC8B,PON 2/2,up,2.4,nan,MHR01X34EVV,Persistent Missing,Missing in both weeks
MHR01022GO0,Fiberhome,AN5516-04,GC8B,PON 2/8,up,2.4,nan,MHR01X3HWHR,Persistent Missing,Missing in both weeks
MHR01027GO0,Fiberhome,AN6000-2,GPOA,PON 1/2,up,2.4,nan,MHR01X3DLFR,Persistent Missing,Missing in both weeks
MHR01027GO0,Fiberhome,AN6000-2,GPOA,PON 1/4,up,2.4,nan,MHR01X3E8R6,Persistent Missing,Missing in both weeks
MHR01028GO0,Fiberhome,AN6000-2,GPOA,PON 1/11,up,2.4,nan,MHR01X3FVZR,Persistent Missing,Missing in both weeks
MHR01028GO0,Fiberhome,AN6000-2,GPOA,PON 1/16,up,2.4,nan,MHR01X3HWI9,Persistent Missing,Missing in both weeks
MHR01028GO0,Fiberhome,AN6000-2,GPOA,PON 1/3,up,2.4,nan,MHR01X391NV,Persistent Missing,Missing in both weeks
MHR03021GO0,Fiberhome,AN6000-2,GPOA,PON 1/2,up,2.4,nan,MHR03X395AR,Persistent Missing,Missing in both weeks
MHR04013GO0,Fiberhome,AN5516-04,GC8B,PON 2/6,up,2.4,nan,MHR04X39UEL,Persistent Missing,Missing in both weeks
MHR04016GO0,Fiberhome,AN6000-2,GPOA,PON 1/1,up,2.4,nan,MHR04X3FO0S,Persistent Missing,Missing in both weeks
MHR04016GO0,Fiberhome,AN6000-2,GPOA,PON 1/2,up,2.4,nan,MHR04X3JENA,Persistent Missing,Missing in both weeks
NAN01013GO0,Fiberhome,AN5516-04,GC8B,PON 2/7,up,2.4,nan,NAN01X39LTV,Persistent Missing,Missing in both weeks
NKR01009G00,ZTE,C300,GTGHG,gpon_1/7/11,down,2.4,absent,NKR01X3PI3D,Persistent Missing,Missing in both weeks
NKR01009G00,ZTE,C300,GTGHG,gpon_1/7/16,down,2.4,absent,NKR01X00279,Persistent Missing,Missing in both weeks
NKR01019GO0,ZTE,C320,GTGHG,gpon_1/1/5,down,2.4,absent,NKR01X0034T,Persistent Missing,Missing in both weeks
NKR01023G00,ZTE,C300,GTGHG,gpon_1/12/13,down,2.4,absent,NKR01X3PJCE,Persistent Missing,Missing in both weeks
NKR01079GO0,Fiberhome,AN5516-04,GC8B,PON 1/6,up,2.4,nan,NKR01X32LRY,Persistent Missing,Missing in both weeks
NKR01079GO0,Fiberhome,AN5516-04,GC8B,PON 1/8,up,2.4,nan,NKR01X32LS0,Persistent Missing,Missing in both weeks
NKR01084GO0,Fiberhome,AN5516-04,GOOB,PON 2/9,up,2.4,nan,NKR01XFBLAG,Persistent Missing,Missing in both weeks
NKR01085GO0,Fiberhome,AN6000-2,GPOA,PON 2/2,down,2.4,absent,NKR01X0MH2A,Persistent Missing,Missing in both weeks
NKR01090GO0,Fiberhome,AN5516-04,GOOB,PON 1/11,up,2.4,nan,NKR01X007HH,Persistent Missing,Missing in both weeks
NKR01090GO0,Fiberhome,AN5516-04,GOOB,PON 1/12,up,2.4,nan,NKR01X007HL,Persistent Missing,Missing in both weeks
NKR01090GO0,Fiberhome,AN5516-04,GOOB,PON 1/6,down,2.4,nan,NKR01X0078K,Persistent Missing,Missing in both weeks
NKR01094GO0,Fiberhome,AN6000-2,GPOA,PON 1/2,up,2.4,nan,NKR01X007F3,Persistent Missing,Missing in both weeks
NKR01102GO0,Fiberhome,AN5516-04,GC8B,PON 1/2,up,2.4,nan,NKR01X31ILC,Persistent Missing,Missing in both weeks
NKR09010GO0,ZTE,C320,GTGOG,gpon_1/2/2,down,2.4,absent,NKR09X3DC62,Persistent Missing,Missing in both weeks
NKS13007G00,ZTE,C610,XGS-PON (Built-in),gpon_olt-1/3/8,down,2.4,absent,NKS13X3E2J8,Persistent Missing,Missing in both weeks
NKT01088GO0,Fiberhome,AN5516-04,GOOB,PON 2/15,up,2.4,nan,NKT01X3TLBT,Persistent Missing,Missing in both weeks
NKT05022GO0,ZTE,C320,GTGOG,gpon_1/1/1,up,2.4,absent,NKT04X2AMFF,Persistent Missing,Missing in both weeks
NKT05022GO0,ZTE,C320,GTGOG,gpon_1/1/2,up,2.4,absent,NKT04X2AMIT,Persistent Missing,Missing in both weeks
NKT05022GO0,ZTE,C320,GTGOG,gpon_1/1/3,up,2.4,absent,NKT04X3ROW8,Persistent Missing,Missing in both weeks
NKT05022GO0,ZTE,C320,GTGOG,gpon_1/1/4,up,2.4,absent,NKT04X3ROW7,Persistent Missing,Missing in both weeks
NKT06013GO0,ZTE,C320,GTGOG,gpon_1/1/7,down,2.4,absent,NKT06X35H9C,Persistent Missing,Missing in both weeks
NKW01049GO0,Fiberhome,AN5516-04,GC8B,PON 2/4,up,2.4,absent,NKW01X33G3G,Persistent Missing,Missing in both weeks
NKW01049GO0,Fiberhome,AN5516-04,GC8B,PON 2/5,up,2.4,absent,NKW01X3DWY1,Persistent Missing,Missing in both weeks
NKW01055GO0,Fiberhome,AN5516-04,GC8B,PON 1/6,up,2.4,nan,NKW01X2Y1TE,Persistent Missing,Missing in both weeks
NTB01025GO0,Fiberhome,AN5516-04,GC8B,PON 2/7,up,2.4,nan,NTB01X3DXR9,Persistent Missing,Missing in both weeks
NTB04006G01,ZTE,C300,GTGHG,gpon_1/8/14,up,2.4,absent,NTB03X1RF2C,New Missing,Newly detected missing this week
NTB06001G00,ZTE,C300,GTGHG,gpon_1/14/6,down,2.4,absent,NTB06X2DJV8,Persistent Missing,Missing in both weeks
PBR01039GO0,ZTE,C620,GFGL,gpon_olt-1/1/10,down,2.4,absent,PBR01X3TPC6,Persistent Missing,Missing in both weeks
PBR01039GO0,ZTE,C620,GFGL,gpon_olt-1/1/9,down,2.4,absent,PBR01X3TPC5,Persistent Missing,Missing in both weeks
PCB03016GO0,Huawei,MA5801-FL16,XGS-PON (Built-in),GPON 0/1/5,notPresent,2.4,absent,PCB03X2ZNFM,Persistent Missing,Missing in both weeks
PCB07009GO0,Huawei,MA5801-FL16,XGS-PON (Built-in),GPON 0/1/5,notPresent,2.4,absent,PCB07X3GD8F,Persistent Missing,Missing in both weeks
PCR01012GO0,Fiberhome,AN5516-04,GC8B,PON 1/4,up,2.4,nan,PCR01XMC100,Persistent Missing,Missing in both weeks
PCR01013GO0,Fiberhome,AN5516-04,GC8B,PON 1/3,up,2.4,nan,PCR01XMM00R,Persistent Missing,Missing in both weeks
PCR01013GO0,Fiberhome,AN5516-04,GC8B,PON 1/8,up,2.4,nan,PCR01XHTK1L,Persistent Missing,Missing in both weeks
PCR08001G00,Huawei,MA5608T,H805GPFD,GPON 0/1/10,notPresent,2.4,absent,PCR08X0001Q,Persistent Missing,Missing in both weeks
PCR08001G00,Huawei,MA5608T,H805GPFD,GPON 0/1/12,notPresent,2.4,absent,PCR08X0001L,Persistent Missing,Missing in both weeks
PCT04001G00,Huawei,MA5800-X2,H901GPHF,GPON 0/2/7,notPresent,2.4,absent,PCT04X3SGHK,Persistent Missing,Missing in both weeks
PHE06002GO0,Huawei,MA5801-FL16,XGS-PON (Built-in),GPON 0/1/4,notPresent,2.4,absent,PHE06X21D60,New Missing,Newly detected missing this week
PHE06002GO0,Huawei,MA5801-FL16,XGS-PON (Built-in),GPON 0/1/7,notPresent,2.4,absent,PHE06X3C486,New Missing,Newly detected missing this week
PKT01066GO0,Fiberhome,AN6000-2,GPOA,PON 1/10,up,2.4,nan,PKT01X3V6T1,Persistent Missing,Missing in both weeks
PTT01041GO0,ZTE,C620,HFTL,gpon_olt-1/1/11,down,10,absent,PTT01X1ZFFB,Persistent Missing,Missing in both weeks
PTT03010GO0,Fiberhome,AN5516-04,GC8B,PON 2/6,up,2.4,nan,PTT03X2KX17,Persistent Missing,Missing in both weeks
PTT05012GO0,Fiberhome,AN6000-2,GFOA,PON 1/14,up,2.4,nan,PTT05X30K9S,Persistent Missing,Missing in both weeks
PTT05012GO0,Fiberhome,AN6000-2,GFOA,PON 1/15,up,2.4,nan,PTT05X30Q3B,Persistent Missing,Missing in both weeks
PTT05015GO0,Fiberhome,AN6000-2,GFOA,PON 2/13,up,2.4,nan,PTT05X3DT3W,Persistent Missing,Missing in both weeks
PTT06002G00,ZTE,C300,GTGHG,gpon_1/14/11,down,2.4,absent,PTT06X17P3T,Persistent Missing,Missing in both weeks
PTT06AGNG00,ZTE,C300,GTGHG,gpon_1/19/16,down,2.4,absent,PTT06X3CMOK,Persistent Missing,Missing in both weeks
RCB01051GO0,Fiberhome,AN6000-2,GPOA,PON 1/15,up,2.4,nan,RCB01X39CQF,Persistent Missing,Missing in both weeks
RCB01052GO0,Fiberhome,AN6000-2,GPOA,PON 1/6,up,2.4,nan,RCB01X3E2DK,Persistent Missing,Missing in both weeks
RCB04002GO0,ZTE,C320,GTGHG,gpon_1/1/15,down,2.4,absent,RCB06X0000C,Persistent Missing,Missing in both weeks
RYG01053GO0,Fiberhome,AN5516-04,GC8B,PON 2/8,up,2.4,nan,RYG01XHS028,Persistent Missing,Missing in both weeks
RYG01066GO0,Fiberhome,AN6000-2,GPOA,PON 2/10,down,2.4,absent,RYG01X3QXBT,Persistent Missing,Missing in both weeks
RYG02021GO0,Fiberhome,AN5516-04,GC8B,PON 2/8,up,2.4,nan,RYG02XEK04Y,Persistent Missing,Missing in both weeks
RYG03018G00,Huawei,MA5801-FL16,XGS-PON (Built-in),GPON 0/1/5,notPresent,2.4,absent,RYG03X3SPN8,Persistent Missing,Missing in both weeks
RYG03023G00,Huawei,MA5801-FL16,XGS-PON (Built-in),GPON 0/1/2,notPresent,2.4,absent,RYG03XSW01A,Persistent Missing,Missing in both weeks
RYG05007G00,Huawei,MA5801-FL16,XGS-PON (Built-in),GPON 0/1/7,notPresent,2.4,absent,RYG05X3TKOZ,Persistent Missing,Missing in both weeks
RYG05015G00,Huawei,MA5801-FL16,XGS-PON (Built-in),GPON 0/1/3,notPresent,2.4,absent,RYG05X3VKTX,Persistent Missing,Missing in both weeks
RYG06001G00,Huawei,MA5800-X17,H901GPHF,GPON 0/5/7,notPresent,2.4,absent,RYG06XEK06D,Persistent Missing,Missing in both weeks
RYG06017GO0,Fiberhome,AN6000-2,GPOA,PON 1/1,down,2.4,absent,RYG06X3PUE1,Persistent Missing,Missing in both weeks
RYG06017GO0,Fiberhome,AN6000-2,GPOA,PON 1/2,down,2.4,absent,RYG06X3PUE3,Persistent Missing,Missing in both weeks
RYG07001GO0,Huawei,MA5608T,H807GPBH,GPON 0/0/3,notPresent,2.4,absent,RYG07XSF00A,Persistent Missing,Missing in both weeks
SKO01015GO0,Fiberhome,AN5516-04,GOOB,PON 1/11,up,2.4,nan,SKO01XOQW01,Persistent Missing,Missing in both weeks
SKO01015GO0,Fiberhome,AN5516-04,GOOB,PON 2/6,up,2.4,nan,SKO01XAWPH1,Persistent Missing,Missing in both weeks
SKO03015GO0,Fiberhome,AN6000-2,GPOA,PON 1/3,up,2.4,nan,SKO03XAWS1M,Persistent Missing,Missing in both weeks
SMP01069GO0,Fiberhome,AN6000-2,GPOA,PON 2/10,up,2.4,nan,SMP01X3FXSW,Persistent Missing,Missing in both weeks
SMP01069GO0,Fiberhome,AN6000-2,GPOA,PON 2/11,down,2.4,nan,SMP01X3FXT9,Persistent Missing,Missing in both weeks
SMP01069GO0,Fiberhome,AN6000-2,GPOA,PON 2/12,up,2.4,nan,SMP01X3FXTI,Persistent Missing,Missing in both weeks
SMP01069GO0,Fiberhome,AN6000-2,GPOA,PON 2/7,up,2.4,nan,SMP01X3FXS5,Persistent Missing,Missing in both weeks
SMP01069GO0,Fiberhome,AN6000-2,GPOA,PON 2/8,up,2.4,nan,SMP01X3FXSE,Persistent Missing,Missing in both weeks
SMP01069GO0,Fiberhome,AN6000-2,GPOA,PON 2/9,up,2.4,nan,SMP01X3FXSN,Persistent Missing,Missing in both weeks
SMP02005GO0,Huawei,MA5608T,H805GPFD,GPON 0/1/11,notPresent,2.4,absent,SMP02X30NMR,Persistent Missing,Missing in both weeks
SMP02010GO0,Fiberhome,AN5516-04,GC8B,PON 1/1,up,2.4,nan,SMP02X2VYUD,Persistent Missing,Missing in both weeks
SMP02011GO0,Fiberhome,AN6000-2,GPOA,PON 1/6,up,2.4,nan,SMP02X36UOU,Persistent Missing,Missing in both weeks
SRACBI1JGW0,Huawei,MA5603T,H805GPBD,GPON 0/4/0,notPresent,2.4,absent,SRACBI-01/G009-O,Persistent Missing,Missing in both weeks
SRACBI1JGW0,Huawei,MA5603T,H805GPBD,GPON 0/5/0,notPresent,2.4,absent,SRACBI-01/G008-O,Persistent Missing,Missing in both weeks
SRACBI1JGW0,Huawei,MA5603T,H805GPBD,GPON 0/5/4,notPresent,2.4,absent,SRACBI-01/G004-O,Persistent Missing,Missing in both weeks
SRACBI1JGW0,Huawei,MA5603T,H805GPBD,GPON 0/5/5,notPresent,2.4,absent,SRACBI-01/G005-O,Persistent Missing,Missing in both weeks
SRACBI1JGW0,Huawei,MA5603T,H805GPBD,GPON 0/5/6,notPresent,2.4,absent,SRACBI-01/G006-O,Persistent Missing,Missing in both weeks
SRACBI1JGW0,Huawei,MA5603T,H805GPBD,GPON 0/5/7,notPresent,2.4,absent,SRACBI-01/G007-O,Persistent Missing,Missing in both weeks
SRT04001G00,ZTE,C300,GTGHG,gpon_1/4/16,down,2.4,absent,SRT04X2NIOW,Persistent Missing,Missing in both weeks
SRT04001G00,ZTE,C300,GTGHG,gpon_1/5/1,down,2.4,absent,SRT04X2NIO4,Persistent Missing,Missing in both weeks
SRT04013GO0,Fiberhome,AN5516-04,GC8B,PON 1/3,up,2.4,nan,SRT04X2QGK7,Persistent Missing,Missing in both weeks
SRT04013GO0,Fiberhome,AN5516-04,GC8B,PON 2/4,up,2.4,nan,SRT04X3QEAS,Persistent Missing,Missing in both weeks
SRT14003GO0,ZTE,C320,GTGOG,gpon_1/2/1,down,2.4,absent,SRT14X238MD,Persistent Missing,Missing in both weeks
SSK01019GO0,Fiberhome,AN5516-04,GC8B,PON 1/1,up,2.4,nan,SSK01X000JI,Persistent Missing,Missing in both weeks
SSK01019GO0,Fiberhome,AN5516-04,GC8B,PON 1/6,up,2.4,nan,SSK01X000KU,Persistent Missing,Missing in both weeks
TRG07006G00,ZTE,C610,XGS-PON (Built-in),gpon_olt-1/3/6,down,2.4,absent,TRG07X39SM8,New Missing,Newly detected missing this week
UBR01037GO0,Fiberhome,AN5516-04,GC8B,PON 1/4,down,2.4,absent,UBR01X3FPU5,Persistent Missing,Missing in both weeks
UBR01038GO0,Fiberhome,AN5516-04,GC8B,PON 1/8,up,2.4,nan,UBR01X001QD,Persistent Missing,Missing in both weeks
UBR01045GO0,Fiberhome,AN6000-2,GPOA,PON 2/11,up,2.4,nan,UBR01X3BVW0,Persistent Missing,Missing in both weeks
UBR15001GO0,Huawei,MA5608T,H805GPFD,GPON 0/1/14,notPresent,2.4,absent,UBR15X0006D,Persistent Missing,Missing in both weeks
YST01024GO0,Fiberhome,AN5516-04,GC8B,PON 1/4,up,2.4,nan,YST01X000MU,Persistent Missing,Missing in both weeks
YST01024GO0,Fiberhome,AN5516-04,GC8B,PON 2/2,up,2.4,nan,YST01X3FQAR,Persistent Missing,Missing in both weeks
ANC01027GO0,ZTE,C320,,gpon_1/1/1,up,2.4,nan,ANC01X00KK1,Recovered / Fixed,SFP inserted or port restored this week
ANC01027GO0,ZTE,C320,,gpon_1/1/2,up,2.4,nan,ANC01X35KMT,Recovered / Fixed,SFP inserted or port restored this week
ANC01027GO0,ZTE,C320,,gpon_1/1/4,up,2.4,nan,ANC01X34R3D,Recovered / Fixed,SFP inserted or port restored this week
ANC01027GO0,ZTE,C320,,gpon_1/1/5,up,2.4,nan,ANC01X34XON,Recovered / Fixed,SFP inserted or port restored this week
ANC01027GO0,ZTE,C320,,gpon_1/1/6,up,2.4,nan,ANC01X39YGR,Recovered / Fixed,SFP inserted or port restored this week
ANC01027GO0,ZTE,C320,,gpon_1/1/7,up,2.4,nan,ANC01X3AXGA,Recovered / Fixed,SFP inserted or port restored this week
ANC01027GO0,ZTE,C320,,gpon_1/1/8,up,2.4,nan,ANC01X3BK17,Recovered / Fixed,SFP inserted or port restored this week
ANC01028GO0,ZTE,C320,,gpon_1/1/1,up,2.4,nan,ANC01X3B5BG,Recovered / Fixed,SFP inserted or port restored this week
ANC01028GO0,ZTE,C320,,gpon_1/1/2,up,2.4,nan,ANC01X3B58P,Recovered / Fixed,SFP inserted or port restored this week
ANC01028GO0,ZTE,C320,,gpon_1/1/3,up,2.4,nan,ANC01X00ZHA,Recovered / Fixed,SFP inserted or port restored this week
ANC01028GO0,ZTE,C320,,gpon_1/1/4,up,2.4,nan,ANC01X3HLWY,Recovered / Fixed,SFP inserted or port restored this week
ANC01028GO0,ZTE,C320,,gpon_1/1/5,up,2.4,nan,ANC01X3RFQ1,Recovered / Fixed,SFP inserted or port restored this week
ANC01028GO0,ZTE,C320,,gpon_1/1/6,up,2.4,nan,ANC01X3QSBU,Recovered / Fixed,SFP inserted or port restored this week
ANC01029GO0,ZTE,C320,,gpon_1/1/1,up,2.4,nan,ANC01X000IA,Recovered / Fixed,SFP inserted or port restored this week
ANC01029GO0,ZTE,C320,,gpon_1/1/2,up,2.4,nan,ANC01X3KXPO,Recovered / Fixed,SFP inserted or port restored this week
ANC01029GO0,ZTE,C320,,gpon_1/1/3,up,2.4,nan,ANC01X3BVP1,Recovered / Fixed,SFP inserted or port restored this week
ANC01029GO0,ZTE,C320,,gpon_1/1/5,up,2.4,nan,ANC01X3BVP2,Recovered / Fixed,SFP inserted or port restored this week
ANC01029GO0,ZTE,C320,,gpon_1/1/6,up,2.4,nan,ANC01X3BVR1,Recovered / Fixed,SFP inserted or port restored this week
ANC02002GO0,ZTE,C320,,gpon_1/1/10,up,2.4,nan,ANC02X0000S,Recovered / Fixed,SFP inserted or port restored this week
ANC03009G00,Fiberhome,AN6001-G16,,PON 1/1,up,2.4,nan,ANC03X0005U,Recovered / Fixed,SFP inserted or port restored this week
ANC05001GO0,ZTE,C320,,gpon_1/1/7,up,2.4,nan,ANC05X0000S,Recovered / Fixed,SFP inserted or port restored this week
ANC06010G00,ZTE,C320,,gpon_1/1/6,up,2.4,nan,ANC06X3PKN1,Recovered / Fixed,SFP inserted or port restored this week
AYT01032GO0,Fiberhome,AN5516-04,,PON 1/1,up,2.4,nan,AYT11X2VW49,Recovered / Fixed,SFP inserted or port restored this week
AYT11036GO0,Fiberhome,AN5516-04,,PON 1/1,up,2.4,nan,AYT06X31ZL4,Recovered / Fixed,SFP inserted or port restored this week
BKK02001G00,ZTE,C300,,gpon_1/14/7,up,2.4,nan,BKK02X1TOR7,Recovered / Fixed,SFP inserted or port restored this week
BKK02001G00,ZTE,C300,,gpon_1/19/4,up,2.4,nan,BKK02X2CXNU,Recovered / Fixed,SFP inserted or port restored this week
BKK02004GO0,Fiberhome,AN5516-04,,PON 1/8,up,2.4,nan,BKK02X2M5NT,Recovered / Fixed,SFP inserted or port restored this week
BKK03001G00,ZTE,C300,,gpon_1/12/1,up,2.4,nan,BKK03X1JBO9,Recovered / Fixed,SFP inserted or port restored this week
BKK03001G00,ZTE,C300,,gpon_1/12/16,up,2.4,nan,BKK03X1RD3T,Recovered / Fixed,SFP inserted or port restored this week
BKK03001G00,ZTE,C300,,gpon_1/12/2,up,2.4,nan,BKK03X1JBOF,Recovered / Fixed,SFP inserted or port restored this week
BKK03001G00,ZTE,C300,,gpon_1/12/5,up,2.4,nan,BKK03X1RD2A,Recovered / Fixed,SFP inserted or port restored this week
BKK03001G00,ZTE,C300,,gpon_1/12/6,up,2.4,nan,BKK03X1RD2F,Recovered / Fixed,SFP inserted or port restored this week
BKK03001G00,ZTE,C300,,gpon_1/13/12,up,2.4,nan,BKK03X24FFQ,Recovered / Fixed,SFP inserted or port restored this week
BKK03001G00,ZTE,C300,,gpon_1/13/14,up,2.4,nan,BKK03X24FFV,Recovered / Fixed,SFP inserted or port restored this week
BKK03001G00,ZTE,C300,,gpon_1/13/5,up,2.4,nan,BKK03X220MF,Recovered / Fixed,SFP inserted or port restored this week
BKK03001G00,ZTE,C300,,gpon_1/13/6,up,2.4,nan,BKK03X223FX,Recovered / Fixed,SFP inserted or port restored this week
BKK03001G00,ZTE,C300,,gpon_1/13/7,up,2.4,nan,BKK03X223FY,Recovered / Fixed,SFP inserted or port restored this week
BKK03001G00,ZTE,C300,,gpon_1/15/10,up,2.4,nan,BKK03X3D388,Recovered / Fixed,SFP inserted or port restored this week
BKK03001G00,ZTE,C300,,gpon_1/15/11,up,2.4,nan,BKK03X3D37A,Recovered / Fixed,SFP inserted or port restored this week
BKK03001G00,ZTE,C300,,gpon_1/15/12,up,2.4,nan,BKK03X3D36J,Recovered / Fixed,SFP inserted or port restored this week
BKK03001G00,ZTE,C300,,gpon_1/15/13,up,2.4,nan,BKK03X3FQXM,Recovered / Fixed,SFP inserted or port restored this week
BKK03001G00,ZTE,C300,,gpon_1/15/15,up,2.4,nan,BKK03X3J5DQ,Recovered / Fixed,SFP inserted or port restored this week
BKK03001G00,ZTE,C300,,gpon_1/15/2,up,2.4,nan,BKK03X2ZFZN,Recovered / Fixed,SFP inserted or port restored this week
BKK03001G00,ZTE,C300,,gpon_1/15/3,up,2.4,nan,BKK03X2ZGY2,Recovered / Fixed,SFP inserted or port restored this week
BKK03001G00,ZTE,C300,,gpon_1/15/4,up,2.4,nan,BKK03X2ZHQN,Recovered / Fixed,SFP inserted or port restored this week
BKK03001G00,ZTE,C300,,gpon_1/15/5,up,2.4,nan,BKK03X32H9Y,Recovered / Fixed,SFP inserted or port restored this week
BKK03001G00,ZTE,C300,,gpon_1/15/6,up,2.4,nan,BKK03X349AH,Recovered / Fixed,SFP inserted or port restored this week
BKK03001G00,ZTE,C300,,gpon_1/6/10,up,2.4,nan,BKK03X1JAA7,Recovered / Fixed,SFP inserted or port restored this week
BKK03001G00,ZTE,C300,,gpon_1/6/13,up,2.4,nan,BKK03X1JABV,Recovered / Fixed,SFP inserted or port restored this week
BKK03001G00,ZTE,C300,,gpon_1/6/7,up,2.4,nan,BKK03X1JA9L,Recovered / Fixed,SFP inserted or port restored this week
BKK03001G00,ZTE,C300,,gpon_1/7/10,up,2.4,nan,BKK03X15RYB,Recovered / Fixed,SFP inserted or port restored this week
BKK03001G00,ZTE,C300,,gpon_1/7/13,up,2.4,nan,BKK03X1IZX8,Recovered / Fixed,SFP inserted or port restored this week
BKK03001G00,ZTE,C300,,gpon_1/8/1,up,2.4,nan,BKK03X1N23Z,Recovered / Fixed,SFP inserted or port restored this week
BKK03001G00,ZTE,C300,,gpon_1/8/10,up,2.4,nan,BKK03X1JBNA,Recovered / Fixed,SFP inserted or port restored this week
BKK03001G00,ZTE,C300,,gpon_1/8/11,up,2.4,nan,BKK03X1JBNB,Recovered / Fixed,SFP inserted or port restored this week
BKK03001G00,ZTE,C300,,gpon_1/8/12,up,2.4,nan,BKK03X1JBN0,Recovered / Fixed,SFP inserted or port restored this week
BKK03001G00,ZTE,C300,,gpon_1/8/2,up,2.4,nan,BKK03X1N23U,Recovered / Fixed,SFP inserted or port restored this week
BKK03001G00,ZTE,C300,,gpon_1/8/3,up,2.4,nan,BKK03X1N23P,Recovered / Fixed,SFP inserted or port restored this week
BKK03001G00,ZTE,C300,,gpon_1/8/4,up,2.4,nan,BKK03X1N23K,Recovered / Fixed,SFP inserted or port restored this week
BKK03001G00,ZTE,C300,,gpon_1/8/5,up,2.4,nan,BKK03X1N24M,Recovered / Fixed,SFP inserted or port restored this week
BKK03001G00,ZTE,C300,,gpon_1/8/6,up,2.4,nan,BKK03X1N24H,Recovered / Fixed,SFP inserted or port restored this week
BKK03001G00,ZTE,C300,,gpon_1/8/7,up,2.4,nan,BKK03X1N24D,Recovered / Fixed,SFP inserted or port restored this week
BKK03001G00,ZTE,C300,,gpon_1/8/8,up,2.4,nan,BKK03X1N248,Recovered / Fixed,SFP inserted or port restored this week
BKK03001G00,ZTE,C300,,gpon_1/8/9,up,2.4,nan,BKK03X1RD2K,Recovered / Fixed,SFP inserted or port restored this week
BKK03001G00,ZTE,C300,,gpon_1/9/10,up,2.4,nan,BKK03X1JBMD,Recovered / Fixed,SFP inserted or port restored this week
BKK03001G00,ZTE,C300,,gpon_1/9/11,up,2.4,nan,BKK03X1JBNL,Recovered / Fixed,SFP inserted or port restored this week
BKK03001G00,ZTE,C300,,gpon_1/9/12,up,2.4,nan,BKK03X1JBNM,Recovered / Fixed,SFP inserted or port restored this week
BKK03001G00,ZTE,C300,,gpon_1/9/13,up,2.4,nan,BKK03X1JBNR,Recovered / Fixed,SFP inserted or port restored this week
BKK03001G00,ZTE,C300,,gpon_1/9/14,up,2.4,nan,BKK03X1JBO1,Recovered / Fixed,SFP inserted or port restored this week
BKK03001G00,ZTE,C300,,gpon_1/9/15,up,2.4,nan,BKK03X1JBO2,Recovered / Fixed,SFP inserted or port restored this week
BKK03001G00,ZTE,C300,,gpon_1/9/16,up,2.4,nan,BKK03X1JBO8,Recovered / Fixed,SFP inserted or port restored this week
BKK03001G00,ZTE,C300,,gpon_1/9/7,up,2.4,nan,BKK03X1JBM2,Recovered / Fixed,SFP inserted or port restored this week
BKK03016GO0,ZTE,C320,,gpon_1/1/10,up,2.4,nan,BKK03X19SNZ,Recovered / Fixed,SFP inserted or port restored this week
BKK03020GO0,ZTE,C320,,gpon_1/1/9,up,2.4,nan,BKK03X1JAJU,Recovered / Fixed,SFP inserted or port restored this week
BKK03027GO0,ZTE,C320,,gpon_1/1/15,up,2.4,nan,BKK03X1JF2Z,Recovered / Fixed,SFP inserted or port restored this week
BKK03027GO0,ZTE,C320,,gpon_1/2/10,up,2.4,nan,BKK03X1JF4O,Recovered / Fixed,SFP inserted or port restored this week
BKK03031GO0,ZTE,C320,,gpon_1/1/2,up,2.4,nan,BKK03X1O252,Recovered / Fixed,SFP inserted or port restored this week
BKK04014G00,ZTE,C320,,gpon_1/1/1,up,10,nan,BKK04X2HPUM,Recovered / Fixed,SFP inserted or port restored this week
BKK04014G00,ZTE,C320,,gpon_1/1/2,up,10,nan,BKK04X2HPUN,Recovered / Fixed,SFP inserted or port restored this week
BKK04014G00,ZTE,C320,,gpon_1/1/3,up,10,nan,BKK04X2EHUZ,Recovered / Fixed,SFP inserted or port restored this week
BKK04014G00,ZTE,C320,,gpon_1/1/4,up,10,nan,BKK04X3P28F,Recovered / Fixed,SFP inserted or port restored this week
BKK04014G00,ZTE,C320,,gpon_1/1/6,up,10,nan,BKK04X3P28G,Recovered / Fixed,SFP inserted or port restored this week
BKK04022G00,ZTE,C320,,gpon_1/1/1,up,2.4,nan,BKK04X2U73T,Recovered / Fixed,SFP inserted or port restored this week
BKK04022G00,ZTE,C320,,gpon_1/1/2,up,2.4,nan,BKK04X2U74C,Recovered / Fixed,SFP inserted or port restored this week
BKK04022G00,ZTE,C320,,gpon_1/1/3,up,2.4,nan,BKK04X2U74Q,Recovered / Fixed,SFP inserted or port restored this week
BKK04022G00,ZTE,C320,,gpon_1/1/4,up,2.4,nan,BKK04X3HFFS,Recovered / Fixed,SFP inserted or port restored this week
BKK04022G00,ZTE,C320,,gpon_1/1/7,up,2.4,nan,BKK04X3Q9X8,Recovered / Fixed,SFP inserted or port restored this week
BKK04022G00,ZTE,C320,,gpon_1/1/8,up,2.4,nan,BKK04X3QWA4,Recovered / Fixed,SFP inserted or port restored this week
BKK05002G00,ZTE,C300,,gpon_1/4/1,up,2.4,nan,BKK05X1CVW5,Recovered / Fixed,SFP inserted or port restored this week
BKK05002G00,ZTE,C300,,gpon_1/5/1,up,2.4,nan,BKK05X1CVY0,Recovered / Fixed,SFP inserted or port restored this week
BKK05002G01,ZTE,C300,,gpon_1/12/9,up,2.4,nan,BKK05X1JFHU,Recovered / Fixed,SFP inserted or port restored this week
BKK05002G01,ZTE,C300,,gpon_1/5/1,up,2.4,nan,BKK05X17X0P,Recovered / Fixed,SFP inserted or port restored this week
BKK05002G01,ZTE,C300,,gpon_1/5/10,up,2.4,nan,BKK05X17XS6,Recovered / Fixed,SFP inserted or port restored this week
BKK05002G01,ZTE,C300,,gpon_1/5/2,up,2.4,nan,BKK05X17X6G,Recovered / Fixed,SFP inserted or port restored this week
BKK05002G01,ZTE,C300,,gpon_1/5/3,up,2.4,nan,BKK05X17X6H,Recovered / Fixed,SFP inserted or port restored this week
BKK05002G01,ZTE,C300,,gpon_1/5/4,up,2.4,nan,BKK05X17XBC,Recovered / Fixed,SFP inserted or port restored this week
BKK05002G01,ZTE,C300,,gpon_1/5/5,up,2.4,nan,BKK05X17XJM,Recovered / Fixed,SFP inserted or port restored this week
BKK05002G01,ZTE,C300,,gpon_1/5/7,up,2.4,nan,BKK05X17XNS,Recovered / Fixed,SFP inserted or port restored this week
BKK05002G01,ZTE,C300,,gpon_1/5/8,up,2.4,nan,BKK05X17XNU,Recovered / Fixed,SFP inserted or port restored this week
BKK05002G01,ZTE,C300,,gpon_1/5/9,up,2.4,nan,BKK05X17XS5,Recovered / Fixed,SFP inserted or port restored this week
BKK05002G01,ZTE,C300,,gpon_1/7/1,up,2.4,nan,BKK05X17YR6,Recovered / Fixed,SFP inserted or port restored this week
BKK05002G01,ZTE,C300,,gpon_1/7/10,up,2.4,nan,BKK05X181MH,Recovered / Fixed,SFP inserted or port restored this week
BKK05002G01,ZTE,C300,,gpon_1/7/11,up,2.4,nan,BKK05X181MI,Recovered / Fixed,SFP inserted or port restored this week
BKK05002G01,ZTE,C300,,gpon_1/7/12,up,2.4,nan,BKK05X181KL,Recovered / Fixed,SFP inserted or port restored this week
BKK05002G01,ZTE,C300,,gpon_1/7/14,up,2.4,nan,BKK05X1820I,Recovered / Fixed,SFP inserted or port restored this week
BKK05002G01,ZTE,C300,,gpon_1/7/15,up,2.4,nan,BKK05X181YP,Recovered / Fixed,SFP inserted or port restored this week
BKK05002G01,ZTE,C300,,gpon_1/7/16,up,2.4,nan,BKK05X181YQ,Recovered / Fixed,SFP inserted or port restored this week
BKK05002G01,ZTE,C300,,gpon_1/7/2,up,2.4,nan,BKK05X17YR8,Recovered / Fixed,SFP inserted or port restored this week
BKK05002G01,ZTE,C300,,gpon_1/7/3,up,2.4,nan,BKK05X17YTP,Recovered / Fixed,SFP inserted or port restored this week
BKK05002G01,ZTE,C300,,gpon_1/7/4,up,2.4,nan,BKK05X17YTR,Recovered / Fixed,SFP inserted or port restored this week
BKK05002G01,ZTE,C300,,gpon_1/7/5,up,2.4,nan,BKK05X17YGW,Recovered / Fixed,SFP inserted or port restored this week
BKK05002G01,ZTE,C300,,gpon_1/7/6,up,2.4,nan,BKK05X17YGX,Recovered / Fixed,SFP inserted or port restored this week
BKK05002G01,ZTE,C300,,gpon_1/7/7,up,2.4,nan,BKK05X17YKQ,Recovered / Fixed,SFP inserted or port restored this week
BKK05002G01,ZTE,C300,,gpon_1/7/8,up,2.4,nan,BKK05X17YKU,Recovered / Fixed,SFP inserted or port restored this week
BKK05002G01,ZTE,C300,,gpon_1/7/9,up,2.4,nan,BKK05X181MG,Recovered / Fixed,SFP inserted or port restored this week
BKK05003G00,ZTE,C300,,gpon_1/15/12,up,2.4,nan,BKK05X19DP8,Recovered / Fixed,SFP inserted or port restored this week
BKK05003G00,ZTE,C300,,gpon_1/4/12,up,2.4,nan,BKK05X19GZ9,Recovered / Fixed,SFP inserted or port restored this week
BKK05003G01,ZTE,C300,,gpon_1/5/1,up,2.4,nan,BKK05X2BGQI,Recovered / Fixed,SFP inserted or port restored this week
BKK05005GO0,ZTE,C320,,gpon_1/1/3,up,2.4,nan,BKK05X1J2OS,Recovered / Fixed,SFP inserted or port restored this week
BKK05005GO1,ZTE,C320,,gpon_1/1/8,up,2.4,nan,BKK05X1J2L2,Recovered / Fixed,SFP inserted or port restored this week
BKK05006GO0,ZTE,C320,,gpon_1/1/15,up,2.4,nan,BKK05X1J1ZY,Recovered / Fixed,SFP inserted or port restored this week
BKK05006GO0,ZTE,C320,,gpon_1/2/3,up,2.4,nan,BKK05X1J2O7,Recovered / Fixed,SFP inserted or port restored this week
BKK05008GO0,ZTE,C320,,gpon_1/1/13,up,2.4,nan,BKK05X1JBBJ,Recovered / Fixed,SFP inserted or port restored this week
BKK05008GO0,ZTE,C320,,gpon_1/1/7,up,2.4,nan,BKK05X1JBD7,Recovered / Fixed,SFP inserted or port restored this week
BKK05023GO0,Fiberhome,AN5516-04,,PON 2/8,up,2.4,nan,BKK05XOLW4F,Recovered / Fixed,SFP inserted or port restored this week
BKK05025GO0,Fiberhome,AN5516-04,,PON 2/1,up,2.4,nan,BKK46X2O1AX,Recovered / Fixed,SFP inserted or port restored this week
BKK05029GO0,ZTE,C320,,gpon_1/1/1,up,2.4,nan,BKK05X2JYF4,Recovered / Fixed,SFP inserted or port restored this week
BKK05029GO0,ZTE,C320,,gpon_1/1/2,up,2.4,nan,BKK05X2JYF7,Recovered / Fixed,SFP inserted or port restored this week
BKK05029GO0,ZTE,C320,,gpon_1/1/3,up,2.4,nan,BKK05X2JYF9,Recovered / Fixed,SFP inserted or port restored this week
BKK05029GO0,ZTE,C320,,gpon_1/1/4,up,2.4,nan,BKK05X2JYFA,Recovered / Fixed,SFP inserted or port restored this week
BKK05029GO0,ZTE,C320,,gpon_1/1/5,up,2.4,nan,BKK05X2JYFE,Recovered / Fixed,SFP inserted or port restored this week
BKK05029GO0,ZTE,C320,,gpon_1/1/6,up,2.4,nan,BKK05X2JYFF,Recovered / Fixed,SFP inserted or port restored this week
BKK05029GO0,ZTE,C320,,gpon_1/1/7,up,2.4,nan,BKK05X2JYFH,Recovered / Fixed,SFP inserted or port restored this week
BKK05029GO0,ZTE,C320,,gpon_1/1/8,up,2.4,nan,BKK05X2JYFL,Recovered / Fixed,SFP inserted or port restored this week
BKK05038GO0,ZTE,C320,,gpon_1/1/1,up,2.4,nan,BKK05X35JRR,Recovered / Fixed,SFP inserted or port restored this week
BKK05038GO0,ZTE,C320,,gpon_1/1/10,up,2.4,nan,BKK05X3A847,Recovered / Fixed,SFP inserted or port restored this week
BKK05038GO0,ZTE,C320,,gpon_1/1/11,up,2.4,nan,BKK05X3A848,Recovered / Fixed,SFP inserted or port restored this week
BKK05038GO0,ZTE,C320,,gpon_1/1/13,up,2.4,nan,BKK05X3A84A,Recovered / Fixed,SFP inserted or port restored this week
BKK05038GO0,ZTE,C320,,gpon_1/1/14,up,2.4,nan,BKK05X3A84B,Recovered / Fixed,SFP inserted or port restored this week
BKK05038GO0,ZTE,C320,,gpon_1/1/15,up,2.4,nan,BKK05X3A84C,Recovered / Fixed,SFP inserted or port restored this week
BKK05038GO0,ZTE,C320,,gpon_1/1/16,up,2.4,nan,BKK05X3A84D,Recovered / Fixed,SFP inserted or port restored this week
BKK05038GO0,ZTE,C320,,gpon_1/1/2,up,2.4,nan,BKK05X35JRS,Recovered / Fixed,SFP inserted or port restored this week
BKK05038GO0,ZTE,C320,,gpon_1/1/3,up,2.4,nan,BKK05X35JRT,Recovered / Fixed,SFP inserted or port restored this week
BKK05038GO0,ZTE,C320,,gpon_1/1/4,up,2.4,nan,BKK05X35JRU,Recovered / Fixed,SFP inserted or port restored this week
BKK05038GO0,ZTE,C320,,gpon_1/1/5,up,2.4,nan,BKK05X35JRV,Recovered / Fixed,SFP inserted or port restored this week
BKK05038GO0,ZTE,C320,,gpon_1/1/7,up,2.4,nan,BKK05X3A844,Recovered / Fixed,SFP inserted or port restored this week
BKK05038GO0,ZTE,C320,,gpon_1/1/8,up,2.4,nan,BKK05X3A845,Recovered / Fixed,SFP inserted or port restored this week
BKK05038GO0,ZTE,C320,,gpon_1/1/9,up,2.4,nan,BKK05X3A846,Recovered / Fixed,SFP inserted or port restored this week
BKK05038GO0,ZTE,C320,,gpon_1/2/1,up,2.4,nan,BKK05X3FWH0,Recovered / Fixed,SFP inserted or port restored this week
BKK05038GO0,ZTE,C320,,gpon_1/2/10,up,2.4,nan,BKK05X3FWH9,Recovered / Fixed,SFP inserted or port restored this week
BKK05038GO0,ZTE,C320,,gpon_1/2/11,down,2.4,nan,BKK05X3FWHA,Recovered / Fixed,SFP inserted or port restored this week
BKK05038GO0,ZTE,C320,,gpon_1/2/2,up,2.4,nan,BKK05X3FWH1,Recovered / Fixed,SFP inserted or port restored this week
BKK05038GO0,ZTE,C320,,gpon_1/2/3,up,2.4,nan,BKK05X3FWH2,Recovered / Fixed,SFP inserted or port restored this week
BKK05038GO0,ZTE,C320,,gpon_1/2/4,up,2.4,nan,BKK05X3FWH3,Recovered / Fixed,SFP inserted or port restored this week
BKK05038GO0,ZTE,C320,,gpon_1/2/5,up,2.4,nan,BKK05X3FWH4,Recovered / Fixed,SFP inserted or port restored this week
BKK05038GO0,ZTE,C320,,gpon_1/2/6,up,2.4,nan,BKK05X3FWH5,Recovered / Fixed,SFP inserted or port restored this week
BKK05038GO0,ZTE,C320,,gpon_1/2/8,up,2.4,nan,BKK05X3FWH7,Recovered / Fixed,SFP inserted or port restored this week
BKK05038GO0,ZTE,C320,,gpon_1/2/9,up,2.4,nan,BKK05X3FWH8,Recovered / Fixed,SFP inserted or port restored this week
BKK06002G00,ZTE,C300,,gpon_1/12/13,up,2.4,nan,BKK38X1NAB4,Recovered / Fixed,SFP inserted or port restored this week
BKK06002G00,ZTE,C300,,gpon_1/12/14,up,2.4,nan,BKK38X1NAAZ,Recovered / Fixed,SFP inserted or port restored this week
BKK06002G00,ZTE,C300,,gpon_1/12/16,up,2.4,nan,BKK38X1NAAG,Recovered / Fixed,SFP inserted or port restored this week
BKK06002G00,ZTE,C300,,gpon_1/13/1,up,2.4,nan,BKK38X1D15X,Recovered / Fixed,SFP inserted or port restored this week
BKK06002G00,ZTE,C300,,gpon_1/13/10,up,2.4,nan,BKK38X1D1CO,Recovered / Fixed,SFP inserted or port restored this week
BKK06002G00,ZTE,C300,,gpon_1/13/11,up,2.4,nan,BKK38X1D1CR,Recovered / Fixed,SFP inserted or port restored this week
BKK06002G00,ZTE,C300,,gpon_1/13/12,up,2.4,nan,BKK38X1D762,Recovered / Fixed,SFP inserted or port restored this week
BKK06002G00,ZTE,C300,,gpon_1/13/13,up,2.4,nan,BKK38X1D763,Recovered / Fixed,SFP inserted or port restored this week
BKK06002G00,ZTE,C300,,gpon_1/13/14,up,2.4,nan,BKK05X1NA6G,Recovered / Fixed,SFP inserted or port restored this week
BKK06002G00,ZTE,C300,,gpon_1/13/16,up,2.4,nan,BKK05X1NA6I,Recovered / Fixed,SFP inserted or port restored this week
BKK06002G00,ZTE,C300,,gpon_1/13/3,up,2.4,nan,BKK38X1NA2F,Recovered / Fixed,SFP inserted or port restored this week
BKK06002G00,ZTE,C300,,gpon_1/13/4,up,2.4,nan,BKK38X1NAA1,Recovered / Fixed,SFP inserted or port restored this week
BKK06002G00,ZTE,C300,,gpon_1/13/6,up,2.4,nan,BKK38X1NA9V,Recovered / Fixed,SFP inserted or port restored this week
BKK06002G00,ZTE,C300,,gpon_1/13/7,up,2.4,nan,BKK38X1NA9W,Recovered / Fixed,SFP inserted or port restored this week
BKK06002G00,ZTE,C300,,gpon_1/13/8,up,2.4,nan,BKK38X1NA9T,Recovered / Fixed,SFP inserted or port restored this week
BKK06002G00,ZTE,C300,,gpon_1/13/9,up,2.4,nan,BKK38X1D1CU,Recovered / Fixed,SFP inserted or port restored this week
BKK06002G00,ZTE,C300,,gpon_1/14/10,up,2.4,nan,BKK38X1NACV,Recovered / Fixed,SFP inserted or port restored this week
BKK06002G00,ZTE,C300,,gpon_1/14/11,up,2.4,nan,BKK38X1NAD2,Recovered / Fixed,SFP inserted or port restored this week
BKK06002G00,ZTE,C300,,gpon_1/14/12,up,2.4,nan,BKK38X1NAD4,Recovered / Fixed,SFP inserted or port restored this week
BKK06002G00,ZTE,C300,,gpon_1/14/13,up,2.4,nan,BKK38X1CSHV,Recovered / Fixed,SFP inserted or port restored this week
BKK06002G00,ZTE,C300,,gpon_1/14/14,up,2.4,nan,BKK38X1CR1H,Recovered / Fixed,SFP inserted or port restored this week
BKK06002G00,ZTE,C300,,gpon_1/14/15,up,2.4,nan,BKK38X1CR1J,Recovered / Fixed,SFP inserted or port restored this week
BKK06002G00,ZTE,C300,,gpon_1/14/16,up,2.4,nan,BKK38X1NA1T,Recovered / Fixed,SFP inserted or port restored this week
BKK06002G00,ZTE,C300,,gpon_1/14/2,up,2.4,nan,BKK05X1CSZO,Recovered / Fixed,SFP inserted or port restored this week
BKK06002G00,ZTE,C300,,gpon_1/14/3,up,2.4,nan,BKK05X1CSYY,Recovered / Fixed,SFP inserted or port restored this week
BKK06002G00,ZTE,C300,,gpon_1/14/5,up,2.4,nan,BKK05X1NA6F,Recovered / Fixed,SFP inserted or port restored this week
BKK06002G00,ZTE,C300,,gpon_1/14/6,up,2.4,nan,BKK05X1CSWY,Recovered / Fixed,SFP inserted or port restored this week
BKK06002G00,ZTE,C300,,gpon_1/14/7,up,2.4,nan,BKK05X1CSWZ,Recovered / Fixed,SFP inserted or port restored this week
BKK06002G00,ZTE,C300,,gpon_1/14/8,up,2.4,nan,BKK38X1NACO,Recovered / Fixed,SFP inserted or port restored this week
BKK06002G00,ZTE,C300,,gpon_1/14/9,up,2.4,nan,BKK38X1IWYJ,Recovered / Fixed,SFP inserted or port restored this week
BKK06002G00,ZTE,C300,,gpon_1/15/1,up,2.4,nan,BKK38X1CR19,Recovered / Fixed,SFP inserted or port restored this week
BKK06002G00,ZTE,C300,,gpon_1/15/10,up,2.4,nan,BKK38X1IUJM,Recovered / Fixed,SFP inserted or port restored this week
BKK06002G00,ZTE,C300,,gpon_1/15/11,up,2.4,nan,BKK38X1IUJI,Recovered / Fixed,SFP inserted or port restored this week
BKK06002G00,ZTE,C300,,gpon_1/15/12,up,2.4,nan,BKK38X1IUJJ,Recovered / Fixed,SFP inserted or port restored this week
BKK06002G00,ZTE,C300,,gpon_1/15/13,up,2.4,nan,BKK38X1IUJA,Recovered / Fixed,SFP inserted or port restored this week
BKK06002G00,ZTE,C300,,gpon_1/15/15,up,2.4,nan,BKK38X1IZIB,Recovered / Fixed,SFP inserted or port restored this week
BKK06002G00,ZTE,C300,,gpon_1/15/16,up,2.4,nan,BKK38X1D468,Recovered / Fixed,SFP inserted or port restored this week
BKK06002G00,ZTE,C300,,gpon_1/15/3,up,2.4,nan,BKK38X1CPZE,Recovered / Fixed,SFP inserted or port restored this week
BKK06002G00,ZTE,C300,,gpon_1/15/5,up,2.4,nan,BKK38X1IUK0,Recovered / Fixed,SFP inserted or port restored this week
BKK06002G00,ZTE,C300,,gpon_1/15/6,up,2.4,nan,BKK38X1IUK1,Recovered / Fixed,SFP inserted or port restored this week
BKK06002G00,ZTE,C300,,gpon_1/15/7,up,2.4,nan,BKK38X1IUJV,Recovered / Fixed,SFP inserted or port restored this week
BKK06002G00,ZTE,C300,,gpon_1/15/8,up,2.4,nan,BKK38X1IUJW,Recovered / Fixed,SFP inserted or port restored this week
BKK06002G00,ZTE,C300,,gpon_1/16/1,up,2.4,nan,BKK38X1IUIY,Recovered / Fixed,SFP inserted or port restored this week
BKK06002G00,ZTE,C300,,gpon_1/16/11,up,2.4,nan,BKK38X1D3WO,Recovered / Fixed,SFP inserted or port restored this week
BKK06002G00,ZTE,C300,,gpon_1/16/12,up,2.4,nan,BKK38X1D3WP,Recovered / Fixed,SFP inserted or port restored this week
BKK06002G00,ZTE,C300,,gpon_1/16/13,up,2.4,nan,BKK38X1IXB2,Recovered / Fixed,SFP inserted or port restored this week
BKK06002G00,ZTE,C300,,gpon_1/16/16,up,2.4,nan,BKK38X1IXDG,Recovered / Fixed,SFP inserted or port restored this week
BKK06002G00,ZTE,C300,,gpon_1/16/2,up,2.4,nan,BKK38X1IUIU,Recovered / Fixed,SFP inserted or port restored this week
BKK06002G00,ZTE,C300,,gpon_1/16/3,up,2.4,nan,BKK38X1IUHW,Recovered / Fixed,SFP inserted or port restored this week
BKK06002G00,ZTE,C300,,gpon_1/16/4,up,2.4,nan,BKK38X1D2V8,Recovered / Fixed,SFP inserted or port restored this week
BKK06002G00,ZTE,C300,,gpon_1/16/5,up,2.4,nan,BKK38X1D2WC,Recovered / Fixed,SFP inserted or port restored this week
BKK06002G00,ZTE,C300,,gpon_1/16/6,up,2.4,nan,BKK38X1IUI4,Recovered / Fixed,SFP inserted or port restored this week
BKK06002G00,ZTE,C300,,gpon_1/16/7,up,2.4,nan,BKK38X1IUI8,Recovered / Fixed,SFP inserted or port restored this week
BKK06002G00,ZTE,C300,,gpon_1/17/1,up,2.4,nan,BKK38X1IXDH,Recovered / Fixed,SFP inserted or port restored this week
BKK06002G00,ZTE,C300,,gpon_1/17/10,up,2.4,nan,BKK38X1IWSW,Recovered / Fixed,SFP inserted or port restored this week
BKK06002G00,ZTE,C300,,gpon_1/17/11,up,2.4,nan,BKK38X1CPB9,Recovered / Fixed,SFP inserted or port restored this week
BKK06002G00,ZTE,C300,,gpon_1/17/12,up,2.4,nan,BKK38X1CPBC,Recovered / Fixed,SFP inserted or port restored this week
BKK06002G00,ZTE,C300,,gpon_1/17/13,up,2.4,nan,BKK38X1CS8C,Recovered / Fixed,SFP inserted or port restored this week
BKK06002G00,ZTE,C300,,gpon_1/17/14,up,2.4,nan,BKK38X1CS8F,Recovered / Fixed,SFP inserted or port restored this week
BKK06002G00,ZTE,C300,,gpon_1/17/15,up,2.4,nan,BKK38X1CPWI,Recovered / Fixed,SFP inserted or port restored this week
BKK06002G00,ZTE,C300,,gpon_1/17/16,up,2.4,nan,BKK38X1CPWJ,Recovered / Fixed,SFP inserted or port restored this week
BKK06002G00,ZTE,C300,,gpon_1/17/7,up,2.4,nan,BKK38X1D3BQ,Recovered / Fixed,SFP inserted or port restored this week
BKK06002G00,ZTE,C300,,gpon_1/17/8,up,2.4,nan,BKK38X1D3BR,Recovered / Fixed,SFP inserted or port restored this week
BKK06002G00,ZTE,C300,,gpon_1/17/9,up,2.4,nan,BKK38X1D2YV,Recovered / Fixed,SFP inserted or port restored this week
BKK06002G00,ZTE,C300,,gpon_1/6/1,up,2.4,nan,BKK38X1JZP0,Recovered / Fixed,SFP inserted or port restored this week
BKK06002G00,ZTE,C300,,gpon_1/6/11,up,2.4,nan,BKK38X1NUQ4,Recovered / Fixed,SFP inserted or port restored this week
BKK06002G00,ZTE,C300,,gpon_1/6/12,up,2.4,nan,BKK38X1K0HF,Recovered / Fixed,SFP inserted or port restored this week
BKK06002G00,ZTE,C300,,gpon_1/6/13,up,2.4,nan,BKK38X1K0HI,Recovered / Fixed,SFP inserted or port restored this week
BKK06002G00,ZTE,C300,,gpon_1/6/14,up,2.4,nan,BKK38X1K26Q,Recovered / Fixed,SFP inserted or port restored this week
BKK06002G00,ZTE,C300,,gpon_1/6/15,up,2.4,nan,BKK38X1K1SP,Recovered / Fixed,SFP inserted or port restored this week
BKK06002G00,ZTE,C300,,gpon_1/6/16,up,2.4,nan,BKK38X1K1SS,Recovered / Fixed,SFP inserted or port restored this week
BKK06002G00,ZTE,C300,,gpon_1/6/2,up,2.4,nan,BKK38X1JZP5,Recovered / Fixed,SFP inserted or port restored this week
BKK06002G00,ZTE,C300,,gpon_1/6/3,up,2.4,nan,BKK38X1JZVJ,Recovered / Fixed,SFP inserted or port restored this week
BKK06002G00,ZTE,C300,,gpon_1/6/4,up,2.4,nan,BKK38X1JZVN,Recovered / Fixed,SFP inserted or port restored this week
BKK06002G00,ZTE,C300,,gpon_1/6/5,up,2.4,nan,BKK38X1NUV7,Recovered / Fixed,SFP inserted or port restored this week
BKK06002G00,ZTE,C300,,gpon_1/6/6,up,2.4,nan,BKK38X1NUV2,Recovered / Fixed,SFP inserted or port restored this week
BKK06002G00,ZTE,C300,,gpon_1/6/9,up,2.4,nan,BKK38X1K0FS,Recovered / Fixed,SFP inserted or port restored this week
BKK06002G00,ZTE,C300,,gpon_1/7/1,up,2.4,nan,BKK38X1NUS9,Recovered / Fixed,SFP inserted or port restored this week
BKK06002G00,ZTE,C300,,gpon_1/7/10,up,2.4,nan,BKK38X1NVIM,Recovered / Fixed,SFP inserted or port restored this week
BKK06002G00,ZTE,C300,,gpon_1/7/11,up,2.4,nan,BKK38X1NVIQ,Recovered / Fixed,SFP inserted or port restored this week
BKK06002G00,ZTE,C300,,gpon_1/7/12,up,2.4,nan,BKK38X1NVMD,Recovered / Fixed,SFP inserted or port restored this week
BKK06002G00,ZTE,C300,,gpon_1/7/14,up,2.4,nan,BKK38X1NVO1,Recovered / Fixed,SFP inserted or port restored this week
BKK06002G00,ZTE,C300,,gpon_1/7/2,up,2.4,nan,BKK38X1K0D1,Recovered / Fixed,SFP inserted or port restored this week
BKK06002G00,ZTE,C300,,gpon_1/7/3,up,2.4,nan,BKK38X1K0D2,Recovered / Fixed,SFP inserted or port restored this week
BKK06002G00,ZTE,C300,,gpon_1/7/4,up,2.4,nan,BKK38X1K0C2,Recovered / Fixed,SFP inserted or port restored this week
BKK06002G00,ZTE,C300,,gpon_1/7/5,up,2.4,nan,BKK38X1K07U,Recovered / Fixed,SFP inserted or port restored this week
BKK06002G00,ZTE,C300,,gpon_1/7/6,up,2.4,nan,BKK38X1K052,Recovered / Fixed,SFP inserted or port restored this week
BKK06002G00,ZTE,C300,,gpon_1/7/7,up,2.4,nan,BKK38X1K053,Recovered / Fixed,SFP inserted or port restored this week
BKK06002G00,ZTE,C300,,gpon_1/7/8,up,2.4,nan,BKK38X1K09T,Recovered / Fixed,SFP inserted or port restored this week
BKK06002G00,ZTE,C300,,gpon_1/7/9,up,2.4,nan,BKK38X1K09Y,Recovered / Fixed,SFP inserted or port restored this week
BKK06002G00,ZTE,C300,,gpon_1/9/3,up,2.4,nan,BKK38X1OQLN,Recovered / Fixed,SFP inserted or port restored this week
BKK06002G01,ZTE,C300,,gpon_1/2/1,up,2.4,nan,BKK38X22Z0C,Recovered / Fixed,SFP inserted or port restored this week
BKK06002G01,ZTE,C300,,gpon_1/4/1,up,2.4,nan,BKK38X3K6TG,Recovered / Fixed,SFP inserted or port restored this week
BKK06002G01,ZTE,C300,,gpon_1/4/2,up,2.4,nan,BKK38X3N4JW,Recovered / Fixed,SFP inserted or port restored this week
BKK06028GO0,Fiberhome,AN6000-2,,PON 1/9,up,2.4,nan,BKK06X3SR8D,Recovered / Fixed,SFP inserted or port restored this week
BKK06030GO0,Fiberhome,AN5516-04,,PON 1/7,up,2.4,nan,BKK06X2Z7AN,Recovered / Fixed,SFP inserted or port restored this week
BKK06030GO0,Fiberhome,AN5516-04,,PON 1/9,up,2.4,nan,BKK06X2Z7DU,Recovered / Fixed,SFP inserted or port restored this week
BKK08003GO0,Fiberhome,AN5516-04,,PON 2/4,up,2.4,nan,BKK08X37ANE,Recovered / Fixed,SFP inserted or port restored this week
BKK09005GO0,Fiberhome,AN5516-04,,PON 1/6,up,2.4,nan,BKK33X2HLVR,Recovered / Fixed,SFP inserted or port restored this week
BKK09012GO0,Fiberhome,AN5516-04,,PON 1/6,up,2.4,nan,BKK09X2LTD9,Recovered / Fixed,SFP inserted or port restored this week
BKK10001G01,ZTE,C300,,gpon_1/12/1,up,2.4,nan,BKK10X1O6MN,Recovered / Fixed,SFP inserted or port restored this week
BKK10001G01,ZTE,C300,,gpon_1/12/10,up,2.4,nan,BKK10X1O73Z,Recovered / Fixed,SFP inserted or port restored this week
BKK10001G01,ZTE,C300,,gpon_1/12/11,up,2.4,nan,BKK10X1O758,Recovered / Fixed,SFP inserted or port restored this week
BKK10001G01,ZTE,C300,,gpon_1/12/12,up,2.4,nan,BKK10X1OU4Z,Recovered / Fixed,SFP inserted or port restored this week
BKK10001G01,ZTE,C300,,gpon_1/12/13,up,2.4,nan,BKK10X1O7JT,Recovered / Fixed,SFP inserted or port restored this week
BKK10001G01,ZTE,C300,,gpon_1/12/15,up,2.4,nan,BKK10X1O5SY,Recovered / Fixed,SFP inserted or port restored this week
BKK10001G01,ZTE,C300,,gpon_1/12/16,up,2.4,nan,BKK10X1O5UA,Recovered / Fixed,SFP inserted or port restored this week
BKK10001G01,ZTE,C300,,gpon_1/12/2,up,2.4,nan,BKK10X1O6Y6,Recovered / Fixed,SFP inserted or port restored this week
BKK10001G01,ZTE,C300,,gpon_1/12/4,down,2.4,nan,BKK10X1O6PC,Recovered / Fixed,SFP inserted or port restored this week
BKK10001G01,ZTE,C300,,gpon_1/12/5,up,2.4,nan,BKK10X1O72K,Recovered / Fixed,SFP inserted or port restored this week
BKK10001G01,ZTE,C300,,gpon_1/12/7,up,2.4,nan,BKK10X1O7HR,Recovered / Fixed,SFP inserted or port restored this week
BKK10001G01,ZTE,C300,,gpon_1/12/8,up,2.4,nan,BKK10X1O7GD,Recovered / Fixed,SFP inserted or port restored this week
BKK10001G01,ZTE,C300,,gpon_1/12/9,up,2.4,nan,BKK10X1O7EA,Recovered / Fixed,SFP inserted or port restored this week
BKK10001G01,ZTE,C300,,gpon_1/14/15,up,2.4,nan,BKK10X1SQ51,Recovered / Fixed,SFP inserted or port restored this week
BKK10001G01,ZTE,C300,,gpon_1/14/16,up,2.4,nan,BKK10X1SQ52,Recovered / Fixed,SFP inserted or port restored this week
BKK10001G01,ZTE,C300,,gpon_1/14/6,up,2.4,nan,BKK10X1SQ4M,Recovered / Fixed,SFP inserted or port restored this week
BKK10001G01,ZTE,C300,,gpon_1/15/15,up,2.4,nan,BKK10X1SFTD,Recovered / Fixed,SFP inserted or port restored this week
BKK10001G01,ZTE,C300,,gpon_1/15/3,up,2.4,nan,BKK10X1SQ5H,Recovered / Fixed,SFP inserted or port restored this week
BKK10001G01,ZTE,C300,,gpon_1/15/9,up,2.4,nan,BKK10X1SFSJ,Recovered / Fixed,SFP inserted or port restored this week
BKK10001G01,ZTE,C300,,gpon_1/16/14,up,2.4,nan,BKK10X0200V,Recovered / Fixed,SFP inserted or port restored this week
BKK10001G01,ZTE,C300,,gpon_1/16/5,up,2.4,nan,BKK10X1Y3JS,Recovered / Fixed,SFP inserted or port restored this week
BKK10001G01,ZTE,C300,,gpon_1/16/9,up,2.4,nan,BKK10X02006,Recovered / Fixed,SFP inserted or port restored this week
BKK10001G01,ZTE,C300,,gpon_1/17/5,up,2.4,nan,BKK10X0201U,Recovered / Fixed,SFP inserted or port restored this week
BKK10001G01,ZTE,C300,,gpon_1/6/1,up,2.4,nan,BKK44X1JYDN,Recovered / Fixed,SFP inserted or port restored this week
BKK10001G01,ZTE,C300,,gpon_1/6/10,up,2.4,nan,BKK10X1NW9E,Recovered / Fixed,SFP inserted or port restored this week
BKK10001G01,ZTE,C300,,gpon_1/6/11,up,2.4,nan,BKK10X1NW89,Recovered / Fixed,SFP inserted or port restored this week
BKK10001G01,ZTE,C300,,gpon_1/6/12,up,2.4,nan,BKK10X1NWC5,Recovered / Fixed,SFP inserted or port restored this week
BKK10001G01,ZTE,C300,,gpon_1/6/13,down,2.4,nan,BKK10X1NWAI,Recovered / Fixed,SFP inserted or port restored this week
BKK10001G01,ZTE,C300,,gpon_1/6/14,up,2.4,nan,BKK10X1O0YD,Recovered / Fixed,SFP inserted or port restored this week
BKK10001G01,ZTE,C300,,gpon_1/6/15,up,2.4,nan,BKK10X1O0YE,Recovered / Fixed,SFP inserted or port restored this week
BKK10001G01,ZTE,C300,,gpon_1/6/2,up,2.4,nan,BKK44X1JYDP,Recovered / Fixed,SFP inserted or port restored this week
BKK10001G01,ZTE,C300,,gpon_1/6/3,up,2.4,nan,BKK44X1JYDQ,Recovered / Fixed,SFP inserted or port restored this week
BKK10001G01,ZTE,C300,,gpon_1/6/4,up,2.4,nan,BKK11X1O85X,Recovered / Fixed,SFP inserted or port restored this week
BKK10001G01,ZTE,C300,,gpon_1/6/5,up,2.4,nan,BKK11X1O861,Recovered / Fixed,SFP inserted or port restored this week
BKK10001G01,ZTE,C300,,gpon_1/6/6,up,2.4,nan,BKK10X1O1LR,Recovered / Fixed,SFP inserted or port restored this week
BKK10001G01,ZTE,C300,,gpon_1/6/9,down,2.4,nan,BKK10X1OA2I,Recovered / Fixed,SFP inserted or port restored this week
BKK10001G01,ZTE,C300,,gpon_1/7/1,up,2.4,nan,BKK10X1O0P6,Recovered / Fixed,SFP inserted or port restored this week
BKK10001G01,ZTE,C300,,gpon_1/7/10,up,2.4,nan,BKK10X1NYQI,Recovered / Fixed,SFP inserted or port restored this week
BKK10001G01,ZTE,C300,,gpon_1/7/12,up,2.4,nan,BKK10X1NTLG,Recovered / Fixed,SFP inserted or port restored this week
BKK10001G01,ZTE,C300,,gpon_1/7/13,up,2.4,nan,BKK10X1O0GW,Recovered / Fixed,SFP inserted or port restored this week
BKK10001G01,ZTE,C300,,gpon_1/7/14,up,2.4,nan,BKK10X1O08F,Recovered / Fixed,SFP inserted or port restored this week
BKK10001G01,ZTE,C300,,gpon_1/7/15,up,2.4,nan,BKK10X1NUT4,Recovered / Fixed,SFP inserted or port restored this week
BKK10001G01,ZTE,C300,,gpon_1/7/16,up,2.4,nan,BKK10X1NZSW,Recovered / Fixed,SFP inserted or port restored this week
BKK10001G01,ZTE,C300,,gpon_1/7/2,up,2.4,nan,BKK10X1O722,Recovered / Fixed,SFP inserted or port restored this week
BKK10001G01,ZTE,C300,,gpon_1/7/3,up,2.4,nan,BKK10X1O72H,Recovered / Fixed,SFP inserted or port restored this week
BKK10001G01,ZTE,C300,,gpon_1/7/4,up,2.4,nan,BKK10X1NV6U,Recovered / Fixed,SFP inserted or port restored this week
BKK10001G01,ZTE,C300,,gpon_1/7/5,up,2.4,nan,BKK10X1NZFL,Recovered / Fixed,SFP inserted or port restored this week
BKK10001G01,ZTE,C300,,gpon_1/7/6,up,2.4,nan,BKK10X1NZFM,Recovered / Fixed,SFP inserted or port restored this week
BKK10001G01,ZTE,C300,,gpon_1/7/7,up,2.4,nan,BKK10X1NU55,Recovered / Fixed,SFP inserted or port restored this week
BKK10001G01,ZTE,C300,,gpon_1/7/8,up,2.4,nan,BKK10X1NU5F,Recovered / Fixed,SFP inserted or port restored this week
BKK10001G01,ZTE,C300,,gpon_1/7/9,up,2.4,nan,BKK10X1NYQH,Recovered / Fixed,SFP inserted or port restored this week
BKK10001G01,ZTE,C300,,gpon_1/8/1,up,2.4,nan,BKK10X1NZV4,Recovered / Fixed,SFP inserted or port restored this week
BKK10001G01,ZTE,C300,,gpon_1/8/12,up,2.4,nan,BKK44X1OBMB,Recovered / Fixed,SFP inserted or port restored this week
BKK10001G01,ZTE,C300,,gpon_1/8/13,up,2.4,nan,BKK44X1OBK2,Recovered / Fixed,SFP inserted or port restored this week
BKK10001G01,ZTE,C300,,gpon_1/8/15,up,2.4,nan,BKK10X3U95J,Recovered / Fixed,SFP inserted or port restored this week
BKK10001G01,ZTE,C300,,gpon_1/8/16,up,2.4,nan,BKK44X1OBL6,Recovered / Fixed,SFP inserted or port restored this week
BKK10001G01,ZTE,C300,,gpon_1/8/2,up,2.4,nan,BKK10X1NUAA,Recovered / Fixed,SFP inserted or port restored this week
BKK10001G01,ZTE,C300,,gpon_1/8/3,up,2.4,nan,BKK10X1NUAB,Recovered / Fixed,SFP inserted or port restored this week
BKK10001G01,ZTE,C300,,gpon_1/8/4,up,2.4,nan,BKK10X1NU4F,Recovered / Fixed,SFP inserted or port restored this week
BKK10001G01,ZTE,C300,,gpon_1/8/6,up,2.4,nan,BKK10X1NPNW,Recovered / Fixed,SFP inserted or port restored this week
BKK10001G01,ZTE,C300,,gpon_1/8/7,up,2.4,nan,BKK10X1O1MM,Recovered / Fixed,SFP inserted or port restored this week
BKK10001G01,ZTE,C300,,gpon_1/9/1,up,2.4,nan,BKK44X1OBMI,Recovered / Fixed,SFP inserted or port restored this week
BKK10001G01,ZTE,C300,,gpon_1/9/10,up,2.4,nan,BKK44X1OBPT,Recovered / Fixed,SFP inserted or port restored this week
BKK10001G01,ZTE,C300,,gpon_1/9/11,up,2.4,nan,BKK44X1OBPU,Recovered / Fixed,SFP inserted or port restored this week
BKK10001G01,ZTE,C300,,gpon_1/9/12,up,2.4,nan,BKK44X1QJHH,Recovered / Fixed,SFP inserted or port restored this week
BKK10001G01,ZTE,C300,,gpon_1/9/13,up,2.4,nan,BKK44X1QJHM,Recovered / Fixed,SFP inserted or port restored this week
BKK10001G01,ZTE,C300,,gpon_1/9/15,up,2.4,nan,BKK44X1QJHW,Recovered / Fixed,SFP inserted or port restored this week
BKK10001G01,ZTE,C300,,gpon_1/9/16,up,2.4,nan,BKK44X1QJI1,Recovered / Fixed,SFP inserted or port restored this week
BKK10001G01,ZTE,C300,,gpon_1/9/3,up,2.4,nan,BKK44X1OBQ8,Recovered / Fixed,SFP inserted or port restored this week
BKK10001G01,ZTE,C300,,gpon_1/9/4,up,2.4,nan,BKK44X1OBEZ,Recovered / Fixed,SFP inserted or port restored this week
BKK10001G01,ZTE,C300,,gpon_1/9/5,up,2.4,nan,BKK44X1ODL9,Recovered / Fixed,SFP inserted or port restored this week
BKK10001G01,ZTE,C300,,gpon_1/9/6,down,2.4,nan,BKK44X1OB98,Recovered / Fixed,SFP inserted or port restored this week
BKK10001G01,ZTE,C300,,gpon_1/9/8,up,2.4,nan,BKK44X1OBPX,Recovered / Fixed,SFP inserted or port restored this week
BKK10001G01,ZTE,C300,,gpon_1/9/9,up,2.4,nan,BKK44X1OBQK,Recovered / Fixed,SFP inserted or port restored this week
BKK10AGNG00,ZTE,C300,,gpon_1/16/16,up,2.4,nan,BKK10X1OEQZ,Recovered / Fixed,SFP inserted or port restored this week
BKK10AGNG00,ZTE,C300,,gpon_1/18/1,up,2.4,nan,BKK10X1NYO3,Recovered / Fixed,SFP inserted or port restored this week
BKK10AGNG00,ZTE,C300,,gpon_1/18/10,up,2.4,nan,BKK10X1O49S,Recovered / Fixed,SFP inserted or port restored this week
BKK10AGNG00,ZTE,C300,,gpon_1/18/11,up,2.4,nan,BKK10X1O49V,Recovered / Fixed,SFP inserted or port restored this week
BKK10AGNG00,ZTE,C300,,gpon_1/18/13,up,2.4,nan,BKK10X1QTN5,Recovered / Fixed,SFP inserted or port restored this week
BKK10AGNG00,ZTE,C300,,gpon_1/18/14,up,2.4,nan,BKK10X1RFSE,Recovered / Fixed,SFP inserted or port restored this week
BKK10AGNG00,ZTE,C300,,gpon_1/18/15,up,2.4,nan,BKK10X1RFSJ,Recovered / Fixed,SFP inserted or port restored this week
BKK10AGNG00,ZTE,C300,,gpon_1/18/16,up,2.4,nan,BKK10X1QCJU,Recovered / Fixed,SFP inserted or port restored this week
BKK10AGNG00,ZTE,C300,,gpon_1/18/2,up,2.4,nan,BKK10X1NYO4,Recovered / Fixed,SFP inserted or port restored this week
BKK10AGNG00,ZTE,C300,,gpon_1/18/3,up,2.4,nan,BKK10X1NYKS,Recovered / Fixed,SFP inserted or port restored this week
BKK10AGNG00,ZTE,C300,,gpon_1/18/4,up,2.4,nan,BKK10X1NYKT,Recovered / Fixed,SFP inserted or port restored this week
BKK10AGNG00,ZTE,C300,,gpon_1/18/5,up,2.4,nan,BKK10X1NYKZ,Recovered / Fixed,SFP inserted or port restored this week
BKK10AGNG00,ZTE,C300,,gpon_1/18/6,up,2.4,nan,BKK10X1NY06,Recovered / Fixed,SFP inserted or port restored this week
BKK10AGNG00,ZTE,C300,,gpon_1/18/7,up,2.4,nan,BKK10X1NZ8S,Recovered / Fixed,SFP inserted or port restored this week
BKK10AGNG00,ZTE,C300,,gpon_1/18/8,up,2.4,nan,BKK10X1O47Q,Recovered / Fixed,SFP inserted or port restored this week
BKK10AGNG00,ZTE,C300,,gpon_1/18/9,up,2.4,nan,BKK10X1O47R,Recovered / Fixed,SFP inserted or port restored this week
BKK10AGNG00,ZTE,C300,,gpon_1/2/11,up,2.4,nan,BKK10X18VL6,Recovered / Fixed,SFP inserted or port restored this week
BKK10AGNG00,ZTE,C300,,gpon_1/2/8,up,2.4,nan,BKK10X18VIL,Recovered / Fixed,SFP inserted or port restored this week
BKK10AGNG00,ZTE,C300,,gpon_1/3/7,up,2.4,nan,BKK10X18VP6,Recovered / Fixed,SFP inserted or port restored this week
BKK10AGNG01,ZTE,C300,,gpon_1/3/6,up,2.4,nan,BKK10X2NZRP,Recovered / Fixed,SFP inserted or port restored this week
BKK10AGNG01,ZTE,C300,,gpon_1/3/9,up,2.4,nan,BKK10X2S4YF,Recovered / Fixed,SFP inserted or port restored this week
BKK10AGNG01,ZTE,C300,,gpon_1/5/1,up,2.4,nan,BKK10X2XXUV,Recovered / Fixed,SFP inserted or port restored this week
BKK10AGNG01,ZTE,C300,,gpon_1/5/10,up,2.4,nan,BKK10X3GHP8,Recovered / Fixed,SFP inserted or port restored this week
BKK10AGNG01,ZTE,C300,,gpon_1/5/11,up,2.4,nan,BKK10X3GHPD,Recovered / Fixed,SFP inserted or port restored this week
BKK10AGNG01,ZTE,C300,,gpon_1/5/12,up,2.4,nan,BKK10X3GHPI,Recovered / Fixed,SFP inserted or port restored this week
BKK10AGNG01,ZTE,C300,,gpon_1/5/13,up,2.4,nan,BKK10X3GHPN,Recovered / Fixed,SFP inserted or port restored this week
BKK10AGNG01,ZTE,C300,,gpon_1/5/14,up,2.4,nan,BKK10X3HC7Z,Recovered / Fixed,SFP inserted or port restored this week
BKK10AGNG01,ZTE,C300,,gpon_1/5/15,up,2.4,nan,BKK10X3HCOR,Recovered / Fixed,SFP inserted or port restored this week
BKK10AGNG01,ZTE,C300,,gpon_1/5/2,up,2.4,nan,BKK10X2XC70,Recovered / Fixed,SFP inserted or port restored this week
BKK10AGNG01,ZTE,C300,,gpon_1/5/4,up,2.4,nan,BKK10X34O6W,Recovered / Fixed,SFP inserted or port restored this week
BKK10AGNG01,ZTE,C300,,gpon_1/5/5,up,2.4,nan,BKK10X34YK1,Recovered / Fixed,SFP inserted or port restored this week
BKK10AGNG01,ZTE,C300,,gpon_1/5/6,up,2.4,nan,BKK10X34SV4,Recovered / Fixed,SFP inserted or port restored this week
BKK10AGNG01,ZTE,C300,,gpon_1/5/7,up,2.4,nan,BKK10X34YFK,Recovered / Fixed,SFP inserted or port restored this week
BKK10AGNG01,ZTE,C300,,gpon_1/5/8,up,2.4,nan,BKK10X37F8M,Recovered / Fixed,SFP inserted or port restored this week
BKK10AGNG01,ZTE,C300,,gpon_1/5/9,up,2.4,nan,BKK10X39PD4,Recovered / Fixed,SFP inserted or port restored this week
BKK10AGNG01,ZTE,C300,,gpon_1/6/8,up,2.4,nan,BKK10X3Q52S,Recovered / Fixed,SFP inserted or port restored this week
BKK11001G00,ZTE,C300,,gpon_1/9/4,up,2.4,nan,BKK11X0700G,Recovered / Fixed,SFP inserted or port restored this week
BKK11001G01,ZTE,C300,,gpon_1/12/1,down,2.4,nan,BKK11X3SN1A,Recovered / Fixed,SFP inserted or port restored this week
BKK11001G01,ZTE,C300,,gpon_1/12/2,down,2.4,nan,BKK11X3SN1C,Recovered / Fixed,SFP inserted or port restored this week
BKK11001G01,ZTE,C300,,gpon_1/12/3,up,2.4,nan,BKK11X3UVWR,Recovered / Fixed,SFP inserted or port restored this week
BKK11001G01,ZTE,C300,,gpon_1/12/4,up,2.4,nan,BKK11X3T408,Recovered / Fixed,SFP inserted or port restored this week
BKK11001G01,ZTE,C300,,gpon_1/12/5,up,2.4,nan,BKK11X3VNL2,Recovered / Fixed,SFP inserted or port restored this week
BKK11001G01,ZTE,C300,,gpon_1/12/6,up,2.4,nan,BKK11X3VR8J,Recovered / Fixed,SFP inserted or port restored this week
BKK11014GO0,ZTE,C320,,gpon_1/2/9,up,2.4,nan,BKK11X1JRNV,Recovered / Fixed,SFP inserted or port restored this week
BKK11018GO0,ZTE,C320,,gpon_1/1/8,up,2.4,nan,BKK11X15SP9,Recovered / Fixed,SFP inserted or port restored this week
BKK11021GO0,ZTE,C320,,gpon_1/2/3,up,2.4,nan,BKK11X15X69,Recovered / Fixed,SFP inserted or port restored this week
BKK11025GO0,ZTE,C320,,gpon_1/1/10,up,2.4,nan,BKK11X239QY,Recovered / Fixed,SFP inserted or port restored this week
BKK12002GO0,ZTE,C320,,gpon_1/1/1,up,2.4,nan,STD-07-01/G001-O,Recovered / Fixed,SFP inserted or port restored this week
BKK12013GO0,Fiberhome,AN5516-04,,PON 1/1,up,2.4,nan,BKK12X2MS74,Recovered / Fixed,SFP inserted or port restored this week
BKK12013GO0,Fiberhome,AN5516-04,,PON 1/10,up,2.4,nan,BKK12X2MT5S,Recovered / Fixed,SFP inserted or port restored this week
BKK12013GO0,Fiberhome,AN5516-04,,PON 1/11,up,2.4,nan,BKK28X2J5GI,Recovered / Fixed,SFP inserted or port restored this week
BKK12013GO0,Fiberhome,AN5516-04,,PON 1/12,up,2.4,nan,BKK28X2J5GN,Recovered / Fixed,SFP inserted or port restored this week
BKK12013GO0,Fiberhome,AN5516-04,,PON 1/13,up,2.4,nan,BKK12X3284Q,Recovered / Fixed,SFP inserted or port restored this week
BKK12013GO0,Fiberhome,AN5516-04,,PON 1/14,up,2.4,nan,BKK28X3RWFB,Recovered / Fixed,SFP inserted or port restored this week
BKK12013GO0,Fiberhome,AN5516-04,,PON 1/15,up,2.4,nan,BKK12X3OGI0,Recovered / Fixed,SFP inserted or port restored this week
BKK12013GO0,Fiberhome,AN5516-04,,PON 1/2,up,2.4,nan,BKK12X2MS7W,Recovered / Fixed,SFP inserted or port restored this week
BKK12013GO0,Fiberhome,AN5516-04,,PON 1/3,up,2.4,nan,BKK12X2MSAP,Recovered / Fixed,SFP inserted or port restored this week
BKK12013GO0,Fiberhome,AN5516-04,,PON 1/4,up,2.4,nan,BKK12X2MSGM,Recovered / Fixed,SFP inserted or port restored this week
BKK12013GO0,Fiberhome,AN5516-04,,PON 1/5,up,2.4,nan,BKK12X2MSJ2,Recovered / Fixed,SFP inserted or port restored this week
BKK12013GO0,Fiberhome,AN5516-04,,PON 1/6,up,2.4,nan,BKK12X2MSK5,Recovered / Fixed,SFP inserted or port restored this week
BKK12013GO0,Fiberhome,AN5516-04,,PON 1/7,up,2.4,nan,BKK12X2MSQA,Recovered / Fixed,SFP inserted or port restored this week
BKK12013GO0,Fiberhome,AN5516-04,,PON 1/8,up,2.4,nan,BKK12X2MSZB,Recovered / Fixed,SFP inserted or port restored this week
BKK12013GO0,Fiberhome,AN5516-04,,PON 1/9,up,2.4,nan,BKK12X2MT1W,Recovered / Fixed,SFP inserted or port restored this week
BKK12013GO0,Fiberhome,AN5516-04,,PON 2/1,up,2.4,nan,BKK12X32H2C,Recovered / Fixed,SFP inserted or port restored this week
BKK12013GO0,Fiberhome,AN5516-04,,PON 2/10,up,2.4,nan,BKK28X38BO9,Recovered / Fixed,SFP inserted or port restored this week
BKK12013GO0,Fiberhome,AN5516-04,,PON 2/11,up,2.4,nan,BKK28X38BOA,Recovered / Fixed,SFP inserted or port restored this week
BKK12013GO0,Fiberhome,AN5516-04,,PON 2/12,up,2.4,nan,BKK12X2W0NB,Recovered / Fixed,SFP inserted or port restored this week
BKK12013GO0,Fiberhome,AN5516-04,,PON 2/14,up,2.4,nan,BKK12X3GOFN,Recovered / Fixed,SFP inserted or port restored this week
BKK12013GO0,Fiberhome,AN5516-04,,PON 2/15,up,2.4,nan,BKK28X3OZ78,Recovered / Fixed,SFP inserted or port restored this week
BKK12013GO0,Fiberhome,AN5516-04,,PON 2/2,up,2.4,nan,BKK28X33VST,Recovered / Fixed,SFP inserted or port restored this week
BKK12013GO0,Fiberhome,AN5516-04,,PON 2/3,up,2.4,nan,BKK12X3RS3I,Recovered / Fixed,SFP inserted or port restored this week
BKK12013GO0,Fiberhome,AN5516-04,,PON 2/5,up,2.4,nan,BKK12X3719P,Recovered / Fixed,SFP inserted or port restored this week
BKK12013GO0,Fiberhome,AN5516-04,,PON 2/7,up,2.4,nan,BKK28X34ZPQ,Recovered / Fixed,SFP inserted or port restored this week
BKK12013GO0,Fiberhome,AN5516-04,,PON 2/9,up,2.4,nan,BKK28X38BO7,Recovered / Fixed,SFP inserted or port restored this week
BKK12015GO0,Fiberhome,AN5516-04,,PON 1/1,up,2.4,nan,BKK12X2MIWC,Recovered / Fixed,SFP inserted or port restored this week
BKK12017G00,ZTE,C320,,gpon_1/1/1,up,2.4,nan,BKK12X2W0PE,Recovered / Fixed,SFP inserted or port restored this week
BKK12017G00,ZTE,C320,,gpon_1/1/2,up,2.4,nan,BKK12X2EHBG,Recovered / Fixed,SFP inserted or port restored this week
BKK12017G00,ZTE,C320,,gpon_1/1/3,up,2.4,nan,BKK12X2W0PR,Recovered / Fixed,SFP inserted or port restored this week
BKK12017G00,ZTE,C320,,gpon_1/1/5,up,2.4,nan,BKK12X2W0Q9,Recovered / Fixed,SFP inserted or port restored this week
BKK12017G00,ZTE,C320,,gpon_1/1/6,up,2.4,nan,BKK12X2EHBT,Recovered / Fixed,SFP inserted or port restored this week
BKK12017G00,ZTE,C320,,gpon_1/1/7,up,2.4,nan,BKK12X2W0QN,Recovered / Fixed,SFP inserted or port restored this week
BKK12017G00,ZTE,C320,,gpon_1/1/8,up,2.4,nan,BKK12X2EHBZ,Recovered / Fixed,SFP inserted or port restored this week
BKK14001G00,ZTE,C300,,gpon_1/12/14,up,2.4,nan,BKK14X0602C,Recovered / Fixed,SFP inserted or port restored this week
BKK14001G00,ZTE,C300,,gpon_1/12/15,down,2.4,nan,BKK14X0602F,Recovered / Fixed,SFP inserted or port restored this week
BKK14001G00,ZTE,C300,,gpon_1/12/16,down,2.4,nan,BKK14X0602K,Recovered / Fixed,SFP inserted or port restored this week
BKK14001G00,ZTE,C300,,gpon_1/12/4,up,2.4,nan,BKK14X0601H,Recovered / Fixed,SFP inserted or port restored this week
BKK14001G00,ZTE,C300,,gpon_1/12/6,up,2.4,nan,BKK14X06014,Recovered / Fixed,SFP inserted or port restored this week
BKK14001G00,ZTE,C300,,gpon_1/13/14,up,2.4,nan,BKK14X0603L,Recovered / Fixed,SFP inserted or port restored this week
BKK14001G00,ZTE,C300,,gpon_1/13/15,down,2.4,nan,BKK14X0603Q,Recovered / Fixed,SFP inserted or port restored this week
BKK14001G00,ZTE,C300,,gpon_1/13/16,up,2.4,nan,BKK14X0603V,Recovered / Fixed,SFP inserted or port restored this week
BKK14001G00,ZTE,C300,,gpon_1/13/2,up,2.4,nan,BKK14X0602S,Recovered / Fixed,SFP inserted or port restored this week
BKK14001G00,ZTE,C300,,gpon_1/13/7,up,2.4,nan,BKK14X0600K,Recovered / Fixed,SFP inserted or port restored this week
BKK14001G00,ZTE,C300,,gpon_1/13/9,up,2.4,nan,BKK14X06030,Recovered / Fixed,SFP inserted or port restored this week
BKK14001G00,ZTE,C300,,gpon_1/14/2,up,2.4,nan,BKK14X06045,Recovered / Fixed,SFP inserted or port restored this week
BKK14001G00,ZTE,C300,,gpon_1/14/3,up,2.4,nan,BKK14X06048,Recovered / Fixed,SFP inserted or port restored this week
BKK14001G00,ZTE,C300,,gpon_1/14/4,up,2.4,nan,BKK14X0604D,Recovered / Fixed,SFP inserted or port restored this week
BKK14001G00,ZTE,C300,,gpon_1/14/5,down,2.4,nan,BKK14X0604I,Recovered / Fixed,SFP inserted or port restored this week
BKK14001G00,ZTE,C300,,gpon_1/14/6,up,2.4,nan,BKK14X0604L,Recovered / Fixed,SFP inserted or port restored this week
BKK14001G00,ZTE,C300,,gpon_1/14/7,up,2.4,nan,BKK14X0604Q,Recovered / Fixed,SFP inserted or port restored this week
BKK14001G00,ZTE,C300,,gpon_1/15/10,up,2.4,nan,BKK14X3OM8X,Recovered / Fixed,SFP inserted or port restored this week
BKK14001G00,ZTE,C300,,gpon_1/15/12,up,2.4,nan,BKK14X060EX,Recovered / Fixed,SFP inserted or port restored this week
BKK14001G00,ZTE,C300,,gpon_1/15/13,up,2.4,nan,BKK14X3OM92,Recovered / Fixed,SFP inserted or port restored this week
BKK14001G00,ZTE,C300,,gpon_1/15/16,up,2.4,nan,BKK14X060FD,Recovered / Fixed,SFP inserted or port restored this week
BKK14001G00,ZTE,C300,,gpon_1/15/2,up,2.4,nan,BKK14X060DH,Recovered / Fixed,SFP inserted or port restored this week
BKK14001G00,ZTE,C300,,gpon_1/15/3,up,2.4,nan,BKK14X060DM,Recovered / Fixed,SFP inserted or port restored this week
BKK14001G00,ZTE,C300,,gpon_1/15/7,up,2.4,nan,BKK14X060E4,Recovered / Fixed,SFP inserted or port restored this week
BKK14001G00,ZTE,C300,,gpon_1/15/9,up,2.4,nan,BKK14X060EC,Recovered / Fixed,SFP inserted or port restored this week
BKK14001G00,ZTE,C300,,gpon_1/16/2,up,2.4,nan,BKK14X060FN,Recovered / Fixed,SFP inserted or port restored this week
BKK14001G00,ZTE,C300,,gpon_1/17/8,up,2.4,nan,BKK14X060AP,Recovered / Fixed,SFP inserted or port restored this week
BKK14001G00,ZTE,C300,,gpon_1/17/9,up,2.4,nan,BKK14X060AS,Recovered / Fixed,SFP inserted or port restored this week
BKK14001G00,ZTE,C300,,gpon_1/18/1,up,2.4,nan,BKK14X2SYRW,Recovered / Fixed,SFP inserted or port restored this week
BKK14001G00,ZTE,C300,,gpon_1/18/13,up,2.4,nan,BKK30X2XTDI,Recovered / Fixed,SFP inserted or port restored this week
BKK14001G00,ZTE,C300,,gpon_1/18/2,up,2.4,nan,BKK14X2SYRX,Recovered / Fixed,SFP inserted or port restored this week
BKK14001G00,ZTE,C300,,gpon_1/18/3,up,2.4,nan,BKK14X2RAE9,Recovered / Fixed,SFP inserted or port restored this week
BKK14001G00,ZTE,C300,,gpon_1/18/4,up,2.4,nan,BKK14X2RAEA,Recovered / Fixed,SFP inserted or port restored this week
BKK14001G00,ZTE,C300,,gpon_1/18/5,up,2.4,nan,BKK14X2RAEB,Recovered / Fixed,SFP inserted or port restored this week
BKK14001G00,ZTE,C300,,gpon_1/18/6,up,2.4,nan,BKK14X2VAVU,Recovered / Fixed,SFP inserted or port restored this week
BKK14001G00,ZTE,C300,,gpon_1/18/7,up,2.4,nan,BKK30X3HEOT,Recovered / Fixed,SFP inserted or port restored this week
BKK14001G00,ZTE,C300,,gpon_1/18/8,up,2.4,nan,BKK14X2VAWX,Recovered / Fixed,SFP inserted or port restored this week
BKK14001G00,ZTE,C300,,gpon_1/19/1,up,2.4,nan,BKK30X3DH4S,Recovered / Fixed,SFP inserted or port restored this week
BKK14001G00,ZTE,C300,,gpon_1/19/10,up,2.4,nan,BKK14X3DU0U,Recovered / Fixed,SFP inserted or port restored this week
BKK14001G00,ZTE,C300,,gpon_1/19/11,up,2.4,nan,BKK14X3DU0V,Recovered / Fixed,SFP inserted or port restored this week
BKK14001G00,ZTE,C300,,gpon_1/19/12,up,2.4,nan,BKK14X3DXM9,Recovered / Fixed,SFP inserted or port restored this week
BKK14001G00,ZTE,C300,,gpon_1/19/13,up,2.4,nan,BKK30X3E7J5,Recovered / Fixed,SFP inserted or port restored this week
BKK14001G00,ZTE,C300,,gpon_1/19/14,up,2.4,nan,BKK14X3FSR9,Recovered / Fixed,SFP inserted or port restored this week
BKK14001G00,ZTE,C300,,gpon_1/19/15,up,2.4,nan,BKK14X3G49D,Recovered / Fixed,SFP inserted or port restored this week
BKK14001G00,ZTE,C300,,gpon_1/19/2,up,2.4,nan,BKK14X3D2RG,Recovered / Fixed,SFP inserted or port restored this week
BKK14001G00,ZTE,C300,,gpon_1/19/3,up,2.4,nan,BKK14X3D2RH,Recovered / Fixed,SFP inserted or port restored this week
BKK14001G00,ZTE,C300,,gpon_1/19/4,up,2.4,nan,BKK14X3DK7S,Recovered / Fixed,SFP inserted or port restored this week
BKK14001G00,ZTE,C300,,gpon_1/19/5,up,2.4,nan,BKK14X3E5R0,Recovered / Fixed,SFP inserted or port restored this week
BKK14001G00,ZTE,C300,,gpon_1/19/6,up,2.4,nan,BKK14X3DSCK,Recovered / Fixed,SFP inserted or port restored this week
BKK14001G00,ZTE,C300,,gpon_1/19/7,up,2.4,nan,BKK14X3DSE3,Recovered / Fixed,SFP inserted or port restored this week
BKK14001G00,ZTE,C300,,gpon_1/19/8,up,2.4,nan,BKK14X3E51H,Recovered / Fixed,SFP inserted or port restored this week
BKK14001G00,ZTE,C300,,gpon_1/4/14,up,2.4,nan,BKK14X0405W,Recovered / Fixed,SFP inserted or port restored this week
BKK14001G00,ZTE,C300,,gpon_1/5/4,down,2.4,nan,BKK14X0406O,Recovered / Fixed,SFP inserted or port restored this week
BKK14001G01,ZTE,C300,,gpon_1/12/1,up,2.4,nan,BKK14X02049,Recovered / Fixed,SFP inserted or port restored this week
BKK14001G01,ZTE,C300,,gpon_1/12/10,up,2.4,nan,BKK14X0205E,Recovered / Fixed,SFP inserted or port restored this week
BKK14001G01,ZTE,C300,,gpon_1/12/12,up,2.4,nan,BKK14X0205O,Recovered / Fixed,SFP inserted or port restored this week
BKK14001G01,ZTE,C300,,gpon_1/12/13,up,2.4,nan,BKK14X0205T,Recovered / Fixed,SFP inserted or port restored this week
BKK14001G01,ZTE,C300,,gpon_1/12/14,up,2.4,nan,BKK14X0205W,Recovered / Fixed,SFP inserted or port restored this week
BKK14001G01,ZTE,C300,,gpon_1/12/15,up,2.4,nan,BKK14X02061,Recovered / Fixed,SFP inserted or port restored this week
BKK14001G01,ZTE,C300,,gpon_1/12/16,up,2.4,nan,BKK14X02064,Recovered / Fixed,SFP inserted or port restored this week
BKK14001G01,ZTE,C300,,gpon_1/12/2,up,2.4,nan,BKK14X0204E,Recovered / Fixed,SFP inserted or port restored this week
BKK14001G01,ZTE,C300,,gpon_1/12/3,up,2.4,nan,BKK14X0204J,Recovered / Fixed,SFP inserted or port restored this week
BKK14001G01,ZTE,C300,,gpon_1/12/4,up,2.4,nan,BKK14X0204O,Recovered / Fixed,SFP inserted or port restored this week
BKK14001G01,ZTE,C300,,gpon_1/12/5,up,2.4,nan,BKK14X0204T,Recovered / Fixed,SFP inserted or port restored this week
BKK14001G01,ZTE,C300,,gpon_1/12/6,up,2.4,nan,BKK14X0204W,Recovered / Fixed,SFP inserted or port restored this week
BKK14001G01,ZTE,C300,,gpon_1/12/7,up,2.4,nan,BKK14X02051,Recovered / Fixed,SFP inserted or port restored this week
BKK14001G01,ZTE,C300,,gpon_1/12/8,up,2.4,nan,BKK14X02056,Recovered / Fixed,SFP inserted or port restored this week
BKK14001G01,ZTE,C300,,gpon_1/13/10,up,2.4,nan,BKK14X0503V,Recovered / Fixed,SFP inserted or port restored this week
BKK14001G01,ZTE,C300,,gpon_1/13/11,down,2.4,nan,BKK14X0605G,Recovered / Fixed,SFP inserted or port restored this week
BKK14001G01,ZTE,C300,,gpon_1/13/3,up,2.4,nan,BKK14X0502W,Recovered / Fixed,SFP inserted or port restored this week
BKK14001G01,ZTE,C300,,gpon_1/13/8,up,2.4,nan,BKK14X0503L,Recovered / Fixed,SFP inserted or port restored this week
BKK14001G01,ZTE,C300,,gpon_1/14/14,up,2.4,nan,BKK14X0607N,Recovered / Fixed,SFP inserted or port restored this week
BKK14001G01,ZTE,C300,,gpon_1/15/16,up,2.4,nan,BKK14X1J8HI,Recovered / Fixed,SFP inserted or port restored this week
BKK14001G01,ZTE,C300,,gpon_1/16/11,up,2.4,nan,BKK14X04X05,Recovered / Fixed,SFP inserted or port restored this week
BKK14001G01,ZTE,C300,,gpon_1/16/12,up,2.4,nan,BKK14X04X0A,Recovered / Fixed,SFP inserted or port restored this week
BKK14001G01,ZTE,C300,,gpon_1/16/13,up,2.4,nan,BKK14X04X0F,Recovered / Fixed,SFP inserted or port restored this week
BKK14001G01,ZTE,C300,,gpon_1/16/14,up,2.4,nan,BKK14X04X0K,Recovered / Fixed,SFP inserted or port restored this week
BKK14001G01,ZTE,C300,,gpon_1/16/15,up,2.4,nan,BKK14X04X0P,Recovered / Fixed,SFP inserted or port restored this week
BKK14001G01,ZTE,C300,,gpon_1/16/2,up,2.4,nan,BKK14X1NB9V,Recovered / Fixed,SFP inserted or port restored this week
BKK14001G01,ZTE,C300,,gpon_1/16/3,up,2.4,nan,BKK14X1NB9W,Recovered / Fixed,SFP inserted or port restored this week
BKK14001G01,ZTE,C300,,gpon_1/16/4,down,2.4,nan,BKK14X1NB8Y,Recovered / Fixed,SFP inserted or port restored this week
BKK14001G01,ZTE,C300,,gpon_1/16/5,up,2.4,nan,BKK14X1NB90,Recovered / Fixed,SFP inserted or port restored this week
BKK14001G01,ZTE,C300,,gpon_1/16/9,up,2.4,nan,BKK14X1NBCA,Recovered / Fixed,SFP inserted or port restored this week
BKK14001G01,ZTE,C300,,gpon_1/17/11,up,2.4,nan,BKK30X1PJOV,Recovered / Fixed,SFP inserted or port restored this week
BKK14001G01,ZTE,C300,,gpon_1/17/12,up,2.4,nan,BKK30X1SRVL,Recovered / Fixed,SFP inserted or port restored this week
BKK14001G01,ZTE,C300,,gpon_1/17/13,down,2.4,nan,BKK14X3QKRA,Recovered / Fixed,SFP inserted or port restored this week
BKK14001G01,ZTE,C300,,gpon_1/17/2,up,2.4,nan,BKK14X1M0MP,Recovered / Fixed,SFP inserted or port restored this week
BKK14001G01,ZTE,C300,,gpon_1/19/1,up,2.4,nan,BKK30X3HZGI,Recovered / Fixed,SFP inserted or port restored this week
BKK14001G01,ZTE,C300,,gpon_1/19/10,up,2.4,nan,BKK14X3LWKC,Recovered / Fixed,SFP inserted or port restored this week
BKK14001G01,ZTE,C300,,gpon_1/19/11,up,2.4,nan,BKK14X3LWKD,Recovered / Fixed,SFP inserted or port restored this week
BKK14001G01,ZTE,C300,,gpon_1/19/12,up,2.4,nan,BKK14X3LWKF,Recovered / Fixed,SFP inserted or port restored this week
BKK14001G01,ZTE,C300,,gpon_1/19/13,up,2.4,nan,BKK14X3LWKE,Recovered / Fixed,SFP inserted or port restored this week
BKK14001G01,ZTE,C300,,gpon_1/19/14,up,2.4,nan,BKK14X3NHYA,Recovered / Fixed,SFP inserted or port restored this week
BKK14001G01,ZTE,C300,,gpon_1/19/15,up,2.4,nan,BKK14X3NHY9,Recovered / Fixed,SFP inserted or port restored this week
BKK14001G01,ZTE,C300,,gpon_1/19/16,up,2.4,nan,BKK14X3NHY8,Recovered / Fixed,SFP inserted or port restored this week
BKK14001G01,ZTE,C300,,gpon_1/19/2,up,2.4,nan,BKK14X3G8JN,Recovered / Fixed,SFP inserted or port restored this week
BKK14001G01,ZTE,C300,,gpon_1/19/3,up,2.4,nan,BKK14X3HKIY,Recovered / Fixed,SFP inserted or port restored this week
BKK14001G01,ZTE,C300,,gpon_1/19/6,up,2.4,nan,BKK14X3LWFK,Recovered / Fixed,SFP inserted or port restored this week
BKK14001G01,ZTE,C300,,gpon_1/19/7,up,2.4,nan,BKK14X3LWFL,Recovered / Fixed,SFP inserted or port restored this week
BKK14001G01,ZTE,C300,,gpon_1/19/8,up,2.4,nan,BKK14X3LWFM,Recovered / Fixed,SFP inserted or port restored this week
BKK14001G01,ZTE,C300,,gpon_1/19/9,up,2.4,nan,BKK14X3LWFN,Recovered / Fixed,SFP inserted or port restored this week
BKK14001G01,ZTE,C300,,gpon_1/5/13,up,2.4,nan,BKK30X0D034,Recovered / Fixed,SFP inserted or port restored this week
BKK14001G01,ZTE,C300,,gpon_1/7/10,up,2.4,nan,BKK14X0302K,Recovered / Fixed,SFP inserted or port restored this week
BKK14001G01,ZTE,C300,,gpon_1/8/1,up,2.4,nan,BKK14X02007,Recovered / Fixed,SFP inserted or port restored this week
BKK14001G01,ZTE,C300,,gpon_1/8/10,up,2.4,nan,BKK14X0201E,Recovered / Fixed,SFP inserted or port restored this week
BKK14001G01,ZTE,C300,,gpon_1/8/11,up,2.4,nan,BKK14X0201H,Recovered / Fixed,SFP inserted or port restored this week
BKK14001G01,ZTE,C300,,gpon_1/8/12,up,2.4,nan,BKK14X0201M,Recovered / Fixed,SFP inserted or port restored this week
BKK14001G01,ZTE,C300,,gpon_1/8/13,up,2.4,nan,BKK14X0201R,Recovered / Fixed,SFP inserted or port restored this week
BKK14001G01,ZTE,C300,,gpon_1/8/14,up,2.4,nan,BKK14X0201U,Recovered / Fixed,SFP inserted or port restored this week
BKK14001G01,ZTE,C300,,gpon_1/8/15,up,2.4,nan,BKK14X0201Z,Recovered / Fixed,SFP inserted or port restored this week
BKK14001G01,ZTE,C300,,gpon_1/8/16,up,2.4,nan,BKK14X02024,Recovered / Fixed,SFP inserted or port restored this week
BKK14001G01,ZTE,C300,,gpon_1/8/2,down,2.4,nan,BKK14X0200C,Recovered / Fixed,SFP inserted or port restored this week
BKK14001G01,ZTE,C300,,gpon_1/8/3,up,2.4,nan,BKK14X0200H,Recovered / Fixed,SFP inserted or port restored this week
BKK14001G01,ZTE,C300,,gpon_1/8/4,up,2.4,nan,BKK14X0200M,Recovered / Fixed,SFP inserted or port restored this week
BKK14001G01,ZTE,C300,,gpon_1/8/5,down,2.4,nan,BKK14X0200R,Recovered / Fixed,SFP inserted or port restored this week
BKK14001G01,ZTE,C300,,gpon_1/8/7,up,2.4,nan,BKK14X0200Z,Recovered / Fixed,SFP inserted or port restored this week
BKK14001G01,ZTE,C300,,gpon_1/8/8,up,2.4,nan,BKK14X02014,Recovered / Fixed,SFP inserted or port restored this week
BKK14001G01,ZTE,C300,,gpon_1/9/10,up,2.4,nan,BKK14X0203C,Recovered / Fixed,SFP inserted or port restored this week
BKK14001G01,ZTE,C300,,gpon_1/9/11,up,2.4,nan,BKK14X0203H,Recovered / Fixed,SFP inserted or port restored this week
BKK14001G01,ZTE,C300,,gpon_1/9/12,up,2.4,nan,BKK14X0203K,Recovered / Fixed,SFP inserted or port restored this week
BKK14001G01,ZTE,C300,,gpon_1/9/13,up,2.4,nan,BKK14X0203P,Recovered / Fixed,SFP inserted or port restored this week
BKK14001G01,ZTE,C300,,gpon_1/9/14,up,2.4,nan,BKK14X0203U,Recovered / Fixed,SFP inserted or port restored this week
BKK14001G01,ZTE,C300,,gpon_1/9/15,up,2.4,nan,BKK14X0203Z,Recovered / Fixed,SFP inserted or port restored this week
BKK14001G01,ZTE,C300,,gpon_1/9/16,up,2.4,nan,BKK14X02044,Recovered / Fixed,SFP inserted or port restored this week
BKK14001G01,ZTE,C300,,gpon_1/9/2,up,2.4,nan,BKK14X0202C,Recovered / Fixed,SFP inserted or port restored this week
BKK14001G01,ZTE,C300,,gpon_1/9/3,up,2.4,nan,BKK14X0202H,Recovered / Fixed,SFP inserted or port restored this week
BKK14001G01,ZTE,C300,,gpon_1/9/4,up,2.4,nan,BKK14X0202P,Recovered / Fixed,SFP inserted or port restored this week
BKK14001G01,ZTE,C300,,gpon_1/9/5,up,2.4,nan,BKK14X0202K,Recovered / Fixed,SFP inserted or port restored this week
BKK14001G01,ZTE,C300,,gpon_1/9/6,up,2.4,nan,BKK14X0202Z,Recovered / Fixed,SFP inserted or port restored this week
BKK14001G01,ZTE,C300,,gpon_1/9/7,up,2.4,nan,BKK14X0202U,Recovered / Fixed,SFP inserted or port restored this week
BKK14001G01,ZTE,C300,,gpon_1/9/9,up,2.4,nan,BKK14X02037,Recovered / Fixed,SFP inserted or port restored this week
BKK14001G02,ZTE,C300,,gpon_1/15/12,up,2.4,nan,BKK14X2LRXT,Recovered / Fixed,SFP inserted or port restored this week
BKK14001G02,ZTE,C300,,gpon_1/15/2,up,2.4,nan,BKK14X2FFSI,Recovered / Fixed,SFP inserted or port restored this week
BKK14001G02,ZTE,C300,,gpon_1/19/12,up,2.4,nan,BKK14X2EMDC,Recovered / Fixed,SFP inserted or port restored this week
BKK14001G02,ZTE,C300,,gpon_1/9/13,up,2.4,nan,BKK30X2SHXA,Recovered / Fixed,SFP inserted or port restored this week
BKK17001G00,ZTE,C300,,gpon_1/12/7,up,2.4,nan,BKK30X0401M,Recovered / Fixed,SFP inserted or port restored this week
BKK17001G00,ZTE,C300,,gpon_1/8/16,up,2.4,nan,BKK26X0708K,Recovered / Fixed,SFP inserted or port restored this week
BKK17001G01,ZTE,C300,,gpon_1/12/15,up,2.4,nan,BKK26X1OVPB,Recovered / Fixed,SFP inserted or port restored this week
BKK17001G01,ZTE,C300,,gpon_1/4/7,up,2.4,nan,BKK26X0604L,Recovered / Fixed,SFP inserted or port restored this week
BKK17001G01,ZTE,C300,,gpon_1/6/1,up,2.4,nan,BKK26X06086,Recovered / Fixed,SFP inserted or port restored this week
BKK17001G01,ZTE,C300,,gpon_1/6/10,up,2.4,nan,BKK26X0609A,Recovered / Fixed,SFP inserted or port restored this week
BKK17001G01,ZTE,C300,,gpon_1/6/11,up,2.4,nan,BKK26X0609F,Recovered / Fixed,SFP inserted or port restored this week
BKK17001G01,ZTE,C300,,gpon_1/6/3,up,2.4,nan,BKK26X0608G,Recovered / Fixed,SFP inserted or port restored this week
BKK17001G01,ZTE,C300,,gpon_1/6/8,up,2.4,nan,BKK26X06093,Recovered / Fixed,SFP inserted or port restored this week
BKK17001G01,ZTE,C300,,gpon_1/6/9,up,2.4,nan,BKK26X06097,Recovered / Fixed,SFP inserted or port restored this week
BKK17001G02,ZTE,C300,,gpon_1/13/1,up,2.4,nan,BKK26X2FMVW,Recovered / Fixed,SFP inserted or port restored this week
BKK17001G02,ZTE,C300,,gpon_1/4/9,up,2.4,nan,BKK26X2033V,Recovered / Fixed,SFP inserted or port restored this week
BKK17003GO0,ZTE,C320,,gpon_1/1/12,down,2.4,nan,HAM-07-01/G002-O,Recovered / Fixed,SFP inserted or port restored this week
BKK17003GO0,ZTE,C320,,gpon_1/2/5,down,2.4,nan,BKK17X3P3NM,Recovered / Fixed,SFP inserted or port restored this week
BKK17008G00,ZTE,C320,,gpon_1/1/3,up,2.4,nan,BKK17X2HHCU,Recovered / Fixed,SFP inserted or port restored this week
BKK17017GO0,Fiberhome,AN5516-04,,PON 2/13,up,2.4,nan,BKK17X3OHHM,Recovered / Fixed,SFP inserted or port restored this week
BKK17023GO0,Fiberhome,AN5516-04,,PON 1/15,up,2.4,nan,BKK17X3ESX7,Recovered / Fixed,SFP inserted or port restored this week
BKK17025GO0,Fiberhome,AN6000-2,,PON 1/10,up,2.4,nan,BKK17X32UM2,Recovered / Fixed,SFP inserted or port restored this week
BKK21022GO0,Fiberhome,AN5516-04,,PON 1/6,up,2.4,nan,BKK21X2LCZ5,Recovered / Fixed,SFP inserted or port restored this week
BKK25017G00,ZTE,C320,,gpon_1/1/2,up,2.4,nan,BKK25X2GLY2,Recovered / Fixed,SFP inserted or port restored this week
BKK25017G00,ZTE,C320,,gpon_1/1/4,up,2.4,nan,BKK25X2GLYE,Recovered / Fixed,SFP inserted or port restored this week
BKK27002G01,ZTE,C300,,gpon_1/7/6,up,2.4,nan,BKK27X1PDKK,Recovered / Fixed,SFP inserted or port restored this week
BKK27002G01,ZTE,C300,,gpon_1/8/5,up,2.4,nan,BKK27X1SGA6,Recovered / Fixed,SFP inserted or port restored this week
BKK28003GO0,ZTE,C320,,gpon_1/1/2,up,2.4,nan,BKK28X1Z5YM,Recovered / Fixed,SFP inserted or port restored this week
BKK29001G00,ZTE,C300,,gpon_1/12/1,up,2.4,nan,BKK29X1ORU5,Recovered / Fixed,SFP inserted or port restored this week
BKK29001G00,ZTE,C300,,gpon_1/12/10,up,2.4,nan,BKK29X1KOP2,Recovered / Fixed,SFP inserted or port restored this week
BKK29001G00,ZTE,C300,,gpon_1/12/11,up,2.4,nan,BKK29X1KOP3,Recovered / Fixed,SFP inserted or port restored this week
BKK29001G00,ZTE,C300,,gpon_1/12/13,up,2.4,nan,BKK29X1P14H,Recovered / Fixed,SFP inserted or port restored this week
BKK29001G00,ZTE,C300,,gpon_1/12/15,up,2.4,nan,BKK29X1PU5G,Recovered / Fixed,SFP inserted or port restored this week
BKK29001G00,ZTE,C300,,gpon_1/12/16,up,2.4,nan,BKK29X1PU5H,Recovered / Fixed,SFP inserted or port restored this week
BKK29001G00,ZTE,C300,,gpon_1/12/2,up,2.4,nan,BKK29X1ORU7,Recovered / Fixed,SFP inserted or port restored this week
BKK29001G00,ZTE,C300,,gpon_1/12/3,up,2.4,nan,BKK29X1ORTC,Recovered / Fixed,SFP inserted or port restored this week
BKK29001G00,ZTE,C300,,gpon_1/12/4,up,2.4,nan,BKK29X1ORTE,Recovered / Fixed,SFP inserted or port restored this week
BKK29001G00,ZTE,C300,,gpon_1/12/5,up,2.4,nan,BKK29X1ORTT,Recovered / Fixed,SFP inserted or port restored this week
BKK29001G00,ZTE,C300,,gpon_1/12/6,up,2.4,nan,BKK29X1ORTU,Recovered / Fixed,SFP inserted or port restored this week
BKK29001G00,ZTE,C300,,gpon_1/12/7,up,2.4,nan,BKK29X1QMPB,Recovered / Fixed,SFP inserted or port restored this week
BKK29001G00,ZTE,C300,,gpon_1/12/8,up,2.4,nan,BKK29X1KOOZ,Recovered / Fixed,SFP inserted or port restored this week
BKK29001G00,ZTE,C300,,gpon_1/12/9,up,2.4,nan,BKK29X1KOP0,Recovered / Fixed,SFP inserted or port restored this week
BKK29001G00,ZTE,C300,,gpon_1/13/1,up,2.4,nan,BKK29X1PU5I,Recovered / Fixed,SFP inserted or port restored this week
BKK29001G00,ZTE,C300,,gpon_1/13/10,up,2.4,nan,BKK29X1SSEG,Recovered / Fixed,SFP inserted or port restored this week
BKK29001G00,ZTE,C300,,gpon_1/13/11,up,2.4,nan,BKK29X1SPYX,Recovered / Fixed,SFP inserted or port restored this week
BKK29001G00,ZTE,C300,,gpon_1/13/13,up,2.4,nan,BKK29X1S93I,Recovered / Fixed,SFP inserted or port restored this week
BKK29001G00,ZTE,C300,,gpon_1/13/14,up,2.4,nan,BKK29X1VJ91,Recovered / Fixed,SFP inserted or port restored this week
BKK29001G00,ZTE,C300,,gpon_1/13/15,up,2.4,nan,BKK29X1UV2S,Recovered / Fixed,SFP inserted or port restored this week
BKK29001G00,ZTE,C300,,gpon_1/13/16,up,2.4,nan,BKK30X1Z7I2,Recovered / Fixed,SFP inserted or port restored this week
BKK29001G00,ZTE,C300,,gpon_1/13/2,up,2.4,nan,BKK29X1PUFP,Recovered / Fixed,SFP inserted or port restored this week
BKK29001G00,ZTE,C300,,gpon_1/13/3,up,2.4,nan,BKK29X1P15S,Recovered / Fixed,SFP inserted or port restored this week
BKK29001G00,ZTE,C300,,gpon_1/13/4,up,2.4,nan,BKK29X1P16U,Recovered / Fixed,SFP inserted or port restored this week
BKK29001G00,ZTE,C300,,gpon_1/13/5,up,2.4,nan,BKK29X1P16W,Recovered / Fixed,SFP inserted or port restored this week
BKK29001G00,ZTE,C300,,gpon_1/13/6,up,2.4,nan,BKK30X1P9QN,Recovered / Fixed,SFP inserted or port restored this week
BKK29001G00,ZTE,C300,,gpon_1/13/7,up,2.4,nan,BKK30X1P9QO,Recovered / Fixed,SFP inserted or port restored this week
BKK29001G00,ZTE,C300,,gpon_1/13/8,up,2.4,nan,BKK30X1PAGF,Recovered / Fixed,SFP inserted or port restored this week
BKK29001G00,ZTE,C300,,gpon_1/13/9,up,2.4,nan,BKK30X1P9RO,Recovered / Fixed,SFP inserted or port restored this week
BKK29001G00,ZTE,C300,,gpon_1/14/1,up,2.4,nan,BKK30X1SWIP,Recovered / Fixed,SFP inserted or port restored this week
BKK29001G00,ZTE,C300,,gpon_1/14/10,up,2.4,nan,BKK30X1SWSW,Recovered / Fixed,SFP inserted or port restored this week
BKK29001G00,ZTE,C300,,gpon_1/14/11,up,2.4,nan,BKK30X1S513,Recovered / Fixed,SFP inserted or port restored this week
BKK29001G00,ZTE,C300,,gpon_1/14/12,up,2.4,nan,BKK30X1S516,Recovered / Fixed,SFP inserted or port restored this week
BKK29001G00,ZTE,C300,,gpon_1/14/14,up,2.4,nan,BKK29X1VQ29,Recovered / Fixed,SFP inserted or port restored this week
BKK29001G00,ZTE,C300,,gpon_1/14/16,up,2.4,nan,BKK29X1Y2K0,Recovered / Fixed,SFP inserted or port restored this week
BKK29001G00,ZTE,C300,,gpon_1/14/2,up,2.4,nan,BKK30X1SWIL,Recovered / Fixed,SFP inserted or port restored this week
BKK29001G00,ZTE,C300,,gpon_1/14/3,up,2.4,nan,BKK30X1SWIN,Recovered / Fixed,SFP inserted or port restored this week
BKK29001G00,ZTE,C300,,gpon_1/14/4,up,2.4,nan,BKK30X1SWIO,Recovered / Fixed,SFP inserted or port restored this week
BKK29001G00,ZTE,C300,,gpon_1/14/6,up,2.4,nan,BKK30X1SWIW,Recovered / Fixed,SFP inserted or port restored this week
BKK29001G00,ZTE,C300,,gpon_1/14/8,up,2.4,nan,BKK30X1SWJ2,Recovered / Fixed,SFP inserted or port restored this week
BKK29001G00,ZTE,C300,,gpon_1/14/9,up,2.4,nan,BKK30X1SWSI,Recovered / Fixed,SFP inserted or port restored this week
BKK29001G00,ZTE,C300,,gpon_1/16/1,up,2.4,nan,BKK29X1IQ9G,Recovered / Fixed,SFP inserted or port restored this week
BKK29001G00,ZTE,C300,,gpon_1/6/1,up,2.4,nan,BKK29X0307S,Recovered / Fixed,SFP inserted or port restored this week
BKK29001G00,ZTE,C300,,gpon_1/9/1,up,2.4,nan,BKK29X1KH9I,Recovered / Fixed,SFP inserted or port restored this week
BKK29001G01,ZTE,C300,,gpon_1/6/1,up,2.4,nan,BKK29X3HCJR,Recovered / Fixed,SFP inserted or port restored this week
BKK29001G01,ZTE,C300,,gpon_1/6/10,up,2.4,nan,BKK29X3HW2T,Recovered / Fixed,SFP inserted or port restored this week
BKK29001G01,ZTE,C300,,gpon_1/6/11,up,2.4,nan,BKK29X3HW32,Recovered / Fixed,SFP inserted or port restored this week
BKK29001G01,ZTE,C300,,gpon_1/6/12,up,2.4,nan,BKK29X3KMV2,Recovered / Fixed,SFP inserted or port restored this week
BKK29001G01,ZTE,C300,,gpon_1/6/13,up,2.4,nan,BKK29X3L7RL,Recovered / Fixed,SFP inserted or port restored this week
BKK29001G01,ZTE,C300,,gpon_1/6/14,up,2.4,nan,BKK29X3OF9V,Recovered / Fixed,SFP inserted or port restored this week
BKK29001G01,ZTE,C300,,gpon_1/6/15,up,2.4,nan,BKK29X3P7XD,Recovered / Fixed,SFP inserted or port restored this week
BKK29001G01,ZTE,C300,,gpon_1/6/16,up,2.4,nan,BKK29X3T4AU,Recovered / Fixed,SFP inserted or port restored this week
BKK29001G01,ZTE,C300,,gpon_1/6/2,up,2.4,nan,BKK29X3HYNH,Recovered / Fixed,SFP inserted or port restored this week
BKK29001G01,ZTE,C300,,gpon_1/6/3,up,2.4,nan,BKK29X3HYNI,Recovered / Fixed,SFP inserted or port restored this week
BKK29001G01,ZTE,C300,,gpon_1/6/4,up,2.4,nan,BKK29X3HYNJ,Recovered / Fixed,SFP inserted or port restored this week
BKK29001G01,ZTE,C300,,gpon_1/6/5,up,2.4,nan,BKK29X3HYNK,Recovered / Fixed,SFP inserted or port restored this week
BKK29001G01,ZTE,C300,,gpon_1/6/6,up,2.4,nan,BKK29X3HYVW,Recovered / Fixed,SFP inserted or port restored this week
BKK29001G01,ZTE,C300,,gpon_1/6/7,up,2.4,nan,BKK29X3HYVX,Recovered / Fixed,SFP inserted or port restored this week
BKK29001G01,ZTE,C300,,gpon_1/6/8,up,2.4,nan,BKK29X3HYVY,Recovered / Fixed,SFP inserted or port restored this week
BKK29001G01,ZTE,C300,,gpon_1/6/9,up,2.4,nan,BKK29X3HYVZ,Recovered / Fixed,SFP inserted or port restored this week
BKK29001G01,ZTE,C300,,gpon_1/7/2,down,2.4,nan,BKK29X3T4AV,Recovered / Fixed,SFP inserted or port restored this week
BKK29001G01,ZTE,C300,,gpon_1/7/3,up,2.4,nan,BKK29X3T4AW,Recovered / Fixed,SFP inserted or port restored this week
BKK29001G01,ZTE,C300,,gpon_1/7/4,up,2.4,nan,BKK29X3T4A3,Recovered / Fixed,SFP inserted or port restored this week
BKK29001G01,ZTE,C300,,gpon_1/7/5,up,2.4,nan,BKK29X3T4A4,Recovered / Fixed,SFP inserted or port restored this week
BKK29001G01,ZTE,C300,,gpon_1/7/6,up,2.4,nan,BKK29X3T4A5,Recovered / Fixed,SFP inserted or port restored this week
BKK29002G00,ZTE,C300,,gpon_1/17/5,up,2.4,nan,BKK29X04060,Recovered / Fixed,SFP inserted or port restored this week
BKK29002G01,ZTE,C300,,gpon_1/2/2,up,2.4,nan,BKK29X1OWGM,Recovered / Fixed,SFP inserted or port restored this week
BKK29002G01,ZTE,C300,,gpon_1/4/2,up,2.4,nan,BKK29X1WYMU,Recovered / Fixed,SFP inserted or port restored this week
BKK29018GO3,ZTE,C320,,gpon_1/1/4,up,2.4,nan,BKK29X2UH8G,Recovered / Fixed,SFP inserted or port restored this week
BKK29018GO3,ZTE,C320,,gpon_1/1/5,up,2.4,nan,BKK29X2UHCR,Recovered / Fixed,SFP inserted or port restored this week
BKK30009GO1,ZTE,C320,,gpon_1/1/1,up,2.4,nan,BKK30X34VUF,Recovered / Fixed,SFP inserted or port restored this week
BKK30009GO1,ZTE,C320,,gpon_1/1/10,up,2.4,nan,BKK30X36RCV,Recovered / Fixed,SFP inserted or port restored this week
BKK30009GO1,ZTE,C320,,gpon_1/1/11,up,2.4,nan,BKK30X36RDU,Recovered / Fixed,SFP inserted or port restored this week
BKK30009GO1,ZTE,C320,,gpon_1/1/12,up,2.4,nan,BKK30X36RGQ,Recovered / Fixed,SFP inserted or port restored this week
BKK30009GO1,ZTE,C320,,gpon_1/1/13,up,2.4,nan,BKK30X36RI3,Recovered / Fixed,SFP inserted or port restored this week
BKK30009GO1,ZTE,C320,,gpon_1/1/14,up,2.4,nan,BKK30X36RIF,Recovered / Fixed,SFP inserted or port restored this week
BKK30009GO1,ZTE,C320,,gpon_1/1/15,up,2.4,nan,BKK30X37KYD,Recovered / Fixed,SFP inserted or port restored this week
BKK30009GO1,ZTE,C320,,gpon_1/1/16,up,2.4,nan,BKK30X37KYE,Recovered / Fixed,SFP inserted or port restored this week
BKK30009GO1,ZTE,C320,,gpon_1/1/2,up,2.4,nan,BKK30X34VUG,Recovered / Fixed,SFP inserted or port restored this week
BKK30009GO1,ZTE,C320,,gpon_1/1/3,up,2.4,nan,BKK30X34VUH,Recovered / Fixed,SFP inserted or port restored this week
BKK30009GO1,ZTE,C320,,gpon_1/1/4,up,2.4,nan,BKK30X34VUI,Recovered / Fixed,SFP inserted or port restored this week
BKK30009GO1,ZTE,C320,,gpon_1/1/5,up,2.4,nan,BKK30X34VUJ,Recovered / Fixed,SFP inserted or port restored this week
BKK30009GO1,ZTE,C320,,gpon_1/1/6,up,2.4,nan,BKK30X34VUK,Recovered / Fixed,SFP inserted or port restored this week
BKK30009GO1,ZTE,C320,,gpon_1/1/7,up,2.4,nan,BKK30X34VUL,Recovered / Fixed,SFP inserted or port restored this week
BKK30009GO1,ZTE,C320,,gpon_1/1/8,up,2.4,nan,BKK30X36RAO,Recovered / Fixed,SFP inserted or port restored this week
BKK30009GO1,ZTE,C320,,gpon_1/1/9,up,2.4,nan,BKK30X36RBT,Recovered / Fixed,SFP inserted or port restored this week
BKK30009GO1,ZTE,C320,,gpon_1/2/1,up,2.4,nan,BKK30X3HWB4,Recovered / Fixed,SFP inserted or port restored this week
BKK30009GO1,ZTE,C320,,gpon_1/2/10,up,2.4,nan,BKK30X3O11P,Recovered / Fixed,SFP inserted or port restored this week
BKK30009GO1,ZTE,C320,,gpon_1/2/11,up,2.4,nan,BKK30X3HXK5,Recovered / Fixed,SFP inserted or port restored this week
BKK30009GO1,ZTE,C320,,gpon_1/2/12,up,2.4,nan,BKK30X3KUNA,Recovered / Fixed,SFP inserted or port restored this week
BKK30009GO1,ZTE,C320,,gpon_1/2/13,up,2.4,nan,BKK30X3KUKC,Recovered / Fixed,SFP inserted or port restored this week
BKK30009GO1,ZTE,C320,,gpon_1/2/14,up,2.4,nan,BKK30X3KU6E,Recovered / Fixed,SFP inserted or port restored this week
BKK30009GO1,ZTE,C320,,gpon_1/2/15,up,2.4,nan,BKK30X3KSYP,Recovered / Fixed,SFP inserted or port restored this week
BKK30009GO1,ZTE,C320,,gpon_1/2/16,up,2.4,nan,BKK30X3HWB2,Recovered / Fixed,SFP inserted or port restored this week
BKK30009GO1,ZTE,C320,,gpon_1/2/2,up,2.4,nan,BKK30X3HWB3,Recovered / Fixed,SFP inserted or port restored this week
BKK30009GO1,ZTE,C320,,gpon_1/2/4,up,2.4,nan,BKK30X3HWB7,Recovered / Fixed,SFP inserted or port restored this week
BKK30009GO1,ZTE,C320,,gpon_1/2/5,up,2.4,nan,BKK30X3HWB6,Recovered / Fixed,SFP inserted or port restored this week
BKK30009GO1,ZTE,C320,,gpon_1/2/6,up,2.4,nan,BKK03X3HWB5,Recovered / Fixed,SFP inserted or port restored this week
BKK30009GO1,ZTE,C320,,gpon_1/2/7,up,2.4,nan,BKK30X3HXJR,Recovered / Fixed,SFP inserted or port restored this week
BKK30009GO1,ZTE,C320,,gpon_1/2/8,up,2.4,nan,BKK30X3HXJI,Recovered / Fixed,SFP inserted or port restored this week
BKK30009GO1,ZTE,C320,,gpon_1/2/9,up,2.4,nan,BKK30X3HXJY,Recovered / Fixed,SFP inserted or port restored this week
BKK30012GO1,Fiberhome,AN5516-04,,PON 2/6,up,2.4,nan,BKK30X2TXQA,Recovered / Fixed,SFP inserted or port restored this week
BKK30013GO1,ZTE,C320,,gpon_1/1/1,up,2.4,nan,BKK30X3D9OC,Recovered / Fixed,SFP inserted or port restored this week
BKK30013GO1,ZTE,C320,,gpon_1/1/10,up,2.4,nan,BKK30X3J1ZX,Recovered / Fixed,SFP inserted or port restored this week
BKK30013GO1,ZTE,C320,,gpon_1/1/11,up,2.4,nan,BKK30X3J1WN,Recovered / Fixed,SFP inserted or port restored this week
BKK30013GO1,ZTE,C320,,gpon_1/1/12,up,2.4,nan,BKK30X3K6OC,Recovered / Fixed,SFP inserted or port restored this week
BKK30013GO1,ZTE,C320,,gpon_1/1/13,up,2.4,nan,BKK30X3K7JH,Recovered / Fixed,SFP inserted or port restored this week
BKK30013GO1,ZTE,C320,,gpon_1/1/14,up,2.4,nan,BKK30X3KYTA,Recovered / Fixed,SFP inserted or port restored this week
BKK30013GO1,ZTE,C320,,gpon_1/1/15,up,2.4,nan,BKK30X3N4QY,Recovered / Fixed,SFP inserted or port restored this week
BKK30013GO1,ZTE,C320,,gpon_1/1/16,up,2.4,nan,BKK30X3N4R1,Recovered / Fixed,SFP inserted or port restored this week
BKK30013GO1,ZTE,C320,,gpon_1/1/2,up,2.4,nan,BKK30X3N870,Recovered / Fixed,SFP inserted or port restored this week
BKK30013GO1,ZTE,C320,,gpon_1/1/3,up,2.4,nan,BKK30X3D9OJ,Recovered / Fixed,SFP inserted or port restored this week
BKK30013GO1,ZTE,C320,,gpon_1/1/4,up,2.4,nan,BKK30X3D9OK,Recovered / Fixed,SFP inserted or port restored this week
BKK30013GO1,ZTE,C320,,gpon_1/1/5,up,2.4,nan,BKK30X3D9OM,Recovered / Fixed,SFP inserted or port restored this week
BKK30013GO1,ZTE,C320,,gpon_1/1/6,up,2.4,nan,BKK30X3D9QB,Recovered / Fixed,SFP inserted or port restored this week
BKK30013GO1,ZTE,C320,,gpon_1/1/7,up,2.4,nan,BKK30X3D9QC,Recovered / Fixed,SFP inserted or port restored this week
BKK30013GO1,ZTE,C320,,gpon_1/1/8,up,2.4,nan,BKK30X3D9QU,Recovered / Fixed,SFP inserted or port restored this week
BKK30013GO1,ZTE,C320,,gpon_1/1/9,up,2.4,nan,BKK30X3D9QV,Recovered / Fixed,SFP inserted or port restored this week
BKK30013GO1,ZTE,C320,,gpon_1/2/1,up,2.4,nan,BKK30X3O3P7,Recovered / Fixed,SFP inserted or port restored this week
BKK30013GO1,ZTE,C320,,gpon_1/2/10,up,2.4,nan,BKK30X3O3HC,Recovered / Fixed,SFP inserted or port restored this week
BKK30013GO1,ZTE,C320,,gpon_1/2/12,up,2.4,nan,BKK30X3O3IU,Recovered / Fixed,SFP inserted or port restored this week
BKK30013GO1,ZTE,C320,,gpon_1/2/13,up,2.4,nan,BKK30X3O3IW,Recovered / Fixed,SFP inserted or port restored this week
BKK30013GO1,ZTE,C320,,gpon_1/2/14,up,2.4,nan,BKK30X3ORT2,Recovered / Fixed,SFP inserted or port restored this week
BKK30013GO1,ZTE,C320,,gpon_1/2/15,up,2.4,nan,BKK30X3ORT3,Recovered / Fixed,SFP inserted or port restored this week
BKK30013GO1,ZTE,C320,,gpon_1/2/16,up,2.4,nan,BKK30X3ORT1,Recovered / Fixed,SFP inserted or port restored this week
BKK30013GO1,ZTE,C320,,gpon_1/2/2,up,2.4,nan,BKK30X3O554,Recovered / Fixed,SFP inserted or port restored this week
BKK30013GO1,ZTE,C320,,gpon_1/2/3,up,2.4,nan,BKK30X3O55E,Recovered / Fixed,SFP inserted or port restored this week
BKK30013GO1,ZTE,C320,,gpon_1/2/6,up,2.4,nan,BKK30X3O3H8,Recovered / Fixed,SFP inserted or port restored this week
BKK30013GO1,ZTE,C320,,gpon_1/2/7,up,2.4,nan,BKK30X3O3IS,Recovered / Fixed,SFP inserted or port restored this week
BKK30013GO1,ZTE,C320,,gpon_1/2/8,up,2.4,nan,BKK30X3O3HA,Recovered / Fixed,SFP inserted or port restored this week
BKK30014GO0,Fiberhome,AN5516-04,,PON 1/1,up,2.4,nan,BKK30X2KINW,Recovered / Fixed,SFP inserted or port restored this week
BKK30014GO0,Fiberhome,AN5516-04,,PON 1/10,up,2.4,nan,BKK30X2KKRA,Recovered / Fixed,SFP inserted or port restored this week
BKK30014GO0,Fiberhome,AN5516-04,,PON 1/11,up,2.4,nan,BKK30X2KKHN,Recovered / Fixed,SFP inserted or port restored this week
BKK30014GO0,Fiberhome,AN5516-04,,PON 1/12,up,2.4,nan,BKK30X2KKJ0,Recovered / Fixed,SFP inserted or port restored this week
BKK30014GO0,Fiberhome,AN5516-04,,PON 1/13,up,2.4,nan,BKK30X2KKHS,Recovered / Fixed,SFP inserted or port restored this week
BKK30014GO0,Fiberhome,AN5516-04,,PON 1/14,up,2.4,nan,BKK30X2KKHO,Recovered / Fixed,SFP inserted or port restored this week
BKK30014GO0,Fiberhome,AN5516-04,,PON 1/15,up,2.4,nan,BKK30X2KKHE,Recovered / Fixed,SFP inserted or port restored this week
BKK30014GO0,Fiberhome,AN5516-04,,PON 1/16,up,2.4,nan,BKK30X2KKG0,Recovered / Fixed,SFP inserted or port restored this week
BKK30014GO0,Fiberhome,AN5516-04,,PON 1/3,up,2.4,nan,BKK30X2KKHA,Recovered / Fixed,SFP inserted or port restored this week
BKK30014GO0,Fiberhome,AN5516-04,,PON 1/4,up,2.4,nan,BKK30X2KGX8,Recovered / Fixed,SFP inserted or port restored this week
BKK30014GO0,Fiberhome,AN5516-04,,PON 1/5,up,2.4,nan,BKK30X2KGYX,Recovered / Fixed,SFP inserted or port restored this week
BKK30014GO0,Fiberhome,AN5516-04,,PON 1/7,up,2.4,nan,BKK30X2KLJQ,Recovered / Fixed,SFP inserted or port restored this week
BKK30014GO0,Fiberhome,AN5516-04,,PON 1/8,up,2.4,nan,BKK30X2KKYX,Recovered / Fixed,SFP inserted or port restored this week
BKK30014GO0,Fiberhome,AN5516-04,,PON 1/9,up,2.4,nan,BKK30X2KKPG,Recovered / Fixed,SFP inserted or port restored this week
BKK30014GO0,Fiberhome,AN5516-04,,PON 2/1,up,2.4,nan,BKK30X2KLM3,Recovered / Fixed,SFP inserted or port restored this week
BKK30014GO0,Fiberhome,AN5516-04,,PON 2/10,up,2.4,nan,BKK30X31UCD,Recovered / Fixed,SFP inserted or port restored this week
BKK30014GO0,Fiberhome,AN5516-04,,PON 2/11,up,2.4,nan,BKK30X33GDD,Recovered / Fixed,SFP inserted or port restored this week
BKK30014GO0,Fiberhome,AN5516-04,,PON 2/12,up,2.4,nan,BKK30X33GCG,Recovered / Fixed,SFP inserted or port restored this week
BKK30014GO0,Fiberhome,AN5516-04,,PON 2/13,up,2.4,nan,BKK30X35CPI,Recovered / Fixed,SFP inserted or port restored this week
BKK30014GO0,Fiberhome,AN5516-04,,PON 2/14,up,2.4,nan,BKK30X3BI0Y,Recovered / Fixed,SFP inserted or port restored this week
BKK30014GO0,Fiberhome,AN5516-04,,PON 2/3,up,2.4,nan,BKK30X2KLLX,Recovered / Fixed,SFP inserted or port restored this week
BKK30014GO0,Fiberhome,AN5516-04,,PON 2/4,up,2.4,nan,BKK30X2KIPS,Recovered / Fixed,SFP inserted or port restored this week
BKK30014GO0,Fiberhome,AN5516-04,,PON 2/5,up,2.4,nan,BKK30X30K33,Recovered / Fixed,SFP inserted or port restored this week
BKK30014GO0,Fiberhome,AN5516-04,,PON 2/7,up,2.4,nan,BKK30X3O98K,Recovered / Fixed,SFP inserted or port restored this week
BKK30014GO0,Fiberhome,AN5516-04,,PON 2/8,up,2.4,nan,BKK30X31UPN,Recovered / Fixed,SFP inserted or port restored this week
BKK30014GO0,Fiberhome,AN5516-04,,PON 2/9,up,2.4,nan,BKK30X31UQV,Recovered / Fixed,SFP inserted or port restored this week
BKK30018GO0,Fiberhome,AN5516-04,,PON 1/1,up,2.4,nan,BKK30X2MR8Y,Recovered / Fixed,SFP inserted or port restored this week
BKK30018GO0,Fiberhome,AN5516-04,,PON 1/10,up,2.4,nan,BKK30X2MR9R,Recovered / Fixed,SFP inserted or port restored this week
BKK30018GO0,Fiberhome,AN5516-04,,PON 1/11,up,2.4,nan,BKK30X2MR9S,Recovered / Fixed,SFP inserted or port restored this week
BKK30018GO0,Fiberhome,AN5516-04,,PON 1/12,up,2.4,nan,BKK30X2MR9T,Recovered / Fixed,SFP inserted or port restored this week
BKK30018GO0,Fiberhome,AN5516-04,,PON 1/13,up,2.4,nan,BKK30X2MR9U,Recovered / Fixed,SFP inserted or port restored this week
BKK30018GO0,Fiberhome,AN5516-04,,PON 1/14,up,2.4,nan,BKK30X2MR9V,Recovered / Fixed,SFP inserted or port restored this week
BKK30018GO0,Fiberhome,AN5516-04,,PON 1/15,up,2.4,nan,BKK30X2MR9W,Recovered / Fixed,SFP inserted or port restored this week
BKK30018GO0,Fiberhome,AN5516-04,,PON 1/16,up,2.4,nan,BKK30X2MR9X,Recovered / Fixed,SFP inserted or port restored this week
BKK30018GO0,Fiberhome,AN5516-04,,PON 1/2,up,2.4,nan,BKK30X2MR9J,Recovered / Fixed,SFP inserted or port restored this week
BKK30018GO0,Fiberhome,AN5516-04,,PON 1/3,up,2.4,nan,BKK30X2MR9K,Recovered / Fixed,SFP inserted or port restored this week
BKK30018GO0,Fiberhome,AN5516-04,,PON 1/4,up,2.4,nan,BKK30X2MR9L,Recovered / Fixed,SFP inserted or port restored this week
BKK30018GO0,Fiberhome,AN5516-04,,PON 1/5,up,2.4,nan,BKK30X2MR9M,Recovered / Fixed,SFP inserted or port restored this week
BKK30018GO0,Fiberhome,AN5516-04,,PON 1/6,up,2.4,nan,BKK30X2MR9N,Recovered / Fixed,SFP inserted or port restored this week
BKK30018GO0,Fiberhome,AN5516-04,,PON 1/7,up,2.4,nan,BKK30X2MR9O,Recovered / Fixed,SFP inserted or port restored this week
BKK30018GO0,Fiberhome,AN5516-04,,PON 1/8,up,2.4,nan,BKK30X2MR9P,Recovered / Fixed,SFP inserted or port restored this week
BKK30018GO0,Fiberhome,AN5516-04,,PON 2/1,up,2.4,nan,BKK30X2MR9Y,Recovered / Fixed,SFP inserted or port restored this week
BKK30018GO0,Fiberhome,AN5516-04,,PON 2/10,up,2.4,nan,BKK30X2T6HB,Recovered / Fixed,SFP inserted or port restored this week
BKK30018GO0,Fiberhome,AN5516-04,,PON 2/11,up,2.4,nan,BKK30X3POXG,Recovered / Fixed,SFP inserted or port restored this week
BKK30018GO0,Fiberhome,AN5516-04,,PON 2/15,up,2.4,nan,BKK30X3HAG7,Recovered / Fixed,SFP inserted or port restored this week
BKK30018GO0,Fiberhome,AN5516-04,,PON 2/2,up,2.4,nan,BKK30X2MR9Z,Recovered / Fixed,SFP inserted or port restored this week
BKK30018GO0,Fiberhome,AN5516-04,,PON 2/3,up,2.4,nan,BKK30X2MRA0,Recovered / Fixed,SFP inserted or port restored this week
BKK30018GO0,Fiberhome,AN5516-04,,PON 2/4,up,2.4,nan,BKK30X2MRA1,Recovered / Fixed,SFP inserted or port restored this week
BKK30018GO0,Fiberhome,AN5516-04,,PON 2/5,up,2.4,nan,BKK30X2MRA2,Recovered / Fixed,SFP inserted or port restored this week
BKK30018GO0,Fiberhome,AN5516-04,,PON 2/6,up,2.4,nan,BKK30X2MRA3,Recovered / Fixed,SFP inserted or port restored this week
BKK30AGNG00,ZTE,C300,,gpon_1/12/10,down,2.4,nan,BKK30X0502H,Recovered / Fixed,SFP inserted or port restored this week
BKK30AGNG00,ZTE,C300,,gpon_1/12/11,up,2.4,nan,BKK30X0502J,Recovered / Fixed,SFP inserted or port restored this week
BKK30AGNG00,ZTE,C300,,gpon_1/12/12,up,2.4,nan,BKK30X0502O,Recovered / Fixed,SFP inserted or port restored this week
BKK30AGNG00,ZTE,C300,,gpon_1/12/13,up,2.4,nan,BKK30X0502T,Recovered / Fixed,SFP inserted or port restored this week
BKK30AGNG00,ZTE,C300,,gpon_1/12/15,up,2.4,nan,BKK30X05033,Recovered / Fixed,SFP inserted or port restored this week
BKK30AGNG00,ZTE,C300,,gpon_1/12/16,up,2.4,nan,BKK30X05036,Recovered / Fixed,SFP inserted or port restored this week
BKK30AGNG00,ZTE,C300,,gpon_1/12/3,up,2.4,nan,BKK30X0501K,Recovered / Fixed,SFP inserted or port restored this week
BKK30AGNG00,ZTE,C300,,gpon_1/12/4,up,2.4,nan,BKK30X0501P,Recovered / Fixed,SFP inserted or port restored this week
BKK30AGNG00,ZTE,C300,,gpon_1/12/5,up,2.4,nan,BKK30X0501U,Recovered / Fixed,SFP inserted or port restored this week
BKK30AGNG00,ZTE,C300,,gpon_1/12/6,up,2.4,nan,BKK30X0501Z,Recovered / Fixed,SFP inserted or port restored this week
BKK30AGNG00,ZTE,C300,,gpon_1/12/7,up,2.4,nan,BKK30X05022,Recovered / Fixed,SFP inserted or port restored this week
BKK30AGNG00,ZTE,C300,,gpon_1/12/8,up,2.4,nan,BKK30X05027,Recovered / Fixed,SFP inserted or port restored this week
BKK30AGNG00,ZTE,C300,,gpon_1/12/9,up,2.4,nan,BKK30X0502C,Recovered / Fixed,SFP inserted or port restored this week
BKK30AGNG00,ZTE,C300,,gpon_1/13/1,up,2.4,nan,BKK30X0503B,Recovered / Fixed,SFP inserted or port restored this week
BKK30AGNG00,ZTE,C300,,gpon_1/13/10,up,2.4,nan,BKK30X0504F,Recovered / Fixed,SFP inserted or port restored this week
BKK30AGNG00,ZTE,C300,,gpon_1/13/11,down,2.4,nan,BKK30X0504I,Recovered / Fixed,SFP inserted or port restored this week
BKK30AGNG00,ZTE,C300,,gpon_1/13/12,down,2.4,nan,BKK30X0504N,Recovered / Fixed,SFP inserted or port restored this week
BKK30AGNG00,ZTE,C300,,gpon_1/13/13,up,2.4,nan,BKK30X0004S,Recovered / Fixed,SFP inserted or port restored this week
BKK30AGNG00,ZTE,C300,,gpon_1/13/14,up,2.4,nan,BKK30X0004X,Recovered / Fixed,SFP inserted or port restored this week
BKK30AGNG00,ZTE,C300,,gpon_1/13/15,up,2.4,nan,BKK30X00052,Recovered / Fixed,SFP inserted or port restored this week
BKK30AGNG00,ZTE,C300,,gpon_1/13/16,up,2.4,nan,BKK30X00056,Recovered / Fixed,SFP inserted or port restored this week
BKK30AGNG00,ZTE,C300,,gpon_1/13/2,up,2.4,nan,BKK30X0503G,Recovered / Fixed,SFP inserted or port restored this week
BKK30AGNG00,ZTE,C300,,gpon_1/13/3,up,2.4,nan,BKK30X0503L,Recovered / Fixed,SFP inserted or port restored this week
BKK30AGNG00,ZTE,C300,,gpon_1/13/4,up,2.4,nan,BKK30X0503O,Recovered / Fixed,SFP inserted or port restored this week
BKK30AGNG00,ZTE,C300,,gpon_1/13/5,up,2.4,nan,BKK30X0503R,Recovered / Fixed,SFP inserted or port restored this week
BKK30AGNG00,ZTE,C300,,gpon_1/13/6,up,2.4,nan,BKK30X0503W,Recovered / Fixed,SFP inserted or port restored this week
BKK30AGNG00,ZTE,C300,,gpon_1/13/7,up,2.4,nan,BKK30X05041,Recovered / Fixed,SFP inserted or port restored this week
BKK30AGNG00,ZTE,C300,,gpon_1/13/8,up,2.4,nan,BKK30X05045,Recovered / Fixed,SFP inserted or port restored this week
BKK30AGNG00,ZTE,C300,,gpon_1/13/9,up,2.4,nan,BKK30X0504A,Recovered / Fixed,SFP inserted or port restored this week
BKK30AGNG00,ZTE,C300,,gpon_1/14/1,up,2.4,nan,BKK30X0005A,Recovered / Fixed,SFP inserted or port restored this week
BKK30AGNG00,ZTE,C300,,gpon_1/14/10,up,2.4,nan,BKK30X0506D,Recovered / Fixed,SFP inserted or port restored this week
BKK30AGNG00,ZTE,C300,,gpon_1/14/11,up,2.4,nan,BKK30X0506G,Recovered / Fixed,SFP inserted or port restored this week
BKK30AGNG00,ZTE,C300,,gpon_1/14/12,up,2.4,nan,BKK30X0506L,Recovered / Fixed,SFP inserted or port restored this week
BKK30AGNG00,ZTE,C300,,gpon_1/14/13,up,2.4,nan,BKK30X0506O,Recovered / Fixed,SFP inserted or port restored this week
BKK30AGNG00,ZTE,C300,,gpon_1/14/14,up,2.4,nan,BKK30X0506R,Recovered / Fixed,SFP inserted or port restored this week
BKK30AGNG00,ZTE,C300,,gpon_1/14/16,up,2.4,nan,BKK30X1P9SN,Recovered / Fixed,SFP inserted or port restored this week
BKK30AGNG00,ZTE,C300,,gpon_1/14/2,up,2.4,nan,BKK30X0005E,Recovered / Fixed,SFP inserted or port restored this week
BKK30AGNG00,ZTE,C300,,gpon_1/14/3,down,2.4,nan,BKK30X0005H,Recovered / Fixed,SFP inserted or port restored this week
BKK30AGNG00,ZTE,C300,,gpon_1/14/5,down,2.4,nan,BKK30X0005R,Recovered / Fixed,SFP inserted or port restored this week
BKK30AGNG00,ZTE,C300,,gpon_1/14/7,up,2.4,nan,BKK30X0505Y,Recovered / Fixed,SFP inserted or port restored this week
BKK30AGNG00,ZTE,C300,,gpon_1/14/8,up,2.4,nan,BKK30X05063,Recovered / Fixed,SFP inserted or port restored this week
BKK30AGNG00,ZTE,C300,,gpon_1/14/9,up,2.4,nan,BKK30X05068,Recovered / Fixed,SFP inserted or port restored this week
BKK30AGNG00,ZTE,C300,,gpon_1/15/1,up,2.4,nan,BKK30X1P96Q,Recovered / Fixed,SFP inserted or port restored this week
BKK30AGNG00,ZTE,C300,,gpon_1/15/10,up,2.4,nan,BKK30X1PGX2,Recovered / Fixed,SFP inserted or port restored this week
BKK30AGNG00,ZTE,C300,,gpon_1/15/12,up,2.4,nan,BKK30X1P60R,Recovered / Fixed,SFP inserted or port restored this week
BKK30AGNG00,ZTE,C300,,gpon_1/15/13,up,2.4,nan,BKK30X1P5YG,Recovered / Fixed,SFP inserted or port restored this week
BKK30AGNG00,ZTE,C300,,gpon_1/15/14,up,2.4,nan,BKK30X1P5WR,Recovered / Fixed,SFP inserted or port restored this week
BKK30AGNG00,ZTE,C300,,gpon_1/15/15,up,2.4,nan,BKK30X1P542,Recovered / Fixed,SFP inserted or port restored this week
BKK30AGNG00,ZTE,C300,,gpon_1/15/16,up,2.4,nan,BKK30X1P5TR,Recovered / Fixed,SFP inserted or port restored this week
BKK30AGNG00,ZTE,C300,,gpon_1/15/2,up,2.4,nan,BKK30X1P991,Recovered / Fixed,SFP inserted or port restored this week
BKK30AGNG00,ZTE,C300,,gpon_1/15/3,up,2.4,nan,BKK30X1P98L,Recovered / Fixed,SFP inserted or port restored this week
BKK30AGNG00,ZTE,C300,,gpon_1/15/4,up,2.4,nan,BKK30X1P93H,Recovered / Fixed,SFP inserted or port restored this week
BKK30AGNG00,ZTE,C300,,gpon_1/15/5,up,2.4,nan,BKK30X1PFRW,Recovered / Fixed,SFP inserted or port restored this week
BKK30AGNG00,ZTE,C300,,gpon_1/15/6,up,2.4,nan,BKK30X1PFRY,Recovered / Fixed,SFP inserted or port restored this week
BKK30AGNG00,ZTE,C300,,gpon_1/15/7,up,2.4,nan,BKK30X1PFXN,Recovered / Fixed,SFP inserted or port restored this week
BKK30AGNG00,ZTE,C300,,gpon_1/15/9,up,2.4,nan,BKK30X1PGXA,Recovered / Fixed,SFP inserted or port restored this week
BKK30AGNG00,ZTE,C300,,gpon_1/16/1,up,2.4,nan,BKK30X1P5RY,Recovered / Fixed,SFP inserted or port restored this week
BKK30AGNG00,ZTE,C300,,gpon_1/16/10,up,2.4,nan,BKK30X0B092,Recovered / Fixed,SFP inserted or port restored this week
BKK30AGNG00,ZTE,C300,,gpon_1/16/11,up,2.4,nan,BKK30X0B097,Recovered / Fixed,SFP inserted or port restored this week
BKK30AGNG00,ZTE,C300,,gpon_1/16/12,up,2.4,nan,BKK30X0B099,Recovered / Fixed,SFP inserted or port restored this week
BKK30AGNG00,ZTE,C300,,gpon_1/16/13,up,2.4,nan,BKK30X0B09E,Recovered / Fixed,SFP inserted or port restored this week
BKK30AGNG00,ZTE,C300,,gpon_1/16/14,down,2.4,nan,BKK30X0B09J,Recovered / Fixed,SFP inserted or port restored this week
BKK30AGNG00,ZTE,C300,,gpon_1/16/15,up,2.4,nan,BKK30X0B09L,Recovered / Fixed,SFP inserted or port restored this week
BKK30AGNG00,ZTE,C300,,gpon_1/16/16,up,2.4,nan,BKK30X0B09Q,Recovered / Fixed,SFP inserted or port restored this week
BKK30AGNG00,ZTE,C300,,gpon_1/16/2,up,2.4,nan,BKK30X1P6H3,Recovered / Fixed,SFP inserted or port restored this week
BKK30AGNG00,ZTE,C300,,gpon_1/16/3,up,2.4,nan,BKK30X1P6GV,Recovered / Fixed,SFP inserted or port restored this week
BKK30AGNG00,ZTE,C300,,gpon_1/16/4,up,2.4,nan,BKK30X1P6GW,Recovered / Fixed,SFP inserted or port restored this week
BKK30AGNG00,ZTE,C300,,gpon_1/16/5,up,2.4,nan,BKK30X1P6GM,Recovered / Fixed,SFP inserted or port restored this week
BKK30AGNG00,ZTE,C300,,gpon_1/16/6,up,2.4,nan,BKK30X1P6GN,Recovered / Fixed,SFP inserted or port restored this week
BKK30AGNG00,ZTE,C300,,gpon_1/16/7,up,2.4,nan,BKK30X1P6GO,Recovered / Fixed,SFP inserted or port restored this week
BKK30AGNG00,ZTE,C300,,gpon_1/16/9,up,2.4,nan,BKK30X3NZUO,Recovered / Fixed,SFP inserted or port restored this week
BKK30AGNG00,ZTE,C300,,gpon_1/17/10,up,2.4,nan,BKK30X1QK57,Recovered / Fixed,SFP inserted or port restored this week
BKK30AGNG00,ZTE,C300,,gpon_1/17/11,up,2.4,nan,BKK30X1QK56,Recovered / Fixed,SFP inserted or port restored this week
BKK30AGNG00,ZTE,C300,,gpon_1/17/12,down,2.4,nan,BKK30X1QK52,Recovered / Fixed,SFP inserted or port restored this week
BKK30AGNG00,ZTE,C300,,gpon_1/17/13,up,2.4,nan,BKK30X1QT5I,Recovered / Fixed,SFP inserted or port restored this week
BKK30AGNG00,ZTE,C300,,gpon_1/17/14,up,2.4,nan,BKK30X1QT5N,Recovered / Fixed,SFP inserted or port restored this week
BKK30AGNG00,ZTE,C300,,gpon_1/17/15,up,2.4,nan,BKK30X1QT5P,Recovered / Fixed,SFP inserted or port restored this week
BKK30AGNG00,ZTE,C300,,gpon_1/17/3,up,2.4,nan,BKK30X0B09V,Recovered / Fixed,SFP inserted or port restored this week
BKK30AGNG00,ZTE,C300,,gpon_1/17/4,up,2.4,nan,BKK30X1PVCD,Recovered / Fixed,SFP inserted or port restored this week
BKK30AGNG00,ZTE,C300,,gpon_1/17/5,up,2.4,nan,BKK30X1PVCE,Recovered / Fixed,SFP inserted or port restored this week
BKK30AGNG00,ZTE,C300,,gpon_1/17/6,up,2.4,nan,BKK30X1QK4D,Recovered / Fixed,SFP inserted or port restored this week
BKK30AGNG00,ZTE,C300,,gpon_1/17/7,up,2.4,nan,BKK30X1QK4B,Recovered / Fixed,SFP inserted or port restored this week
BKK30AGNG00,ZTE,C300,,gpon_1/17/8,up,2.4,nan,BKK30X1QK46,Recovered / Fixed,SFP inserted or port restored this week
BKK30AGNG00,ZTE,C300,,gpon_1/17/9,up,2.4,nan,BKK30X1QK58,Recovered / Fixed,SFP inserted or port restored this week
BKK30AGNG00,ZTE,C300,,gpon_1/3/11,up,2.4,nan,BKK30X06016,Recovered / Fixed,SFP inserted or port restored this week
BKK30AGNG00,ZTE,C300,,gpon_1/3/12,up,2.4,nan,BKK30X0701H,Recovered / Fixed,SFP inserted or port restored this week
BKK30AGNG00,ZTE,C300,,gpon_1/3/15,up,2.4,nan,BKK30X0701S,Recovered / Fixed,SFP inserted or port restored this week
BKK30AGNG00,ZTE,C300,,gpon_1/6/1,up,2.4,nan,BKK30X0801N,Recovered / Fixed,SFP inserted or port restored this week
BKK30AGNG00,ZTE,C300,,gpon_1/6/5,up,2.4,nan,BKK30X08022,Recovered / Fixed,SFP inserted or port restored this week
BKK30AGNG00,ZTE,C300,,gpon_1/9/1,up,2.4,nan,BKK30X1NFVM,Recovered / Fixed,SFP inserted or port restored this week
BKK30AGNG00,ZTE,C300,,gpon_1/9/10,up,2.4,nan,BKK30X0500O,Recovered / Fixed,SFP inserted or port restored this week
BKK30AGNG00,ZTE,C300,,gpon_1/9/11,up,2.4,nan,BKK30X0500S,Recovered / Fixed,SFP inserted or port restored this week
BKK30AGNG00,ZTE,C300,,gpon_1/9/12,up,2.4,nan,BKK30X0500W,Recovered / Fixed,SFP inserted or port restored this week
BKK30AGNG00,ZTE,C300,,gpon_1/9/14,up,2.4,nan,BKK30X05015,Recovered / Fixed,SFP inserted or port restored this week
BKK30AGNG00,ZTE,C300,,gpon_1/9/15,up,2.4,nan,BKK30X0501A,Recovered / Fixed,SFP inserted or port restored this week
BKK30AGNG00,ZTE,C300,,gpon_1/9/16,up,2.4,nan,BKK30X0501F,Recovered / Fixed,SFP inserted or port restored this week
BKK30AGNG00,ZTE,C300,,gpon_1/9/2,up,2.4,nan,BKK30X1NFVW,Recovered / Fixed,SFP inserted or port restored this week
BKK30AGNG00,ZTE,C300,,gpon_1/9/3,up,2.4,nan,BKK30X1NFVX,Recovered / Fixed,SFP inserted or port restored this week
BKK30AGNG00,ZTE,C300,,gpon_1/9/4,up,2.4,nan,BKK30X1NFQS,Recovered / Fixed,SFP inserted or port restored this week
BKK30AGNG00,ZTE,C300,,gpon_1/9/5,up,2.4,nan,BKK30X05001,Recovered / Fixed,SFP inserted or port restored this week
BKK30AGNG00,ZTE,C300,,gpon_1/9/6,up,2.4,nan,BKK30X05006,Recovered / Fixed,SFP inserted or port restored this week
BKK30AGNG00,ZTE,C300,,gpon_1/9/7,up,2.4,nan,BKK30X0500B,Recovered / Fixed,SFP inserted or port restored this week
BKK30AGNG00,ZTE,C300,,gpon_1/9/8,up,2.4,nan,BKK30X0500E,Recovered / Fixed,SFP inserted or port restored this week
BKK30AGNG00,ZTE,C300,,gpon_1/9/9,up,2.4,nan,BKK30X0500J,Recovered / Fixed,SFP inserted or port restored this week
BKK30AGNG01,ZTE,C300,,gpon_1/12/1,up,2.4,nan,BKK30X1LRPW,Recovered / Fixed,SFP inserted or port restored this week
BKK30AGNG01,ZTE,C300,,gpon_1/12/13,up,2.4,nan,BKK30X1PCZW,Recovered / Fixed,SFP inserted or port restored this week
BKK30AGNG01,ZTE,C300,,gpon_1/13/13,up,2.4,nan,BKK30X0B02A,Recovered / Fixed,SFP inserted or port restored this week
BKK30AGNG01,ZTE,C300,,gpon_1/13/14,up,2.4,nan,BKK30X0B01X,Recovered / Fixed,SFP inserted or port restored this week
BKK30AGNG01,ZTE,C300,,gpon_1/13/16,up,2.4,nan,BKK30X0B027,Recovered / Fixed,SFP inserted or port restored this week
BKK30AGNG01,ZTE,C300,,gpon_1/16/15,up,2.4,nan,BKK30X0B06R,Recovered / Fixed,SFP inserted or port restored this week
BKK30AGNG01,ZTE,C300,,gpon_1/17/1,up,2.4,nan,BKK30X0B071,Recovered / Fixed,SFP inserted or port restored this week
BKK30AGNG01,ZTE,C300,,gpon_1/4/10,up,2.4,nan,BKK30X1LN0O,Recovered / Fixed,SFP inserted or port restored this week
BKK30AGNG01,ZTE,C300,,gpon_1/4/11,up,2.4,nan,BKK30X1LN0V,Recovered / Fixed,SFP inserted or port restored this week
BKK30AGNG01,ZTE,C300,,gpon_1/4/12,up,2.4,nan,BKK17X1LN3T,Recovered / Fixed,SFP inserted or port restored this week
BKK30AGNG01,ZTE,C300,,gpon_1/4/13,up,2.4,nan,BKK17X1LR8Z,Recovered / Fixed,SFP inserted or port restored this week
BKK30AGNG01,ZTE,C300,,gpon_1/4/16,up,2.4,nan,BKK30X1Z22J,Recovered / Fixed,SFP inserted or port restored this week
BKK30AGNG01,ZTE,C300,,gpon_1/4/5,up,2.4,nan,BKK30X1LN0A,Recovered / Fixed,SFP inserted or port restored this week
BKK30AGNG01,ZTE,C300,,gpon_1/4/6,up,2.4,nan,BKK30X1LN0C,Recovered / Fixed,SFP inserted or port restored this week
BKK30AGNG01,ZTE,C300,,gpon_1/4/7,up,2.4,nan,BKK30X1LN0M,Recovered / Fixed,SFP inserted or port restored this week
BKK30AGNG01,ZTE,C300,,gpon_1/4/8,up,2.4,nan,BKK30X1LN47,Recovered / Fixed,SFP inserted or port restored this week
BKK30AGNG01,ZTE,C300,,gpon_1/4/9,up,2.4,nan,BKK30X1LMZO,Recovered / Fixed,SFP inserted or port restored this week
BKK30AGNG01,ZTE,C300,,gpon_1/5/10,up,2.4,nan,BKK30X1LRCT,Recovered / Fixed,SFP inserted or port restored this week
BKK30AGNG01,ZTE,C300,,gpon_1/5/11,up,2.4,nan,BKK30X1LRCU,Recovered / Fixed,SFP inserted or port restored this week
BKK30AGNG01,ZTE,C300,,gpon_1/5/12,up,2.4,nan,BKK30X1LRD4,Recovered / Fixed,SFP inserted or port restored this week
BKK30AGNG01,ZTE,C300,,gpon_1/5/13,up,2.4,nan,BKK30X1LRD5,Recovered / Fixed,SFP inserted or port restored this week
BKK30AGNG01,ZTE,C300,,gpon_1/5/16,up,2.4,nan,BKK17X1LR76,Recovered / Fixed,SFP inserted or port restored this week
BKK30AGNG01,ZTE,C300,,gpon_1/5/4,up,2.4,nan,BKK17X1LRB6,Recovered / Fixed,SFP inserted or port restored this week
BKK30AGNG01,ZTE,C300,,gpon_1/5/7,up,2.4,nan,BKK30X1LRC5,Recovered / Fixed,SFP inserted or port restored this week
BKK30AGNG01,ZTE,C300,,gpon_1/5/8,up,2.4,nan,BKK30X1LRCO,Recovered / Fixed,SFP inserted or port restored this week
BKK30AGNG01,ZTE,C300,,gpon_1/6/1,up,2.4,nan,BKK17X1LR77,Recovered / Fixed,SFP inserted or port restored this week
BKK30AGNG01,ZTE,C300,,gpon_1/6/10,up,2.4,nan,BKK17X1LQZC,Recovered / Fixed,SFP inserted or port restored this week
BKK30AGNG01,ZTE,C300,,gpon_1/6/11,down,2.4,nan,BKK17X1LQZE,Recovered / Fixed,SFP inserted or port restored this week
BKK30AGNG01,ZTE,C300,,gpon_1/6/13,up,2.4,nan,BKK17X1LR33,Recovered / Fixed,SFP inserted or port restored this week
BKK30AGNG01,ZTE,C300,,gpon_1/6/14,up,2.4,nan,BKK17X1LR34,Recovered / Fixed,SFP inserted or port restored this week
BKK30AGNG01,ZTE,C300,,gpon_1/6/15,up,2.4,nan,BKK30X1LRPH,Recovered / Fixed,SFP inserted or port restored this week
BKK30AGNG01,ZTE,C300,,gpon_1/6/16,up,2.4,nan,BKK30X1LRPI,Recovered / Fixed,SFP inserted or port restored this week
BKK30AGNG01,ZTE,C300,,gpon_1/6/2,up,2.4,nan,BKK17X1LR7D,Recovered / Fixed,SFP inserted or port restored this week
BKK30AGNG01,ZTE,C300,,gpon_1/6/4,up,2.4,nan,BKK17X1LR61,Recovered / Fixed,SFP inserted or port restored this week
BKK30AGNG01,ZTE,C300,,gpon_1/6/5,up,2.4,nan,BKK30X1LRDF,Recovered / Fixed,SFP inserted or port restored this week
BKK30AGNG01,ZTE,C300,,gpon_1/6/6,up,2.4,nan,BKK30X1LRDP,Recovered / Fixed,SFP inserted or port restored this week
BKK30AGNG01,ZTE,C300,,gpon_1/6/7,up,2.4,nan,BKK17X1LQXS,Recovered / Fixed,SFP inserted or port restored this week
BKK30AGNG01,ZTE,C300,,gpon_1/6/8,up,2.4,nan,BKK17X1LQYM,Recovered / Fixed,SFP inserted or port restored this week
BKK30AGNG01,ZTE,C300,,gpon_1/6/9,up,2.4,nan,BKK17X1LQYN,Recovered / Fixed,SFP inserted or port restored this week
BKK30AGNG01,ZTE,C300,,gpon_1/7/1,up,2.4,nan,BKK17X1LR51,Recovered / Fixed,SFP inserted or port restored this week
BKK30AGNG01,ZTE,C300,,gpon_1/7/10,up,2.4,nan,BKK30X1LRPR,Recovered / Fixed,SFP inserted or port restored this week
BKK30AGNG01,ZTE,C300,,gpon_1/7/11,up,2.4,nan,BKK30X1LRPS,Recovered / Fixed,SFP inserted or port restored this week
BKK30AGNG01,ZTE,C300,,gpon_1/7/12,down,2.4,nan,BKK30X1LS0H,Recovered / Fixed,SFP inserted or port restored this week
BKK30AGNG01,ZTE,C300,,gpon_1/7/13,up,2.4,nan,BKK30X1LRQA,Recovered / Fixed,SFP inserted or port restored this week
BKK30AGNG01,ZTE,C300,,gpon_1/7/14,up,2.4,nan,BKK30X1LRQB,Recovered / Fixed,SFP inserted or port restored this week
BKK30AGNG01,ZTE,C300,,gpon_1/7/15,up,2.4,nan,BKK30X1LRPT,Recovered / Fixed,SFP inserted or port restored this week
BKK30AGNG01,ZTE,C300,,gpon_1/7/16,up,2.4,nan,BKK30X1LRPU,Recovered / Fixed,SFP inserted or port restored this week
BKK30AGNG01,ZTE,C300,,gpon_1/7/2,up,2.4,nan,BKK17X1LR5R,Recovered / Fixed,SFP inserted or port restored this week
BKK30AGNG01,ZTE,C300,,gpon_1/7/3,up,2.4,nan,BKK17X1LR5S,Recovered / Fixed,SFP inserted or port restored this week
BKK30AGNG01,ZTE,C300,,gpon_1/7/4,up,2.4,nan,BKK30X1LRPJ,Recovered / Fixed,SFP inserted or port restored this week
BKK30AGNG01,ZTE,C300,,gpon_1/7/5,up,2.4,nan,BKK30X1LRQ5,Recovered / Fixed,SFP inserted or port restored this week
BKK30AGNG01,ZTE,C300,,gpon_1/7/6,up,2.4,nan,BKK30X1LRQ2,Recovered / Fixed,SFP inserted or port restored this week
BKK30AGNG01,ZTE,C300,,gpon_1/7/7,up,2.4,nan,BKK30X1LRPL,Recovered / Fixed,SFP inserted or port restored this week
BKK30AGNG01,ZTE,C300,,gpon_1/7/8,up,2.4,nan,BKK30X1LRPM,Recovered / Fixed,SFP inserted or port restored this week
BKK30AGNG01,ZTE,C300,,gpon_1/8/1,up,2.4,nan,BKK30X1LRPV,Recovered / Fixed,SFP inserted or port restored this week
BKK30AGNG01,ZTE,C300,,gpon_1/8/10,down,2.4,nan,BKK30X1LRSK,Recovered / Fixed,SFP inserted or port restored this week
BKK30AGNG01,ZTE,C300,,gpon_1/8/11,up,2.4,nan,BKK30X1LRMM,Recovered / Fixed,SFP inserted or port restored this week
BKK30AGNG01,ZTE,C300,,gpon_1/8/12,up,2.4,nan,BKK30X1LRMN,Recovered / Fixed,SFP inserted or port restored this week
BKK30AGNG01,ZTE,C300,,gpon_1/8/13,up,2.4,nan,BKK30X1LRS8,Recovered / Fixed,SFP inserted or port restored this week
BKK30AGNG01,ZTE,C300,,gpon_1/8/15,up,2.4,nan,BKK30X1LQVM,Recovered / Fixed,SFP inserted or port restored this week
BKK30AGNG01,ZTE,C300,,gpon_1/8/16,up,2.4,nan,BKK30X1LQVO,Recovered / Fixed,SFP inserted or port restored this week
BKK30AGNG01,ZTE,C300,,gpon_1/8/2,up,2.4,nan,BKK30X1LR7A,Recovered / Fixed,SFP inserted or port restored this week
BKK30AGNG01,ZTE,C300,,gpon_1/8/3,up,2.4,nan,BKK30X1LR7E,Recovered / Fixed,SFP inserted or port restored this week
BKK30AGNG01,ZTE,C300,,gpon_1/8/4,up,2.4,nan,BKK30X1LR6N,Recovered / Fixed,SFP inserted or port restored this week
BKK30AGNG01,ZTE,C300,,gpon_1/8/5,up,2.4,nan,BKK30X1LR6P,Recovered / Fixed,SFP inserted or port restored this week
BKK30AGNG01,ZTE,C300,,gpon_1/8/6,up,2.4,nan,BKK30X1LRKR,Recovered / Fixed,SFP inserted or port restored this week
BKK30AGNG01,ZTE,C300,,gpon_1/8/7,up,2.4,nan,BKK30X1LRL0,Recovered / Fixed,SFP inserted or port restored this week
BKK30AGNG01,ZTE,C300,,gpon_1/8/8,up,2.4,nan,BKK30X1LRL1,Recovered / Fixed,SFP inserted or port restored this week
BKK30AGNG01,ZTE,C300,,gpon_1/9/1,up,2.4,nan,BKK30X1LQVP,Recovered / Fixed,SFP inserted or port restored this week
BKK30AGNG01,ZTE,C300,,gpon_1/9/10,up,2.4,nan,BKK30X1LR4W,Recovered / Fixed,SFP inserted or port restored this week
BKK30AGNG01,ZTE,C300,,gpon_1/9/16,up,2.4,nan,BKK30X1LROW,Recovered / Fixed,SFP inserted or port restored this week
BKK30AGNG01,ZTE,C300,,gpon_1/9/3,up,2.4,nan,BKK30X1LQX7,Recovered / Fixed,SFP inserted or port restored this week
BKK30AGNG01,ZTE,C300,,gpon_1/9/4,up,2.4,nan,BKK30X1LQX9,Recovered / Fixed,SFP inserted or port restored this week
BKK30AGNG01,ZTE,C300,,gpon_1/9/5,up,2.4,nan,BKK30X1LQY5,Recovered / Fixed,SFP inserted or port restored this week
BKK30AGNG01,ZTE,C300,,gpon_1/9/7,up,2.4,nan,BKK30X1LQYY,Recovered / Fixed,SFP inserted or port restored this week
BKK30AGNG01,ZTE,C300,,gpon_1/9/8,up,2.4,nan,BKK30X1LR2T,Recovered / Fixed,SFP inserted or port restored this week
BKK30AGNG01,ZTE,C300,,gpon_1/9/9,down,2.4,nan,BKK30X1LR32,Recovered / Fixed,SFP inserted or port restored this week
BKK30AGNG03,ZTE,C300,,gpon_1/13/11,up,2.4,nan,BKK30X2VYOZ,Recovered / Fixed,SFP inserted or port restored this week
BKK32019GO0,Fiberhome,AN5516-04,,PON 2/8,up,2.4,nan,BKK32X336ZG,Recovered / Fixed,SFP inserted or port restored this week
BKK33001G04,Fiberhome,AN6000-2,,PON 2/7,up,2.4,nan,BKK33X3EY3Y,Recovered / Fixed,SFP inserted or port restored this week
BKK33001G05,Fiberhome,AN6000-2,,PON 2/14,up,2.4,nan,BKK33X3I7Z3,Recovered / Fixed,SFP inserted or port restored this week
BKK33002G03,ZTE,C620,,gpon_olt-1/2/9,down,10,nan,BKK07X3O01O,Recovered / Fixed,SFP inserted or port restored this week
BKK33007G00,ZTE,C320,,gpon_1/1/1,up,10,nan,BKK33X2J2MI,Recovered / Fixed,SFP inserted or port restored this week
BKK33007G00,ZTE,C320,,gpon_1/1/2,up,10,nan,BKK33X2J2MJ,Recovered / Fixed,SFP inserted or port restored this week
BKK33009GO0,Fiberhome,AN5516-04,,PON 1/1,up,2.4,nan,BKK33X2KQMR,Recovered / Fixed,SFP inserted or port restored this week
BKK33009GO0,Fiberhome,AN5516-04,,PON 2/11,up,2.4,nan,BKK33X315E6,Recovered / Fixed,SFP inserted or port restored this week
BKK33009GO0,Fiberhome,AN5516-04,,PON 2/16,up,2.4,nan,BKK33X322LT,Recovered / Fixed,SFP inserted or port restored this week
BKK33009GO0,Fiberhome,AN5516-04,,PON 2/4,up,2.4,nan,BKK33X2KRXF,Recovered / Fixed,SFP inserted or port restored this week
BKK33016GO0,Fiberhome,AN6000-2,,PON 2/1,up,2.4,nan,BKK33X3CUVP,Recovered / Fixed,SFP inserted or port restored this week
BKK34015GO0,Fiberhome,AN5516-04,,PON 1/15,up,2.4,nan,BKK34X2LELQ,Recovered / Fixed,SFP inserted or port restored this week
BKK35008GO0,Fiberhome,AN5516-04,,PON 2/5,up,2.4,nan,BKK35X2LAKW,Recovered / Fixed,SFP inserted or port restored this week
BKK36001G00,ZTE,C300,,gpon_1/12/10,up,2.4,nan,BKK36X1OJ1U,Recovered / Fixed,SFP inserted or port restored this week
BKK36001G00,ZTE,C300,,gpon_1/12/13,up,2.4,nan,BKK36X1P39P,Recovered / Fixed,SFP inserted or port restored this week
BKK36001G00,ZTE,C300,,gpon_1/12/14,up,2.4,nan,BKK36X1P39S,Recovered / Fixed,SFP inserted or port restored this week
BKK36001G00,ZTE,C300,,gpon_1/12/15,up,2.4,nan,BKK36X1ONCS,Recovered / Fixed,SFP inserted or port restored this week
BKK36001G00,ZTE,C300,,gpon_1/12/16,up,2.4,nan,BKK36X1ONCT,Recovered / Fixed,SFP inserted or port restored this week
BKK36001G00,ZTE,C300,,gpon_1/12/2,down,2.4,nan,BKK36X1OO5D,Recovered / Fixed,SFP inserted or port restored this week
BKK36001G00,ZTE,C300,,gpon_1/12/3,down,2.4,nan,BKK36X1OO5E,Recovered / Fixed,SFP inserted or port restored this week
BKK36001G00,ZTE,C300,,gpon_1/12/6,up,2.4,nan,BKK36X1OOF4,Recovered / Fixed,SFP inserted or port restored this week
BKK36001G00,ZTE,C300,,gpon_1/12/8,up,2.4,nan,BKK36X1P2MK,Recovered / Fixed,SFP inserted or port restored this week
BKK36001G00,ZTE,C300,,gpon_1/12/9,down,2.4,nan,BKK36X1P2MM,Recovered / Fixed,SFP inserted or port restored this week
BKK36001G00,ZTE,C300,,gpon_1/13/1,up,2.4,nan,BKK36X1ON73,Recovered / Fixed,SFP inserted or port restored this week
BKK36001G00,ZTE,C300,,gpon_1/13/11,up,2.4,nan,BKK36X1OPWG,Recovered / Fixed,SFP inserted or port restored this week
BKK36001G00,ZTE,C300,,gpon_1/13/12,up,2.4,nan,BKK36X1OOPW,Recovered / Fixed,SFP inserted or port restored this week
BKK36001G00,ZTE,C300,,gpon_1/13/13,up,2.4,nan,BKK36X1OPFS,Recovered / Fixed,SFP inserted or port restored this week
BKK36001G00,ZTE,C300,,gpon_1/13/14,up,2.4,nan,BKK36X1OP9P,Recovered / Fixed,SFP inserted or port restored this week
BKK36001G00,ZTE,C300,,gpon_1/13/15,up,2.4,nan,BKK36X1OOYO,Recovered / Fixed,SFP inserted or port restored this week
BKK36001G00,ZTE,C300,,gpon_1/13/2,up,2.4,nan,BKK36X1ONA6,Recovered / Fixed,SFP inserted or port restored this week
BKK36001G00,ZTE,C300,,gpon_1/13/3,up,2.4,nan,BKK36X1ONB5,Recovered / Fixed,SFP inserted or port restored this week
BKK36001G00,ZTE,C300,,gpon_1/13/4,up,2.4,nan,BKK36X1ONLO,Recovered / Fixed,SFP inserted or port restored this week
BKK36001G00,ZTE,C300,,gpon_1/13/5,up,2.4,nan,BKK36X1OIUJ,Recovered / Fixed,SFP inserted or port restored this week
BKK36001G00,ZTE,C300,,gpon_1/13/6,up,2.4,nan,BKK36X1OIUK,Recovered / Fixed,SFP inserted or port restored this week
BKK36001G00,ZTE,C300,,gpon_1/13/7,up,2.4,nan,BKK36X1OQRK,Recovered / Fixed,SFP inserted or port restored this week
BKK36001G00,ZTE,C300,,gpon_1/13/8,up,2.4,nan,BKK36X1OP7G,Recovered / Fixed,SFP inserted or port restored this week
BKK36001G00,ZTE,C300,,gpon_1/14/1,up,2.4,nan,BKK36X1OPC1,Recovered / Fixed,SFP inserted or port restored this week
BKK36001G00,ZTE,C300,,gpon_1/14/10,up,2.4,nan,BKK36X1PS3C,Recovered / Fixed,SFP inserted or port restored this week
BKK36001G00,ZTE,C300,,gpon_1/14/11,up,2.4,nan,BKK36X1PS3D,Recovered / Fixed,SFP inserted or port restored this week
BKK36001G00,ZTE,C300,,gpon_1/14/12,up,2.4,nan,BKK36X1PS3E,Recovered / Fixed,SFP inserted or port restored this week
BKK36001G00,ZTE,C300,,gpon_1/14/13,up,2.4,nan,BKK36X1PS0Z,Recovered / Fixed,SFP inserted or port restored this week
BKK36001G00,ZTE,C300,,gpon_1/14/14,up,2.4,nan,BKK36X1PS10,Recovered / Fixed,SFP inserted or port restored this week
BKK36001G00,ZTE,C300,,gpon_1/14/15,up,2.4,nan,BKK36X1PS16,Recovered / Fixed,SFP inserted or port restored this week
BKK36001G00,ZTE,C300,,gpon_1/14/2,up,2.4,nan,BKK36X1PS2Y,Recovered / Fixed,SFP inserted or port restored this week
BKK36001G00,ZTE,C300,,gpon_1/14/5,up,2.4,nan,BKK36X1PS31,Recovered / Fixed,SFP inserted or port restored this week
BKK36001G00,ZTE,C300,,gpon_1/14/6,up,2.4,nan,BKK36X1PS34,Recovered / Fixed,SFP inserted or port restored this week
BKK36001G00,ZTE,C300,,gpon_1/14/7,up,2.4,nan,BKK36X1PS35,Recovered / Fixed,SFP inserted or port restored this week
BKK36001G00,ZTE,C300,,gpon_1/14/8,up,2.4,nan,BKK36X1PS38,Recovered / Fixed,SFP inserted or port restored this week
BKK36001G00,ZTE,C300,,gpon_1/14/9,up,2.4,nan,BKK36X1PS3B,Recovered / Fixed,SFP inserted or port restored this week
BKK36001G00,ZTE,C300,,gpon_1/15/1,up,2.4,nan,BKK36X1PS1F,Recovered / Fixed,SFP inserted or port restored this week
BKK36001G00,ZTE,C300,,gpon_1/15/10,up,2.4,nan,BKK36X1PH1E,Recovered / Fixed,SFP inserted or port restored this week
BKK36001G00,ZTE,C300,,gpon_1/15/12,up,2.4,nan,BKK36X1PH1F,Recovered / Fixed,SFP inserted or port restored this week
BKK36001G00,ZTE,C300,,gpon_1/15/13,up,2.4,nan,BKK36X1PH1G,Recovered / Fixed,SFP inserted or port restored this week
BKK36001G00,ZTE,C300,,gpon_1/15/14,up,2.4,nan,BKK36X1PS4B,Recovered / Fixed,SFP inserted or port restored this week
BKK36001G00,ZTE,C300,,gpon_1/15/15,up,2.4,nan,BKK36X1PS4C,Recovered / Fixed,SFP inserted or port restored this week
BKK36001G00,ZTE,C300,,gpon_1/15/16,up,2.4,nan,BKK36X1PS3X,Recovered / Fixed,SFP inserted or port restored this week
BKK36001G00,ZTE,C300,,gpon_1/15/2,up,2.4,nan,BKK36X1PS1I,Recovered / Fixed,SFP inserted or port restored this week
BKK36001G00,ZTE,C300,,gpon_1/15/3,up,2.4,nan,BKK36X1PS1R,Recovered / Fixed,SFP inserted or port restored this week
BKK36001G00,ZTE,C300,,gpon_1/15/4,up,2.4,nan,BKK36X1PS1S,Recovered / Fixed,SFP inserted or port restored this week
BKK36001G00,ZTE,C300,,gpon_1/15/5,up,2.4,nan,BKK36X1PS2C,Recovered / Fixed,SFP inserted or port restored this week
BKK36001G00,ZTE,C300,,gpon_1/15/6,up,2.4,nan,BKK36X1PS2E,Recovered / Fixed,SFP inserted or port restored this week
BKK36001G00,ZTE,C300,,gpon_1/15/7,up,2.4,nan,BKK36X1PKBP,Recovered / Fixed,SFP inserted or port restored this week
BKK36001G00,ZTE,C300,,gpon_1/15/8,up,2.4,nan,BKK36X1PKCH,Recovered / Fixed,SFP inserted or port restored this week
BKK36001G00,ZTE,C300,,gpon_1/15/9,up,2.4,nan,BKK36X1PKCJ,Recovered / Fixed,SFP inserted or port restored this week
BKK36001G00,ZTE,C300,,gpon_1/19/2,up,2.4,nan,BKK36X2L7XD,Recovered / Fixed,SFP inserted or port restored this week
BKK36001G00,ZTE,C300,,gpon_1/2/3,up,2.4,nan,BKK36X1FEBD,Recovered / Fixed,SFP inserted or port restored this week
BKK36001G00,ZTE,C300,,gpon_1/4/1,up,2.4,nan,BKK36X395LI,Recovered / Fixed,SFP inserted or port restored this week
BKK36001G00,ZTE,C300,,gpon_1/5/1,up,2.4,nan,BKK36X1PS45,Recovered / Fixed,SFP inserted or port restored this week
BKK36001G00,ZTE,C300,,gpon_1/5/2,up,2.4,nan,BKK36X1PS46,Recovered / Fixed,SFP inserted or port restored this week
BKK36001G00,ZTE,C300,,gpon_1/6/9,up,2.4,nan,BKK36X1S9BJ,Recovered / Fixed,SFP inserted or port restored this week
BKK36001G00,ZTE,C300,,gpon_1/9/14,up,2.4,nan,BKK36X1N9R9,Recovered / Fixed,SFP inserted or port restored this week
BKK36001G00,ZTE,C300,,gpon_1/9/15,up,2.4,nan,BKK36X1N9RH,Recovered / Fixed,SFP inserted or port restored this week
BKK36001G01,ZTE,C300,,gpon_1/4/15,up,2.4,nan,BKK36X2F0LG,Recovered / Fixed,SFP inserted or port restored this week
BKK36001G01,ZTE,C300,,gpon_1/4/16,up,2.4,nan,BKK36X2F0LF,Recovered / Fixed,SFP inserted or port restored this week
BKK36001G01,ZTE,C300,,gpon_1/6/2,up,2.4,nan,BKK36X3R0FF,Recovered / Fixed,SFP inserted or port restored this week
BKK36001G01,ZTE,C300,,gpon_1/6/4,up,2.4,nan,BKK36X3SSQT,Recovered / Fixed,SFP inserted or port restored this week
BKK36002G01,ZTE,C300,,gpon_1/2/4,up,2.4,nan,BKK36X1T20Q,Recovered / Fixed,SFP inserted or port restored this week
BKK37007G00,ZTE,C320,,gpon_1/1/3,up,2.4,nan,BKK37X30NW8,Recovered / Fixed,SFP inserted or port restored this week
BKK38001G00,ZTE,C300,,gpon_1/18/13,up,2.4,nan,BKK38X1KU9E,Recovered / Fixed,SFP inserted or port restored this week
BKK38001G00,ZTE,C300,,gpon_1/18/14,up,2.4,nan,BKK38X1KUSQ,Recovered / Fixed,SFP inserted or port restored this week
BKK38001G00,ZTE,C300,,gpon_1/18/16,up,2.4,nan,BKK38X1KQCS,Recovered / Fixed,SFP inserted or port restored this week
BKK38001G00,ZTE,C300,,gpon_1/18/3,up,2.4,nan,BKK38X1KL0D,Recovered / Fixed,SFP inserted or port restored this week
BKK38001G00,ZTE,C300,,gpon_1/19/7,up,2.4,nan,BKK38X1KPEM,Recovered / Fixed,SFP inserted or port restored this week
BKK38001G00,ZTE,C300,,gpon_1/9/1,up,2.4,nan,BKK38X0000L,Recovered / Fixed,SFP inserted or port restored this week
BKK38001G01,ZTE,C300,,gpon_1/14/1,up,2.4,nan,BKK45X3HJB0,Recovered / Fixed,SFP inserted or port restored this week
BKK38001G01,ZTE,C300,,gpon_1/14/10,up,2.4,nan,BKK38X3RHRG,Recovered / Fixed,SFP inserted or port restored this week
BKK38001G01,ZTE,C300,,gpon_1/14/13,up,2.4,nan,BKK45X3P0VA,Recovered / Fixed,SFP inserted or port restored this week
BKK38001G01,ZTE,C300,,gpon_1/14/3,up,2.4,nan,BKK45X3HJB1,Recovered / Fixed,SFP inserted or port restored this week
BKK38001G01,ZTE,C300,,gpon_1/14/4,up,2.4,nan,BKK45X3H4TJ,Recovered / Fixed,SFP inserted or port restored this week
BKK38001G01,ZTE,C300,,gpon_1/14/6,up,2.4,nan,BKK38X3RHS8,Recovered / Fixed,SFP inserted or port restored this week
BKK38001G01,ZTE,C300,,gpon_1/14/8,up,2.4,nan,BKK38X3RHH7,Recovered / Fixed,SFP inserted or port restored this week
BKK38001G01,ZTE,C300,,gpon_1/14/9,up,2.4,nan,BKK38X3RHQT,Recovered / Fixed,SFP inserted or port restored this week
BKK38001G01,ZTE,C300,,gpon_1/2/6,up,2.4,nan,BKK38X1LCK5,Recovered / Fixed,SFP inserted or port restored this week
BKK38001G01,ZTE,C300,,gpon_1/3/1,up,2.4,nan,BKK38X1I66C,Recovered / Fixed,SFP inserted or port restored this week
BKK38001G01,ZTE,C300,,gpon_1/3/12,up,2.4,nan,BKK38X1O1AE,Recovered / Fixed,SFP inserted or port restored this week
BKK38001G01,ZTE,C300,,gpon_1/3/15,up,2.4,nan,BKK38X1O1KR,Recovered / Fixed,SFP inserted or port restored this week
BKK38001G01,ZTE,C300,,gpon_1/6/5,up,2.4,nan,BKK45X1O02E,Recovered / Fixed,SFP inserted or port restored this week
BKK38001G01,ZTE,C300,,gpon_1/7/2,up,2.4,nan,BKK38X1OWHJ,Recovered / Fixed,SFP inserted or port restored this week
BKK38001G01,ZTE,C300,,gpon_1/7/7,up,2.4,nan,BKK38X1OVD3,Recovered / Fixed,SFP inserted or port restored this week
BKK38006GO1,Fiberhome,AN5516-04,,PON 2/6,up,2.4,nan,BKK38X3SEJN,Recovered / Fixed,SFP inserted or port restored this week
BKK38006GO1,Fiberhome,AN5516-04,,PON 2/7,up,2.4,nan,BKK38X3SEK1,Recovered / Fixed,SFP inserted or port restored this week
BKK38006GO1,Fiberhome,AN5516-04,,PON 2/8,up,2.4,nan,BKK38X3SEK0,Recovered / Fixed,SFP inserted or port restored this week
BKK38008GO0,Fiberhome,AN5516-04,,PON 2/7,up,2.4,nan,BKK38X1PEMA,Recovered / Fixed,SFP inserted or port restored this week
BKK38015GO0,ZTE,C320,,gpon_1/1/2,up,2.4,nan,BKK38X2US8S,Recovered / Fixed,SFP inserted or port restored this week
BKK38015GO0,ZTE,C320,,gpon_1/1/3,up,2.4,nan,BKK38X2US8T,Recovered / Fixed,SFP inserted or port restored this week
BKK38015GO0,ZTE,C320,,gpon_1/2/5,up,2.4,nan,BKK38X2UPL5,Recovered / Fixed,SFP inserted or port restored this week
BKK39009GO0,ZTE,C320,,gpon_1/1/4,down,2.4,nan,PNC-12-01/D001-D,Recovered / Fixed,SFP inserted or port restored this week
BKK39009GO0,ZTE,C320,,gpon_1/1/5,up,2.4,nan,PNC-12-01/G002-O,Recovered / Fixed,SFP inserted or port restored this week
BKK39033GO0,Fiberhome,AN6000-2,,PON 2/14,up,2.4,nan,BKK39X1NH92,Recovered / Fixed,SFP inserted or port restored this week
BKK39040GO0,Fiberhome,AN5516-04,,PON 1/1,up,2.4,nan,BKK39X2LXXV,Recovered / Fixed,SFP inserted or port restored this week
BKK39040GO0,Fiberhome,AN5516-04,,PON 1/10,up,2.4,nan,BKK39X2LZQ3,Recovered / Fixed,SFP inserted or port restored this week
BKK39040GO0,Fiberhome,AN5516-04,,PON 1/11,up,2.4,nan,BKK39X2LXZ8,Recovered / Fixed,SFP inserted or port restored this week
BKK39040GO0,Fiberhome,AN5516-04,,PON 1/12,up,2.4,nan,BKK39X2LXZE,Recovered / Fixed,SFP inserted or port restored this week
BKK39040GO0,Fiberhome,AN5516-04,,PON 1/13,up,2.4,nan,BKK39X2LXZF,Recovered / Fixed,SFP inserted or port restored this week
BKK39040GO0,Fiberhome,AN5516-04,,PON 1/14,up,2.4,nan,BKK39X2LXZM,Recovered / Fixed,SFP inserted or port restored this week
BKK39040GO0,Fiberhome,AN5516-04,,PON 1/15,up,2.4,nan,BKK39X2LXZN,Recovered / Fixed,SFP inserted or port restored this week
BKK39040GO0,Fiberhome,AN5516-04,,PON 1/16,up,2.4,nan,BKK39X2LXZW,Recovered / Fixed,SFP inserted or port restored this week
BKK39040GO0,Fiberhome,AN5516-04,,PON 1/2,up,2.4,nan,BKK39X2LXXW,Recovered / Fixed,SFP inserted or port restored this week
BKK39040GO0,Fiberhome,AN5516-04,,PON 1/3,up,2.4,nan,BKK39X2LXYJ,Recovered / Fixed,SFP inserted or port restored this week
BKK39040GO0,Fiberhome,AN5516-04,,PON 1/4,up,2.4,nan,BKK39X2LXY5,Recovered / Fixed,SFP inserted or port restored this week
BKK39040GO0,Fiberhome,AN5516-04,,PON 1/5,up,2.4,nan,BKK39X2LXYC,Recovered / Fixed,SFP inserted or port restored this week
BKK39040GO0,Fiberhome,AN5516-04,,PON 1/6,up,2.4,nan,BKK39X2LXYD,Recovered / Fixed,SFP inserted or port restored this week
BKK39040GO0,Fiberhome,AN5516-04,,PON 1/7,up,2.4,nan,BKK39X2LXYO,Recovered / Fixed,SFP inserted or port restored this week
BKK39040GO0,Fiberhome,AN5516-04,,PON 1/8,up,2.4,nan,BKK39X2LXYT,Recovered / Fixed,SFP inserted or port restored this week
BKK39040GO0,Fiberhome,AN5516-04,,PON 1/9,up,2.4,nan,BKK39X2LXYG,Recovered / Fixed,SFP inserted or port restored this week
BKK39040GO0,Fiberhome,AN5516-04,,PON 2/10,up,2.4,nan,BKK39X2LXZJ,Recovered / Fixed,SFP inserted or port restored this week
BKK39040GO0,Fiberhome,AN5516-04,,PON 2/11,up,2.4,nan,BKK39X2LXZQ,Recovered / Fixed,SFP inserted or port restored this week
BKK39040GO0,Fiberhome,AN5516-04,,PON 2/12,up,2.4,nan,BKK39X2LXZZ,Recovered / Fixed,SFP inserted or port restored this week
BKK39040GO0,Fiberhome,AN5516-04,,PON 2/13,up,2.4,nan,BKK39X2LY0N,Recovered / Fixed,SFP inserted or port restored this week
BKK39040GO0,Fiberhome,AN5516-04,,PON 2/14,up,2.4,nan,BKK39X2LY05,Recovered / Fixed,SFP inserted or port restored this week
BKK39040GO0,Fiberhome,AN5516-04,,PON 2/15,up,2.4,nan,BKK39X2FUBL,Recovered / Fixed,SFP inserted or port restored this week
BKK39040GO0,Fiberhome,AN5516-04,,PON 2/16,up,2.4,nan,BKK39X3ABG3,Recovered / Fixed,SFP inserted or port restored this week
BKK39040GO0,Fiberhome,AN5516-04,,PON 2/3,up,2.4,nan,BKK39X2LY0G,Recovered / Fixed,SFP inserted or port restored this week
BKK39040GO0,Fiberhome,AN5516-04,,PON 2/4,up,2.4,nan,BKK39X2LY0H,Recovered / Fixed,SFP inserted or port restored this week
BKK39040GO0,Fiberhome,AN5516-04,,PON 2/5,up,2.4,nan,BKK39X2LY0A,Recovered / Fixed,SFP inserted or port restored this week
BKK39040GO0,Fiberhome,AN5516-04,,PON 2/6,up,2.4,nan,BKK39X2LY0B,Recovered / Fixed,SFP inserted or port restored this week
BKK39040GO0,Fiberhome,AN5516-04,,PON 2/7,up,2.4,nan,BKK39X2LY02,Recovered / Fixed,SFP inserted or port restored this week
BKK39040GO0,Fiberhome,AN5516-04,,PON 2/8,up,2.4,nan,BKK39X2LY03,Recovered / Fixed,SFP inserted or port restored this week
BKK39040GO0,Fiberhome,AN5516-04,,PON 2/9,up,2.4,nan,BKK39X2LXZI,Recovered / Fixed,SFP inserted or port restored this week
BKK39041GO0,Fiberhome,AN5516-04,,PON 1/1,up,2.4,nan,BKK39X202MY,Recovered / Fixed,SFP inserted or port restored this week
BKK39041GO0,Fiberhome,AN5516-04,,PON 1/10,up,2.4,nan,BKK39X2ZH5D,Recovered / Fixed,SFP inserted or port restored this week
BKK39041GO0,Fiberhome,AN5516-04,,PON 1/11,up,2.4,nan,BKK39X2ZFTW,Recovered / Fixed,SFP inserted or port restored this week
BKK39041GO0,Fiberhome,AN5516-04,,PON 1/12,up,2.4,nan,BKK39X3CPEK,Recovered / Fixed,SFP inserted or port restored this week
BKK39041GO0,Fiberhome,AN5516-04,,PON 1/13,up,2.4,nan,BKK39X206L1,Recovered / Fixed,SFP inserted or port restored this week
BKK39041GO0,Fiberhome,AN5516-04,,PON 1/14,up,2.4,nan,BKK39X206L2,Recovered / Fixed,SFP inserted or port restored this week
BKK39041GO0,Fiberhome,AN5516-04,,PON 1/15,up,2.4,nan,BKK39X206KW,Recovered / Fixed,SFP inserted or port restored this week
BKK39041GO0,Fiberhome,AN5516-04,,PON 1/2,up,2.4,nan,BKK39X202N6,Recovered / Fixed,SFP inserted or port restored this week
BKK39041GO0,Fiberhome,AN5516-04,,PON 1/3,up,2.4,nan,BKK39X202N8,Recovered / Fixed,SFP inserted or port restored this week
BKK39041GO0,Fiberhome,AN5516-04,,PON 1/4,up,2.4,nan,BKK39X2QNAM,Recovered / Fixed,SFP inserted or port restored this week
BKK39041GO0,Fiberhome,AN5516-04,,PON 1/5,up,2.4,nan,BKK39X2TSUR,Recovered / Fixed,SFP inserted or port restored this week
BKK39041GO0,Fiberhome,AN5516-04,,PON 1/6,up,2.4,nan,BKK39X2TSUS,Recovered / Fixed,SFP inserted or port restored this week
BKK39041GO0,Fiberhome,AN5516-04,,PON 1/8,up,2.4,nan,BKK39X2WSPF,Recovered / Fixed,SFP inserted or port restored this week
BKK39041GO0,Fiberhome,AN5516-04,,PON 1/9,up,2.4,nan,BKK39X2WSPL,Recovered / Fixed,SFP inserted or port restored this week
BKK39041GO0,Fiberhome,AN5516-04,,PON 2/1,up,2.4,nan,BKK39X2ZS5F,Recovered / Fixed,SFP inserted or port restored this week
BKK39041GO0,Fiberhome,AN5516-04,,PON 2/10,up,2.4,nan,BKK39X31RV1,Recovered / Fixed,SFP inserted or port restored this week
BKK39041GO0,Fiberhome,AN5516-04,,PON 2/11,up,2.4,nan,BKK39X31RVT,Recovered / Fixed,SFP inserted or port restored this week
BKK39041GO0,Fiberhome,AN5516-04,,PON 2/12,up,2.4,nan,BKK39X359BS,Recovered / Fixed,SFP inserted or port restored this week
BKK39041GO0,Fiberhome,AN5516-04,,PON 2/13,up,2.4,nan,BKK39X36PNM,Recovered / Fixed,SFP inserted or port restored this week
BKK39041GO0,Fiberhome,AN5516-04,,PON 2/14,up,2.4,nan,BKK39X36PLO,Recovered / Fixed,SFP inserted or port restored this week
BKK39041GO0,Fiberhome,AN5516-04,,PON 2/15,up,2.4,nan,BKK39X36PLR,Recovered / Fixed,SFP inserted or port restored this week
BKK39041GO0,Fiberhome,AN5516-04,,PON 2/16,up,2.4,nan,BKK39X37VXT,Recovered / Fixed,SFP inserted or port restored this week
BKK39041GO0,Fiberhome,AN5516-04,,PON 2/2,up,2.4,nan,BKK39X2ZS5G,Recovered / Fixed,SFP inserted or port restored this week
BKK39041GO0,Fiberhome,AN5516-04,,PON 2/3,up,2.4,nan,BKK39X380M1,Recovered / Fixed,SFP inserted or port restored this week
BKK39041GO0,Fiberhome,AN5516-04,,PON 2/4,up,2.4,nan,BKK39X380M2,Recovered / Fixed,SFP inserted or port restored this week
BKK39041GO0,Fiberhome,AN5516-04,,PON 2/5,up,2.4,nan,BKK39X2YUY2,Recovered / Fixed,SFP inserted or port restored this week
BKK39041GO0,Fiberhome,AN5516-04,,PON 2/6,up,2.4,nan,BKK39X2YUY9,Recovered / Fixed,SFP inserted or port restored this week
BKK39041GO0,Fiberhome,AN5516-04,,PON 2/7,up,2.4,nan,BKK39X30U90,Recovered / Fixed,SFP inserted or port restored this week
BKK39041GO0,Fiberhome,AN5516-04,,PON 2/8,up,2.4,nan,BKK39X30U8V,Recovered / Fixed,SFP inserted or port restored this week
BKK39041GO0,Fiberhome,AN5516-04,,PON 2/9,up,2.4,nan,BKK39X36FPH,Recovered / Fixed,SFP inserted or port restored this week
BKK39043GO0,Fiberhome,AN5516-04,,PON 1/1,up,2.4,nan,BKK39X2USOH,Recovered / Fixed,SFP inserted or port restored this week
BKK39043GO0,Fiberhome,AN5516-04,,PON 1/2,up,2.4,nan,BKK39X2USOI,Recovered / Fixed,SFP inserted or port restored this week
BKK39043GO0,Fiberhome,AN5516-04,,PON 1/3,up,2.4,nan,BKK39X2USOJ,Recovered / Fixed,SFP inserted or port restored this week
BKK39043GO0,Fiberhome,AN5516-04,,PON 1/4,up,2.4,nan,BKK39X2USP5,Recovered / Fixed,SFP inserted or port restored this week
BKK39043GO0,Fiberhome,AN5516-04,,PON 1/5,up,2.4,nan,BKK39X2USP6,Recovered / Fixed,SFP inserted or port restored this week
BKK39043GO0,Fiberhome,AN5516-04,,PON 1/6,up,2.4,nan,BKK39X2USP7,Recovered / Fixed,SFP inserted or port restored this week
BKK39043GO0,Fiberhome,AN5516-04,,PON 1/7,up,2.4,nan,BKK39X2USPU,Recovered / Fixed,SFP inserted or port restored this week
BKK39043GO0,Fiberhome,AN5516-04,,PON 1/8,up,2.4,nan,BKK39X2USPV,Recovered / Fixed,SFP inserted or port restored this week
BKK39043GO0,Fiberhome,AN5516-04,,PON 2/2,up,2.4,nan,BKK39X0SKLA,Recovered / Fixed,SFP inserted or port restored this week
BKK39043GO0,Fiberhome,AN5516-04,,PON 2/3,up,2.4,nan,BKK39X0SKLK,Recovered / Fixed,SFP inserted or port restored this week
BKK39043GO0,Fiberhome,AN5516-04,,PON 2/4,up,2.4,nan,BKK39X3HRXD,Recovered / Fixed,SFP inserted or port restored this week
BKK39043GO0,Fiberhome,AN5516-04,,PON 2/5,up,2.4,nan,BKK39X3HRXE,Recovered / Fixed,SFP inserted or port restored this week
BKK39043GO0,Fiberhome,AN5516-04,,PON 2/6,up,2.4,nan,BKK39X33ESV,Recovered / Fixed,SFP inserted or port restored this week
BKK39043GO0,Fiberhome,AN5516-04,,PON 2/7,up,2.4,nan,BKK39X33ESX,Recovered / Fixed,SFP inserted or port restored this week
BKK39043GO0,Fiberhome,AN5516-04,,PON 2/8,up,2.4,nan,BKK39X2WLA6,Recovered / Fixed,SFP inserted or port restored this week
BKK39050GO0,Fiberhome,AN6000-2,,PON 2/8,up,2.4,nan,BKK39X3EQO1,Recovered / Fixed,SFP inserted or port restored this week
BKK40015GO0,Fiberhome,AN5516-04,,PON 1/7,up,2.4,nan,BKK40X2MZ59,Recovered / Fixed,SFP inserted or port restored this week
BKK41001G00,ZTE,C300,,gpon_1/13/10,up,2.4,nan,BKK41X1KS7Z,Recovered / Fixed,SFP inserted or port restored this week
BKK41001G00,ZTE,C300,,gpon_1/13/11,up,2.4,nan,BKK41X1KS80,Recovered / Fixed,SFP inserted or port restored this week
BKK41001G00,ZTE,C300,,gpon_1/13/12,up,2.4,nan,BKK41X1KRVM,Recovered / Fixed,SFP inserted or port restored this week
BKK41001G00,ZTE,C300,,gpon_1/13/14,up,2.4,nan,BKK41X1KRXI,Recovered / Fixed,SFP inserted or port restored this week
BKK41001G00,ZTE,C300,,gpon_1/13/15,up,2.4,nan,BKK41X1KRXW,Recovered / Fixed,SFP inserted or port restored this week
BKK41001G00,ZTE,C300,,gpon_1/13/16,up,2.4,nan,BKK41X1KRXX,Recovered / Fixed,SFP inserted or port restored this week
BKK41001G00,ZTE,C300,,gpon_1/13/2,up,2.4,nan,BKK41X1KS9N,Recovered / Fixed,SFP inserted or port restored this week
BKK41001G00,ZTE,C300,,gpon_1/13/3,up,2.4,nan,BKK41X1KS9O,Recovered / Fixed,SFP inserted or port restored this week
BKK41001G00,ZTE,C300,,gpon_1/13/4,up,2.4,nan,BKK41X1KS9P,Recovered / Fixed,SFP inserted or port restored this week
BKK41001G00,ZTE,C300,,gpon_1/13/5,up,2.4,nan,BKK41X1KS3M,Recovered / Fixed,SFP inserted or port restored this week
BKK41001G00,ZTE,C300,,gpon_1/13/6,up,2.4,nan,BKK41X1KS3N,Recovered / Fixed,SFP inserted or port restored this week
BKK41001G00,ZTE,C300,,gpon_1/13/7,up,2.4,nan,BKK41X1KSCN,Recovered / Fixed,SFP inserted or port restored this week
BKK41001G00,ZTE,C300,,gpon_1/13/8,up,2.4,nan,BKK41X1KS7R,Recovered / Fixed,SFP inserted or port restored this week
BKK41001G00,ZTE,C300,,gpon_1/13/9,up,2.4,nan,BKK41X1KS7S,Recovered / Fixed,SFP inserted or port restored this week
BKK41001G00,ZTE,C300,,gpon_1/14/1,up,2.4,nan,BKK36X1L5B0,Recovered / Fixed,SFP inserted or port restored this week
BKK41001G00,ZTE,C300,,gpon_1/14/10,up,2.4,nan,BKK41X1MWB6,Recovered / Fixed,SFP inserted or port restored this week
BKK41001G00,ZTE,C300,,gpon_1/14/11,up,2.4,nan,BKK41X1MWC6,Recovered / Fixed,SFP inserted or port restored this week
BKK41001G00,ZTE,C300,,gpon_1/14/12,up,2.4,nan,BKK41X1MWC7,Recovered / Fixed,SFP inserted or port restored this week
BKK41001G00,ZTE,C300,,gpon_1/14/13,up,2.4,nan,BKK41X1MW87,Recovered / Fixed,SFP inserted or port restored this week
BKK41001G00,ZTE,C300,,gpon_1/14/14,up,2.4,nan,BKK41X1MW88,Recovered / Fixed,SFP inserted or port restored this week
BKK41001G00,ZTE,C300,,gpon_1/14/15,up,2.4,nan,BKK41X1MW9I,Recovered / Fixed,SFP inserted or port restored this week
BKK41001G00,ZTE,C300,,gpon_1/14/16,up,2.4,nan,BKK41X1MW9Q,Recovered / Fixed,SFP inserted or port restored this week
BKK41001G00,ZTE,C300,,gpon_1/14/2,up,2.4,nan,BKK36X1L5B2,Recovered / Fixed,SFP inserted or port restored this week
BKK41001G00,ZTE,C300,,gpon_1/14/3,up,2.4,nan,BKK41X1MWUC,Recovered / Fixed,SFP inserted or port restored this week
BKK41001G00,ZTE,C300,,gpon_1/14/4,up,2.4,nan,BKK41X1MWUE,Recovered / Fixed,SFP inserted or port restored this week
BKK41001G00,ZTE,C300,,gpon_1/14/5,up,2.4,nan,BKK41X1MWT4,Recovered / Fixed,SFP inserted or port restored this week
BKK41001G00,ZTE,C300,,gpon_1/14/6,up,2.4,nan,BKK41X1MWT5,Recovered / Fixed,SFP inserted or port restored this week
BKK41001G00,ZTE,C300,,gpon_1/14/7,up,2.4,nan,BKK41X1MWDA,Recovered / Fixed,SFP inserted or port restored this week
BKK41001G00,ZTE,C300,,gpon_1/14/8,up,2.4,nan,BKK41X1MWDB,Recovered / Fixed,SFP inserted or port restored this week
BKK41001G00,ZTE,C300,,gpon_1/14/9,up,2.4,nan,BKK41X1MWB5,Recovered / Fixed,SFP inserted or port restored this week
BKK41001G00,ZTE,C300,,gpon_1/15/1,up,2.4,nan,BKK41X1MX7C,Recovered / Fixed,SFP inserted or port restored this week
BKK41001G00,ZTE,C300,,gpon_1/15/10,up,2.4,nan,BKK41X1MX15,Recovered / Fixed,SFP inserted or port restored this week
BKK41001G00,ZTE,C300,,gpon_1/15/11,up,2.4,nan,BKK41X1MWHL,Recovered / Fixed,SFP inserted or port restored this week
BKK41001G00,ZTE,C300,,gpon_1/15/15,up,2.4,nan,BKK36X1L57Y,Recovered / Fixed,SFP inserted or port restored this week
BKK41001G00,ZTE,C300,,gpon_1/15/16,up,2.4,nan,BKK36X1L5CE,Recovered / Fixed,SFP inserted or port restored this week
BKK41001G00,ZTE,C300,,gpon_1/15/2,up,2.4,nan,BKK41X1MWVQ,Recovered / Fixed,SFP inserted or port restored this week
BKK41001G00,ZTE,C300,,gpon_1/15/3,up,2.4,nan,BKK41X1MWVT,Recovered / Fixed,SFP inserted or port restored this week
BKK41001G00,ZTE,C300,,gpon_1/15/4,up,2.4,nan,BKK41X1MWRH,Recovered / Fixed,SFP inserted or port restored this week
BKK41001G00,ZTE,C300,,gpon_1/15/6,up,2.4,nan,BKK41X1MWTL,Recovered / Fixed,SFP inserted or port restored this week
BKK41001G00,ZTE,C300,,gpon_1/15/7,up,2.4,nan,BKK41X1MWLS,Recovered / Fixed,SFP inserted or port restored this week
BKK41001G00,ZTE,C300,,gpon_1/15/8,up,2.4,nan,BKK41X1MWN9,Recovered / Fixed,SFP inserted or port restored this week
BKK41001G00,ZTE,C300,,gpon_1/15/9,up,2.4,nan,BKK41X1MX9S,Recovered / Fixed,SFP inserted or port restored this week
BKK41001G00,ZTE,C300,,gpon_1/16/1,up,2.4,nan,BKK36X1L5CF,Recovered / Fixed,SFP inserted or port restored this week
BKK41001G00,ZTE,C300,,gpon_1/16/10,up,2.4,nan,BKK41X1PXTO,Recovered / Fixed,SFP inserted or port restored this week
BKK41001G00,ZTE,C300,,gpon_1/16/11,up,2.4,nan,BKK41X1PXVZ,Recovered / Fixed,SFP inserted or port restored this week
BKK41001G00,ZTE,C300,,gpon_1/16/12,up,2.4,nan,BKK41X1PXXP,Recovered / Fixed,SFP inserted or port restored this week
BKK41001G00,ZTE,C300,,gpon_1/16/13,up,2.4,nan,BKK41X1PXWM,Recovered / Fixed,SFP inserted or port restored this week
BKK41001G00,ZTE,C300,,gpon_1/16/14,up,2.4,nan,BKK41X1PXY0,Recovered / Fixed,SFP inserted or port restored this week
BKK41001G00,ZTE,C300,,gpon_1/16/15,up,2.4,nan,BKK36X1IF7D,Recovered / Fixed,SFP inserted or port restored this week
BKK41001G00,ZTE,C300,,gpon_1/16/16,up,2.4,nan,BKK36X1IFJ3,Recovered / Fixed,SFP inserted or port restored this week
BKK41001G00,ZTE,C300,,gpon_1/16/2,up,2.4,nan,BKK36X1ES61,Recovered / Fixed,SFP inserted or port restored this week
BKK41001G00,ZTE,C300,,gpon_1/16/3,up,2.4,nan,BKK36X1ES62,Recovered / Fixed,SFP inserted or port restored this week
BKK41001G00,ZTE,C300,,gpon_1/16/4,up,2.4,nan,BKK36X1O3YU,Recovered / Fixed,SFP inserted or port restored this week
BKK41001G00,ZTE,C300,,gpon_1/16/6,up,2.4,nan,BKK36X1L5SV,Recovered / Fixed,SFP inserted or port restored this week
BKK41001G00,ZTE,C300,,gpon_1/16/7,up,2.4,nan,BKK36X1L5SX,Recovered / Fixed,SFP inserted or port restored this week
BKK41001G00,ZTE,C300,,gpon_1/16/8,up,2.4,nan,BKK36X1ES5P,Recovered / Fixed,SFP inserted or port restored this week
BKK41001G00,ZTE,C300,,gpon_1/16/9,up,2.4,nan,BKK36X1L51W,Recovered / Fixed,SFP inserted or port restored this week
BKK41001G00,ZTE,C300,,gpon_1/2/2,up,2.4,nan,BKK41X15B22,Recovered / Fixed,SFP inserted or port restored this week
BKK41001G00,ZTE,C300,,gpon_1/3/2,up,2.4,nan,BKK41X15AQV,Recovered / Fixed,SFP inserted or port restored this week
BKK41001G00,ZTE,C300,,gpon_1/9/8,up,2.4,nan,BKK41X1KNOU,Recovered / Fixed,SFP inserted or port restored this week
BKK41002G00,ZTE,C300,,gpon_1/12/10,up,2.4,nan,BKK05X1OICQ,Recovered / Fixed,SFP inserted or port restored this week
BKK41002G00,ZTE,C300,,gpon_1/12/12,up,2.4,nan,BKK05X1OI81,Recovered / Fixed,SFP inserted or port restored this week
BKK41002G00,ZTE,C300,,gpon_1/12/13,up,2.4,nan,BKK05X1OI8T,Recovered / Fixed,SFP inserted or port restored this week
BKK41002G00,ZTE,C300,,gpon_1/12/4,up,2.4,nan,BKK05X1OSN6,Recovered / Fixed,SFP inserted or port restored this week
BKK41002G00,ZTE,C300,,gpon_1/12/9,up,2.4,nan,BKK05X1OITL,Recovered / Fixed,SFP inserted or port restored this week
BKK41002G00,ZTE,C300,,gpon_1/13/10,up,2.4,nan,BKK05X1L7XT,Recovered / Fixed,SFP inserted or port restored this week
BKK41002G00,ZTE,C300,,gpon_1/13/13,up,2.4,nan,BKK05X1L813,Recovered / Fixed,SFP inserted or port restored this week
BKK41002G00,ZTE,C300,,gpon_1/13/15,up,2.4,nan,BKK05X1LB1L,Recovered / Fixed,SFP inserted or port restored this week
BKK41002G00,ZTE,C300,,gpon_1/13/3,up,2.4,nan,BKK05X1LASK,Recovered / Fixed,SFP inserted or port restored this week
BKK41002G00,ZTE,C300,,gpon_1/13/7,up,2.4,nan,BKK36X1LAR1,Recovered / Fixed,SFP inserted or port restored this week
BKK41002G00,ZTE,C300,,gpon_1/14/13,up,2.4,nan,BKK05X1L8C9,Recovered / Fixed,SFP inserted or port restored this week
BKK41002G00,ZTE,C300,,gpon_1/17/1,up,2.4,nan,BKK05X36GXN,Recovered / Fixed,SFP inserted or port restored this week
BKK41002G00,ZTE,C300,,gpon_1/9/4,up,2.4,nan,BKK41X1Q06A,Recovered / Fixed,SFP inserted or port restored this week
BKK41002G01,ZTE,C300,,gpon_1/2/12,up,2.4,nan,BKK41X273AF,Recovered / Fixed,SFP inserted or port restored this week
BKK41005GO0,ZTE,C320,,gpon_1/2/9,up,2.4,nan,BKK41X3BFKP,Recovered / Fixed,SFP inserted or port restored this week
BKK41008GO0,ZTE,C320,,gpon_1/1/15,up,2.4,nan,BKK30X3U9FA,Recovered / Fixed,SFP inserted or port restored this week
BKK41008GO0,ZTE,C320,,gpon_1/1/16,up,2.4,nan,BKK30X3U9FG,Recovered / Fixed,SFP inserted or port restored this week
BKK41015GO0,ZTE,C320,,gpon_1/1/2,up,2.4,nan,BKK41X2LBLG,Recovered / Fixed,SFP inserted or port restored this week
BKK42001G00,ZTE,C300,,gpon_1/13/2,up,2.4,nan,BKK42X10NUS,Recovered / Fixed,SFP inserted or port restored this week
BKK42001G00,ZTE,C300,,gpon_1/15/1,up,2.4,nan,BKK42X10ORU,Recovered / Fixed,SFP inserted or port restored this week
BKK42001G00,ZTE,C300,,gpon_1/15/10,up,2.4,nan,BKK42X1I2KN,Recovered / Fixed,SFP inserted or port restored this week
BKK42001G00,ZTE,C300,,gpon_1/15/11,up,2.4,nan,BKK42X1I2KO,Recovered / Fixed,SFP inserted or port restored this week
BKK42001G00,ZTE,C300,,gpon_1/15/12,up,2.4,nan,BKK42X1I2KP,Recovered / Fixed,SFP inserted or port restored this week
BKK42001G00,ZTE,C300,,gpon_1/15/13,up,2.4,nan,BKK42X1I2LK,Recovered / Fixed,SFP inserted or port restored this week
BKK42001G00,ZTE,C300,,gpon_1/15/14,up,2.4,nan,BKK42X1I2LM,Recovered / Fixed,SFP inserted or port restored this week
BKK42001G00,ZTE,C300,,gpon_1/15/15,up,2.4,nan,BKK42X1HZD1,Recovered / Fixed,SFP inserted or port restored this week
BKK42001G00,ZTE,C300,,gpon_1/15/16,up,2.4,nan,BKK42X1HZD3,Recovered / Fixed,SFP inserted or port restored this week
BKK42001G00,ZTE,C300,,gpon_1/15/2,up,2.4,nan,BKK42X10OSB,Recovered / Fixed,SFP inserted or port restored this week
BKK42001G00,ZTE,C300,,gpon_1/15/3,up,2.4,nan,BKK42X12FJJ,Recovered / Fixed,SFP inserted or port restored this week
BKK42001G00,ZTE,C300,,gpon_1/15/4,up,2.4,nan,BKK42X10OSO,Recovered / Fixed,SFP inserted or port restored this week
BKK42001G00,ZTE,C300,,gpon_1/15/5,up,2.4,nan,BKK42X15Y4K,Recovered / Fixed,SFP inserted or port restored this week
BKK42001G00,ZTE,C300,,gpon_1/15/6,up,2.4,nan,BKK42X15Y35,Recovered / Fixed,SFP inserted or port restored this week
BKK42001G00,ZTE,C300,,gpon_1/15/7,up,2.4,nan,BKK42X1I2D3,Recovered / Fixed,SFP inserted or port restored this week
BKK42001G00,ZTE,C300,,gpon_1/15/8,up,2.4,nan,BKK42X1I2D4,Recovered / Fixed,SFP inserted or port restored this week
BKK42001G00,ZTE,C300,,gpon_1/15/9,up,2.4,nan,BKK42X1I2D5,Recovered / Fixed,SFP inserted or port restored this week
BKK42001G00,ZTE,C300,,gpon_1/16/1,up,2.4,nan,BKK42X1HZBX,Recovered / Fixed,SFP inserted or port restored this week
BKK42001G00,ZTE,C300,,gpon_1/16/11,up,2.4,nan,BKK42X1MDQJ,Recovered / Fixed,SFP inserted or port restored this week
BKK42001G00,ZTE,C300,,gpon_1/16/12,up,2.4,nan,BKK42X1MDS5,Recovered / Fixed,SFP inserted or port restored this week
BKK42001G00,ZTE,C300,,gpon_1/16/13,up,2.4,nan,BKK42X1MDSS,Recovered / Fixed,SFP inserted or port restored this week
BKK42001G00,ZTE,C300,,gpon_1/16/14,up,2.4,nan,BKK42X1MDT3,Recovered / Fixed,SFP inserted or port restored this week
BKK42001G00,ZTE,C300,,gpon_1/16/15,up,2.4,nan,BKK42X1MDT4,Recovered / Fixed,SFP inserted or port restored this week
BKK42001G00,ZTE,C300,,gpon_1/16/2,up,2.4,nan,BKK42X1HZBY,Recovered / Fixed,SFP inserted or port restored this week
BKK42001G00,ZTE,C300,,gpon_1/16/3,up,2.4,nan,BKK42X1HEJ1,Recovered / Fixed,SFP inserted or port restored this week
BKK42001G00,ZTE,C300,,gpon_1/16/4,up,2.4,nan,BKK42X1HEK8,Recovered / Fixed,SFP inserted or port restored this week
BKK42001G00,ZTE,C300,,gpon_1/16/5,up,2.4,nan,BKK42X1HEK9,Recovered / Fixed,SFP inserted or port restored this week
BKK42001G00,ZTE,C300,,gpon_1/16/6,up,2.4,nan,BKK42X1HEKA,Recovered / Fixed,SFP inserted or port restored this week
BKK42001G00,ZTE,C300,,gpon_1/16/7,up,2.4,nan,BKK42X1GX9W,Recovered / Fixed,SFP inserted or port restored this week
BKK42001G00,ZTE,C300,,gpon_1/16/8,up,2.4,nan,BKK42X1GX9X,Recovered / Fixed,SFP inserted or port restored this week
BKK42001G00,ZTE,C300,,gpon_1/16/9,up,2.4,nan,BKK42X1MDPV,Recovered / Fixed,SFP inserted or port restored this week
BKK42001G00,ZTE,C300,,gpon_1/17/1,up,2.4,nan,BKK42X1MDUS,Recovered / Fixed,SFP inserted or port restored this week
BKK42001G00,ZTE,C300,,gpon_1/17/10,up,2.4,nan,BKK42X1MDZ7,Recovered / Fixed,SFP inserted or port restored this week
BKK42001G00,ZTE,C300,,gpon_1/17/11,up,2.4,nan,BKK42X1MDZ8,Recovered / Fixed,SFP inserted or port restored this week
BKK42001G00,ZTE,C300,,gpon_1/17/12,up,2.4,nan,BKK42X1MDX1,Recovered / Fixed,SFP inserted or port restored this week
BKK42001G00,ZTE,C300,,gpon_1/17/13,up,2.4,nan,BKK42X1MDX2,Recovered / Fixed,SFP inserted or port restored this week
BKK42001G00,ZTE,C300,,gpon_1/17/14,up,2.4,nan,BKK42X1ME0J,Recovered / Fixed,SFP inserted or port restored this week
BKK42001G00,ZTE,C300,,gpon_1/17/15,up,2.4,nan,BKK42X1ME17,Recovered / Fixed,SFP inserted or port restored this week
BKK42001G00,ZTE,C300,,gpon_1/17/2,up,2.4,nan,BKK42X1MDUV,Recovered / Fixed,SFP inserted or port restored this week
BKK42001G00,ZTE,C300,,gpon_1/17/3,up,2.4,nan,BKK42X1MDVM,Recovered / Fixed,SFP inserted or port restored this week
BKK42001G00,ZTE,C300,,gpon_1/17/4,up,2.4,nan,BKK42X1MDVN,Recovered / Fixed,SFP inserted or port restored this week
BKK42001G00,ZTE,C300,,gpon_1/17/5,up,2.4,nan,BKK42X1MDW7,Recovered / Fixed,SFP inserted or port restored this week
BKK42001G00,ZTE,C300,,gpon_1/17/6,up,2.4,nan,BKK42X1MDP2,Recovered / Fixed,SFP inserted or port restored this week
BKK42001G00,ZTE,C300,,gpon_1/17/7,up,2.4,nan,BKK42X1MDP3,Recovered / Fixed,SFP inserted or port restored this week
BKK42001G00,ZTE,C300,,gpon_1/17/8,up,2.4,nan,BKK42X1MDNN,Recovered / Fixed,SFP inserted or port restored this week
BKK42001G00,ZTE,C300,,gpon_1/17/9,up,2.4,nan,BKK42X1MDYN,Recovered / Fixed,SFP inserted or port restored this week
BKK42001G00,ZTE,C300,,gpon_1/19/1,up,2.4,nan,BKK42X1SHT0,Recovered / Fixed,SFP inserted or port restored this week
BKK42001G00,ZTE,C300,,gpon_1/4/2,up,2.4,nan,BKK42X144DY,Recovered / Fixed,SFP inserted or port restored this week
BKK42001G00,ZTE,C300,,gpon_1/5/4,up,2.4,nan,BKK42X13QN9,Recovered / Fixed,SFP inserted or port restored this week
BKK42001G01,ZTE,C300,,gpon_1/12/10,up,2.4,nan,BKK42X1PLPA,Recovered / Fixed,SFP inserted or port restored this week
BKK42001G01,ZTE,C300,,gpon_1/12/11,up,2.4,nan,BKK42X1PLPV,Recovered / Fixed,SFP inserted or port restored this week
BKK42001G01,ZTE,C300,,gpon_1/12/12,up,2.4,nan,BKK42X1PLPW,Recovered / Fixed,SFP inserted or port restored this week
BKK42001G01,ZTE,C300,,gpon_1/12/13,up,2.4,nan,BKK42X1PLKP,Recovered / Fixed,SFP inserted or port restored this week
BKK42001G01,ZTE,C300,,gpon_1/12/15,up,2.4,nan,BKK42X1PLJZ,Recovered / Fixed,SFP inserted or port restored this week
BKK42001G01,ZTE,C300,,gpon_1/12/16,up,2.4,nan,BKK42X1PKMM,Recovered / Fixed,SFP inserted or port restored this week
BKK42001G01,ZTE,C300,,gpon_1/12/3,up,2.4,nan,BKK42X1PO9Q,Recovered / Fixed,SFP inserted or port restored this week
BKK42001G01,ZTE,C300,,gpon_1/12/4,up,2.4,nan,BKK42X1POV6,Recovered / Fixed,SFP inserted or port restored this week
BKK42001G01,ZTE,C300,,gpon_1/12/6,up,2.4,nan,BKK42X1PM2N,Recovered / Fixed,SFP inserted or port restored this week
BKK42001G01,ZTE,C300,,gpon_1/12/7,up,2.4,nan,BKK42X1PM0V,Recovered / Fixed,SFP inserted or port restored this week
BKK42001G01,ZTE,C300,,gpon_1/12/8,up,2.4,nan,BKK42X1PLVV,Recovered / Fixed,SFP inserted or port restored this week
BKK42001G01,ZTE,C300,,gpon_1/13/1,up,2.4,nan,BKK42X1PMB5,Recovered / Fixed,SFP inserted or port restored this week
BKK42001G01,ZTE,C300,,gpon_1/13/10,up,2.4,nan,BKK42X1PPL3,Recovered / Fixed,SFP inserted or port restored this week
BKK42001G01,ZTE,C300,,gpon_1/13/11,up,2.4,nan,BKK42X1PM20,Recovered / Fixed,SFP inserted or port restored this week
BKK42001G01,ZTE,C300,,gpon_1/13/12,up,2.4,nan,BKK42X1T3PL,Recovered / Fixed,SFP inserted or port restored this week
BKK42001G01,ZTE,C300,,gpon_1/13/13,up,2.4,nan,BKK42X34RQA,Recovered / Fixed,SFP inserted or port restored this week
BKK42001G01,ZTE,C300,,gpon_1/13/14,up,2.4,nan,BKK42X1KF3F,Recovered / Fixed,SFP inserted or port restored this week
BKK42001G01,ZTE,C300,,gpon_1/13/15,up,2.4,nan,BKK42X1KF3G,Recovered / Fixed,SFP inserted or port restored this week
BKK42001G01,ZTE,C300,,gpon_1/13/16,up,2.4,nan,BKK42X1KF3T,Recovered / Fixed,SFP inserted or port restored this week
BKK42001G01,ZTE,C300,,gpon_1/13/2,up,2.4,nan,BKK42X1PMKJ,Recovered / Fixed,SFP inserted or port restored this week
BKK42001G01,ZTE,C300,,gpon_1/13/3,up,2.4,nan,BKK46X1PL6R,Recovered / Fixed,SFP inserted or port restored this week
BKK42001G01,ZTE,C300,,gpon_1/13/4,up,2.4,nan,BKK46X1PRZP,Recovered / Fixed,SFP inserted or port restored this week
BKK42001G01,ZTE,C300,,gpon_1/13/5,up,2.4,nan,BKK42X32OA5,Recovered / Fixed,SFP inserted or port restored this week
BKK42001G01,ZTE,C300,,gpon_1/13/7,up,2.4,nan,BKK42X1PR2X,Recovered / Fixed,SFP inserted or port restored this week
BKK42001G01,ZTE,C300,,gpon_1/13/8,up,2.4,nan,BKK42X1PR6L,Recovered / Fixed,SFP inserted or port restored this week
BKK42001G01,ZTE,C300,,gpon_1/13/9,up,2.4,nan,BKK42X1PR6Q,Recovered / Fixed,SFP inserted or port restored this week
BKK42001G01,ZTE,C300,,gpon_1/14/12,up,2.4,nan,BKK42X1W51W,Recovered / Fixed,SFP inserted or port restored this week
BKK42001G01,ZTE,C300,,gpon_1/14/16,up,2.4,nan,BKK42X1RG2A,Recovered / Fixed,SFP inserted or port restored this week
BKK42001G01,ZTE,C300,,gpon_1/14/2,up,2.4,nan,BKK42X1KF4G,Recovered / Fixed,SFP inserted or port restored this week
BKK42001G01,ZTE,C300,,gpon_1/14/3,up,2.4,nan,BKK42X1KF4H,Recovered / Fixed,SFP inserted or port restored this week
BKK42001G01,ZTE,C300,,gpon_1/14/4,up,2.4,nan,BKK42X1KF4Y,Recovered / Fixed,SFP inserted or port restored this week
BKK42001G01,ZTE,C300,,gpon_1/14/6,up,2.4,nan,BKK42X1KF5T,Recovered / Fixed,SFP inserted or port restored this week
BKK42001G01,ZTE,C300,,gpon_1/14/7,up,2.4,nan,BKK42X1KF5U,Recovered / Fixed,SFP inserted or port restored this week
BKK42001G01,ZTE,C300,,gpon_1/14/8,up,2.4,nan,BKK46X1XYL0,Recovered / Fixed,SFP inserted or port restored this week
BKK42001G01,ZTE,C300,,gpon_1/15/1,up,2.4,nan,BKK42X1RG2D,Recovered / Fixed,SFP inserted or port restored this week
BKK42001G01,ZTE,C300,,gpon_1/15/2,down,2.4,nan,BKK42X1RG2E,Recovered / Fixed,SFP inserted or port restored this week
BKK42001G01,ZTE,C300,,gpon_1/15/5,up,2.4,nan,BKK42X1RG1X,Recovered / Fixed,SFP inserted or port restored this week
BKK42001G01,ZTE,C300,,gpon_1/15/6,down,2.4,nan,BKK42X1RG1T,Recovered / Fixed,SFP inserted or port restored this week
BKK42001G01,ZTE,C300,,gpon_1/15/7,up,2.4,nan,BKK42X1RG1I,Recovered / Fixed,SFP inserted or port restored this week
BKK42001G01,ZTE,C300,,gpon_1/2/6,up,2.4,nan,BKK42X1ME5G,Recovered / Fixed,SFP inserted or port restored this week
BKK42001G01,ZTE,C300,,gpon_1/3/14,up,2.4,nan,BKK42X1MEJM,Recovered / Fixed,SFP inserted or port restored this week
BKK42001G01,ZTE,C300,,gpon_1/4/13,up,2.4,nan,BKK42X1MCQN,Recovered / Fixed,SFP inserted or port restored this week
BKK42001G01,ZTE,C300,,gpon_1/9/11,up,2.4,nan,BKK42X1O02Y,Recovered / Fixed,SFP inserted or port restored this week
BKK42001G01,ZTE,C300,,gpon_1/9/7,up,2.4,nan,BKK42X1O20O,Recovered / Fixed,SFP inserted or port restored this week
BKK42001G02,ZTE,C300,,gpon_1/12/10,up,2.4,nan,BKK42X3RH5A,Recovered / Fixed,SFP inserted or port restored this week
BKK42001G02,ZTE,C300,,gpon_1/12/11,down,2.4,nan,BKK42X3SBVY,Recovered / Fixed,SFP inserted or port restored this week
BKK42001G02,ZTE,C300,,gpon_1/12/12,up,2.4,nan,BKK42X3RH5K,Recovered / Fixed,SFP inserted or port restored this week
BKK42001G02,ZTE,C300,,gpon_1/12/14,up,2.4,nan,BKK42X3RH5U,Recovered / Fixed,SFP inserted or port restored this week
BKK42001G02,ZTE,C300,,gpon_1/12/15,up,2.4,nan,BKK42X3RH60,Recovered / Fixed,SFP inserted or port restored this week
BKK42001G02,ZTE,C300,,gpon_1/12/2,up,2.4,nan,BKK42X3RH46,Recovered / Fixed,SFP inserted or port restored this week
BKK42001G02,ZTE,C300,,gpon_1/12/3,up,2.4,nan,BKK42X3RH4G,Recovered / Fixed,SFP inserted or port restored this week
BKK42001G02,ZTE,C300,,gpon_1/12/4,up,2.4,nan,BKK42X3RH4L,Recovered / Fixed,SFP inserted or port restored this week
BKK42001G02,ZTE,C300,,gpon_1/12/5,up,2.4,nan,BKK42X3SBVO,Recovered / Fixed,SFP inserted or port restored this week
BKK42001G02,ZTE,C300,,gpon_1/12/6,up,2.4,nan,BKK42X3SBVT,Recovered / Fixed,SFP inserted or port restored this week
BKK42001G02,ZTE,C300,,gpon_1/12/9,up,2.4,nan,BKK42X3RH55,Recovered / Fixed,SFP inserted or port restored this week
BKK42001G02,ZTE,C300,,gpon_1/13/10,up,2.4,nan,BKK42X3SBX2,Recovered / Fixed,SFP inserted or port restored this week
BKK42001G02,ZTE,C300,,gpon_1/13/11,up,2.4,nan,BKK42X3SBX7,Recovered / Fixed,SFP inserted or port restored this week
BKK42001G02,ZTE,C300,,gpon_1/13/12,up,2.4,nan,BKK42X3SBXC,Recovered / Fixed,SFP inserted or port restored this week
BKK42001G02,ZTE,C300,,gpon_1/13/13,down,2.4,nan,BKK42X3SBXH,Recovered / Fixed,SFP inserted or port restored this week
BKK42001G02,ZTE,C300,,gpon_1/13/14,up,2.4,nan,BKK42X3SBXM,Recovered / Fixed,SFP inserted or port restored this week
BKK42001G02,ZTE,C300,,gpon_1/13/15,down,2.4,nan,BKK42X3SBXR,Recovered / Fixed,SFP inserted or port restored this week
BKK42001G02,ZTE,C300,,gpon_1/13/16,up,2.4,nan,BKK42X3SBV4,Recovered / Fixed,SFP inserted or port restored this week
BKK42001G02,ZTE,C300,,gpon_1/13/3,up,2.4,nan,BKK42X3RH5F,Recovered / Fixed,SFP inserted or port restored this week
BKK42001G02,ZTE,C300,,gpon_1/13/6,down,2.4,nan,BKK42X3SBWI,Recovered / Fixed,SFP inserted or port restored this week
BKK42001G02,ZTE,C300,,gpon_1/13/7,up,2.4,nan,BKK42X3SBWN,Recovered / Fixed,SFP inserted or port restored this week
BKK42001G02,ZTE,C300,,gpon_1/13/8,down,2.4,nan,BKK42X3SBWS,Recovered / Fixed,SFP inserted or port restored this week
BKK42001G02,ZTE,C300,,gpon_1/13/9,up,2.4,nan,BKK42X3SBWX,Recovered / Fixed,SFP inserted or port restored this week
BKK42001G02,ZTE,C300,,gpon_1/2/2,up,2.4,nan,BKK42X3SBV9,Recovered / Fixed,SFP inserted or port restored this week
BKK42001G02,ZTE,C300,,gpon_1/5/11,up,2.4,nan,BKK42X2V17N,Recovered / Fixed,SFP inserted or port restored this week
BKK42001G02,ZTE,C300,,gpon_1/7/1,up,2.4,nan,BKK42X2LRD7,Recovered / Fixed,SFP inserted or port restored this week
BKK42001G02,ZTE,C300,,gpon_1/9/10,up,2.4,nan,BKK42X3UAFK,Recovered / Fixed,SFP inserted or port restored this week
BKK42001G02,ZTE,C300,,gpon_1/9/12,up,2.4,nan,BKK42X3I5O2,Recovered / Fixed,SFP inserted or port restored this week
BKK42001G02,ZTE,C300,,gpon_1/9/13,up,2.4,nan,BKK42X3I5P9,Recovered / Fixed,SFP inserted or port restored this week
BKK42001G02,ZTE,C300,,gpon_1/9/14,up,2.4,nan,BKK42X3I5OJ,Recovered / Fixed,SFP inserted or port restored this week
BKK42001G02,ZTE,C300,,gpon_1/9/2,up,2.4,nan,BKK42X37TBH,Recovered / Fixed,SFP inserted or port restored this week
BKK42001G02,ZTE,C300,,gpon_1/9/3,up,2.4,nan,BKK42X37T37,Recovered / Fixed,SFP inserted or port restored this week
BKK42001G02,ZTE,C300,,gpon_1/9/5,up,2.4,nan,BKK42X37T9Z,Recovered / Fixed,SFP inserted or port restored this week
BKK42001G02,ZTE,C300,,gpon_1/9/6,up,2.4,nan,BKK42X38ZAH,Recovered / Fixed,SFP inserted or port restored this week
BKK42001G02,ZTE,C300,,gpon_1/9/7,up,2.4,nan,BKK42X3QOCL,Recovered / Fixed,SFP inserted or port restored this week
BKK42001G02,ZTE,C300,,gpon_1/9/8,up,2.4,nan,BKK42X3RE1J,Recovered / Fixed,SFP inserted or port restored this week
BKK42001G02,ZTE,C300,,gpon_1/9/9,up,2.4,nan,BKK42X3I5PE,Recovered / Fixed,SFP inserted or port restored this week
BKK42002G01,ZTE,C300,,gpon_1/9/4,up,2.4,nan,BKK42X1PS29,Recovered / Fixed,SFP inserted or port restored this week
BKK43001G00,ZTE,C300,,gpon_1/13/10,up,2.4,nan,BKK46X1NK5X,Recovered / Fixed,SFP inserted or port restored this week
BKK43001G00,ZTE,C300,,gpon_1/13/11,up,2.4,nan,BKK46X1NK5Y,Recovered / Fixed,SFP inserted or port restored this week
BKK43001G00,ZTE,C300,,gpon_1/13/14,up,2.4,nan,BKK46X1NK61,Recovered / Fixed,SFP inserted or port restored this week
BKK43001G00,ZTE,C300,,gpon_1/13/16,up,2.4,nan,BKK46X1NK66,Recovered / Fixed,SFP inserted or port restored this week
BKK43001G00,ZTE,C300,,gpon_1/13/3,up,2.4,nan,BKK46X1NK5F,Recovered / Fixed,SFP inserted or port restored this week
BKK43001G00,ZTE,C300,,gpon_1/13/4,up,2.4,nan,BKK46X1NK5L,Recovered / Fixed,SFP inserted or port restored this week
BKK43001G00,ZTE,C300,,gpon_1/13/6,up,2.4,nan,BKK46X1NK5P,Recovered / Fixed,SFP inserted or port restored this week
BKK43001G00,ZTE,C300,,gpon_1/13/8,up,2.4,nan,BKK46X1NK5U,Recovered / Fixed,SFP inserted or port restored this week
BKK43001G00,ZTE,C300,,gpon_1/14/1,up,2.4,nan,BKK46X1NK67,Recovered / Fixed,SFP inserted or port restored this week
BKK43001G00,ZTE,C300,,gpon_1/14/11,up,2.4,nan,BKK46X1NKF6,Recovered / Fixed,SFP inserted or port restored this week
BKK43001G00,ZTE,C300,,gpon_1/14/13,up,2.4,nan,BKK46X1NKFP,Recovered / Fixed,SFP inserted or port restored this week
BKK43001G00,ZTE,C300,,gpon_1/14/6,up,2.4,nan,BKK46X1NKEB,Recovered / Fixed,SFP inserted or port restored this week
BKK43001G00,ZTE,C300,,gpon_1/15/13,up,2.4,nan,BKK43X1OS9Q,Recovered / Fixed,SFP inserted or port restored this week
BKK43001G00,ZTE,C300,,gpon_1/15/3,up,2.4,nan,BKK05X1R988,Recovered / Fixed,SFP inserted or port restored this week
BKK43001G00,ZTE,C300,,gpon_1/15/6,up,2.4,nan,BKK43X1R9CN,Recovered / Fixed,SFP inserted or port restored this week
BKK43001G00,ZTE,C300,,gpon_1/15/7,up,2.4,nan,BKK43X1R9CO,Recovered / Fixed,SFP inserted or port restored this week
BKK43001G00,ZTE,C300,,gpon_1/15/8,up,2.4,nan,BKK43X1R9CQ,Recovered / Fixed,SFP inserted or port restored this week
BKK43001G00,ZTE,C300,,gpon_1/15/9,up,2.4,nan,BKK43X1R9CR,Recovered / Fixed,SFP inserted or port restored this week
BKK43001G00,ZTE,C300,,gpon_1/19/15,up,2.4,nan,BKK05X25N0O,Recovered / Fixed,SFP inserted or port restored this week
BKK43003GO0,ZTE,C320,,gpon_1/2/3,up,2.4,nan,BKK43X1AALT,Recovered / Fixed,SFP inserted or port restored this week
BKK43004GO0,ZTE,C320,,gpon_1/1/1,up,2.4,nan,BKK43X1A61W,Recovered / Fixed,SFP inserted or port restored this week
BKK43AGNG00,ZTE,C300,,gpon_1/18/10,up,2.4,nan,BKK27X35Q4N,Recovered / Fixed,SFP inserted or port restored this week
BKK43AGNG00,ZTE,C300,,gpon_1/18/11,up,2.4,nan,BKK27X35G9D,Recovered / Fixed,SFP inserted or port restored this week
BKK43AGNG00,ZTE,C300,,gpon_1/18/13,up,2.4,nan,BKK43X37TYV,Recovered / Fixed,SFP inserted or port restored this week
BKK43AGNG00,ZTE,C300,,gpon_1/18/14,up,2.4,nan,BKK43X37TYU,Recovered / Fixed,SFP inserted or port restored this week
BKK43AGNG00,ZTE,C300,,gpon_1/18/15,up,2.4,nan,BKK43X3808D,Recovered / Fixed,SFP inserted or port restored this week
BKK43AGNG00,ZTE,C300,,gpon_1/18/16,up,2.4,nan,BKK43X3808Q,Recovered / Fixed,SFP inserted or port restored this week
BKK43AGNG00,ZTE,C300,,gpon_1/18/2,up,2.4,nan,BKK43X35LB1,Recovered / Fixed,SFP inserted or port restored this week
BKK43AGNG00,ZTE,C300,,gpon_1/18/3,up,2.4,nan,BKK43X35LB5,Recovered / Fixed,SFP inserted or port restored this week
BKK43AGNG00,ZTE,C300,,gpon_1/18/4,up,2.4,nan,BKK27X36ZV8,Recovered / Fixed,SFP inserted or port restored this week
BKK43AGNG00,ZTE,C300,,gpon_1/18/5,up,2.4,nan,BKK27X35PNR,Recovered / Fixed,SFP inserted or port restored this week
BKK43AGNG00,ZTE,C300,,gpon_1/18/6,up,2.4,nan,BKK27X35PM7,Recovered / Fixed,SFP inserted or port restored this week
BKK43AGNG00,ZTE,C300,,gpon_1/18/7,up,2.4,nan,BKK27X35PLI,Recovered / Fixed,SFP inserted or port restored this week
BKK43AGNG00,ZTE,C300,,gpon_1/18/8,up,2.4,nan,BKK27X35Q4E,Recovered / Fixed,SFP inserted or port restored this week
BKK43AGNG00,ZTE,C300,,gpon_1/18/9,up,2.4,nan,BKK27X35Q4I,Recovered / Fixed,SFP inserted or port restored this week
BKK43AGNG00,ZTE,C300,,gpon_1/19/1,up,2.4,nan,BKK27X395TY,Recovered / Fixed,SFP inserted or port restored this week
BKK43AGNG00,ZTE,C300,,gpon_1/19/10,down,2.4,nan,BKK27X3SU30,Recovered / Fixed,SFP inserted or port restored this week
BKK43AGNG00,ZTE,C300,,gpon_1/19/11,down,2.4,nan,BKK27X3SU39,Recovered / Fixed,SFP inserted or port restored this week
BKK43AGNG00,ZTE,C300,,gpon_1/19/12,up,2.4,nan,BKK27X3SU3E,Recovered / Fixed,SFP inserted or port restored this week
BKK43AGNG00,ZTE,C300,,gpon_1/19/13,down,2.4,nan,BKK27X3SU3N,Recovered / Fixed,SFP inserted or port restored this week
BKK43AGNG00,ZTE,C300,,gpon_1/19/14,up,2.4,nan,BKK27X3SU41,Recovered / Fixed,SFP inserted or port restored this week
BKK43AGNG00,ZTE,C300,,gpon_1/19/15,up,2.4,nan,BKK27X3SU3S,Recovered / Fixed,SFP inserted or port restored this week
BKK43AGNG00,ZTE,C300,,gpon_1/19/2,up,2.4,nan,BKK27X395UT,Recovered / Fixed,SFP inserted or port restored this week
BKK43AGNG00,ZTE,C300,,gpon_1/19/3,up,2.4,nan,BKK43X3B8TN,Recovered / Fixed,SFP inserted or port restored this week
BKK43AGNG00,ZTE,C300,,gpon_1/19/4,up,2.4,nan,BKK43X3CV48,Recovered / Fixed,SFP inserted or port restored this week
BKK43AGNG00,ZTE,C300,,gpon_1/19/5,up,2.4,nan,BKK43X3EK1M,Recovered / Fixed,SFP inserted or port restored this week
BKK43AGNG00,ZTE,C300,,gpon_1/19/6,up,2.4,nan,BKK43X3FI1O,Recovered / Fixed,SFP inserted or port restored this week
BKK43AGNG00,ZTE,C300,,gpon_1/19/7,up,2.4,nan,BKK43X3KCV9,Recovered / Fixed,SFP inserted or port restored this week
BKK43AGNG00,ZTE,C300,,gpon_1/19/8,up,2.4,nan,BKK43X3KCVJ,Recovered / Fixed,SFP inserted or port restored this week
BKK43AGNG00,ZTE,C300,,gpon_1/2/3,up,2.4,nan,BKK43X193GL,Recovered / Fixed,SFP inserted or port restored this week
BKK43AGNG00,ZTE,C300,,gpon_1/5/12,up,2.4,nan,BKK43X191D1,Recovered / Fixed,SFP inserted or port restored this week
BKK43AGNG00,ZTE,C300,,gpon_1/5/16,up,2.4,nan,BKK43X190HS,Recovered / Fixed,SFP inserted or port restored this week
BKK43AGNG01,ZTE,C300,,gpon_1/19/15,up,2.4,nan,BKK27X30I31,Recovered / Fixed,SFP inserted or port restored this week
BKK43AGNG01,ZTE,C300,,gpon_1/3/15,up,2.4,nan,BKK27X1I5RN,Recovered / Fixed,SFP inserted or port restored this week
BKK45001G00,ZTE,C300,,gpon_1/12/3,up,2.4,nan,BKK45X0503T,Recovered / Fixed,SFP inserted or port restored this week
BKK45001G00,ZTE,C300,,gpon_1/6/13,up,2.4,nan,BKK45X06044,Recovered / Fixed,SFP inserted or port restored this week
BKK45001G00,ZTE,C300,,gpon_1/6/2,up,2.4,nan,BKK45X0602P,Recovered / Fixed,SFP inserted or port restored this week
BKK45001G00,ZTE,C300,,gpon_1/9/1,up,2.4,nan,BKK45X0501E,Recovered / Fixed,SFP inserted or port restored this week
BKK45001G00,ZTE,C300,,gpon_1/9/7,up,2.4,nan,BKK45X05026,Recovered / Fixed,SFP inserted or port restored this week
BKK45001G01,ZTE,C300,,gpon_1/12/1,up,2.4,nan,BKK45X1NI4C,Recovered / Fixed,SFP inserted or port restored this week
BKK45001G01,ZTE,C300,,gpon_1/12/11,up,2.4,nan,BKK45X1QEI4,Recovered / Fixed,SFP inserted or port restored this week
BKK45001G01,ZTE,C300,,gpon_1/12/12,up,2.4,nan,BKK45X1QEI5,Recovered / Fixed,SFP inserted or port restored this week
BKK45001G01,ZTE,C300,,gpon_1/12/13,up,2.4,nan,BKK45X1QKMH,Recovered / Fixed,SFP inserted or port restored this week
BKK45001G01,ZTE,C300,,gpon_1/12/16,up,2.4,nan,BKK45X1QKMM,Recovered / Fixed,SFP inserted or port restored this week
BKK45001G01,ZTE,C300,,gpon_1/12/2,up,2.4,nan,BKK45X1NI6R,Recovered / Fixed,SFP inserted or port restored this week
BKK45001G01,ZTE,C300,,gpon_1/12/3,up,2.4,nan,BKK45X1NI7S,Recovered / Fixed,SFP inserted or port restored this week
BKK45001G01,ZTE,C300,,gpon_1/12/5,up,2.4,nan,BKK45X1NLXE,Recovered / Fixed,SFP inserted or port restored this week
BKK45001G01,ZTE,C300,,gpon_1/13/10,up,2.4,nan,BKK45X1Y2Q9,Recovered / Fixed,SFP inserted or port restored this week
BKK45001G01,ZTE,C300,,gpon_1/13/11,up,2.4,nan,BKK45X1Y2QG,Recovered / Fixed,SFP inserted or port restored this week
BKK45001G01,ZTE,C300,,gpon_1/13/12,up,2.4,nan,BKK45X1NSN1,Recovered / Fixed,SFP inserted or port restored this week
BKK45001G01,ZTE,C300,,gpon_1/13/13,up,2.4,nan,BKK45X1NSK9,Recovered / Fixed,SFP inserted or port restored this week
BKK45001G01,ZTE,C300,,gpon_1/13/14,up,2.4,nan,BKK45X210RB,Recovered / Fixed,SFP inserted or port restored this week
BKK45001G01,ZTE,C300,,gpon_1/13/15,up,2.4,nan,BKK45X210RC,Recovered / Fixed,SFP inserted or port restored this week
BKK45001G01,ZTE,C300,,gpon_1/13/2,up,2.4,nan,BKK45X1QVCK,Recovered / Fixed,SFP inserted or port restored this week
BKK45001G01,ZTE,C300,,gpon_1/13/3,up,2.4,nan,BKK45X1QVCL,Recovered / Fixed,SFP inserted or port restored this week
BKK45001G01,ZTE,C300,,gpon_1/13/4,up,2.4,nan,BKK45X1M5OJ,Recovered / Fixed,SFP inserted or port restored this week
BKK45001G01,ZTE,C300,,gpon_1/13/5,down,2.4,nan,BKK45X1SQB9,Recovered / Fixed,SFP inserted or port restored this week
BKK45001G01,ZTE,C300,,gpon_1/13/6,up,2.4,nan,BKK45X1MZJ1,Recovered / Fixed,SFP inserted or port restored this week
BKK45001G01,ZTE,C300,,gpon_1/13/7,up,2.4,nan,BKK45X1QH9J,Recovered / Fixed,SFP inserted or port restored this week
BKK45001G01,ZTE,C300,,gpon_1/13/9,up,2.4,nan,BKK45X1Y2PK,Recovered / Fixed,SFP inserted or port restored this week
BKK45001G01,ZTE,C300,,gpon_1/14/14,up,2.4,nan,BKK45X29MDK,Recovered / Fixed,SFP inserted or port restored this week
BKK45001G01,ZTE,C300,,gpon_1/14/16,up,2.4,nan,BKK45X2DVWU,Recovered / Fixed,SFP inserted or port restored this week
BKK45001G01,ZTE,C300,,gpon_1/14/2,up,2.4,nan,BKK45X2BUVH,Recovered / Fixed,SFP inserted or port restored this week
BKK45001G01,ZTE,C300,,gpon_1/14/5,up,2.4,nan,BKK45X2CXXE,Recovered / Fixed,SFP inserted or port restored this week
BKK45001G01,ZTE,C300,,gpon_1/14/6,up,2.4,nan,BKK45X2CXXJ,Recovered / Fixed,SFP inserted or port restored this week
BKK45001G01,ZTE,C300,,gpon_1/14/7,up,2.4,nan,BKK45X2CXXO,Recovered / Fixed,SFP inserted or port restored this week
BKK45001G01,ZTE,C300,,gpon_1/14/8,up,2.4,nan,BKK45X2CXXT,Recovered / Fixed,SFP inserted or port restored this week
BKK45001G01,ZTE,C300,,gpon_1/15/1,up,2.4,nan,BKK45X2DVWY,Recovered / Fixed,SFP inserted or port restored this week
BKK45001G01,ZTE,C300,,gpon_1/15/14,up,2.4,nan,BKK45X2FUAJ,Recovered / Fixed,SFP inserted or port restored this week
BKK45001G01,ZTE,C300,,gpon_1/15/3,up,2.4,nan,BKK45X2DVXC,Recovered / Fixed,SFP inserted or port restored this week
BKK45001G01,ZTE,C300,,gpon_1/16/16,up,2.4,nan,BKK45X2F1R6,Recovered / Fixed,SFP inserted or port restored this week
BKK45001G01,ZTE,C300,,gpon_1/16/9,up,2.4,nan,BKK45X2FFF8,Recovered / Fixed,SFP inserted or port restored this week
BKK45001G01,ZTE,C300,,gpon_1/18/9,up,2.4,nan,BKK45X3GW1T,Recovered / Fixed,SFP inserted or port restored this week
BKK45001G01,ZTE,C300,,gpon_1/4/2,up,2.4,nan,BKK45X18YI9,Recovered / Fixed,SFP inserted or port restored this week
BKK45001G01,ZTE,C300,,gpon_1/4/3,up,2.4,nan,BKK45X19NDQ,Recovered / Fixed,SFP inserted or port restored this week
BKK45001G01,ZTE,C300,,gpon_1/4/4,up,2.4,nan,BKK45X19NDU,Recovered / Fixed,SFP inserted or port restored this week
BKK45001G01,ZTE,C300,,gpon_1/4/7,up,2.4,nan,BKK45X18YJY,Recovered / Fixed,SFP inserted or port restored this week
BKK45001G01,ZTE,C300,,gpon_1/4/8,up,2.4,nan,BKK45X18YK0,Recovered / Fixed,SFP inserted or port restored this week
BKK45001G01,ZTE,C300,,gpon_1/5/10,up,2.4,nan,BKK45X1NGFA,Recovered / Fixed,SFP inserted or port restored this week
BKK45001G01,ZTE,C300,,gpon_1/5/11,up,2.4,nan,BKK45X1NGV0,Recovered / Fixed,SFP inserted or port restored this week
BKK45001G01,ZTE,C300,,gpon_1/5/13,up,2.4,nan,BKK45X1NH78,Recovered / Fixed,SFP inserted or port restored this week
BKK45001G01,ZTE,C300,,gpon_1/5/14,up,2.4,nan,BKK45X1NHOD,Recovered / Fixed,SFP inserted or port restored this week
BKK45001G01,ZTE,C300,,gpon_1/5/16,up,2.4,nan,BKK45X1NHQ3,Recovered / Fixed,SFP inserted or port restored this week
BKK45001G01,ZTE,C300,,gpon_1/5/7,up,2.4,nan,BKK45X1NFX4,Recovered / Fixed,SFP inserted or port restored this week
BKK45001G01,ZTE,C300,,gpon_1/5/8,up,2.4,nan,BKK45X1NG1J,Recovered / Fixed,SFP inserted or port restored this week
BKK45001G01,ZTE,C300,,gpon_1/6/1,up,2.4,nan,BKK45X1NX8H,Recovered / Fixed,SFP inserted or port restored this week
BKK45001G01,ZTE,C300,,gpon_1/6/10,up,2.4,nan,BKK45X1O5XK,Recovered / Fixed,SFP inserted or port restored this week
BKK45001G01,ZTE,C300,,gpon_1/6/11,up,2.4,nan,BKK45X1O7B7,Recovered / Fixed,SFP inserted or port restored this week
BKK45001G01,ZTE,C300,,gpon_1/6/12,up,2.4,nan,BKK45X1O61E,Recovered / Fixed,SFP inserted or port restored this week
BKK45001G01,ZTE,C300,,gpon_1/6/13,up,2.4,nan,BKK45X1O61F,Recovered / Fixed,SFP inserted or port restored this week
BKK45001G01,ZTE,C300,,gpon_1/6/14,up,2.4,nan,BKK45X1O5RP,Recovered / Fixed,SFP inserted or port restored this week
BKK45001G01,ZTE,C300,,gpon_1/6/15,up,2.4,nan,BKK45X1O5S8,Recovered / Fixed,SFP inserted or port restored this week
BKK45001G01,ZTE,C300,,gpon_1/6/16,up,2.4,nan,BKK45X1O70C,Recovered / Fixed,SFP inserted or port restored this week
BKK45001G01,ZTE,C300,,gpon_1/6/3,up,2.4,nan,BKK45X1O6LP,Recovered / Fixed,SFP inserted or port restored this week
BKK45001G01,ZTE,C300,,gpon_1/6/4,up,2.4,nan,BKK45X1OGQ1,Recovered / Fixed,SFP inserted or port restored this week
BKK45001G01,ZTE,C300,,gpon_1/6/5,up,2.4,nan,BKK45X1O5PS,Recovered / Fixed,SFP inserted or port restored this week
BKK45001G01,ZTE,C300,,gpon_1/6/6,up,2.4,nan,BKK45X1O5QD,Recovered / Fixed,SFP inserted or port restored this week
BKK45001G01,ZTE,C300,,gpon_1/6/7,up,2.4,nan,BKK45X1O5R3,Recovered / Fixed,SFP inserted or port restored this week
BKK45001G01,ZTE,C300,,gpon_1/6/8,up,2.4,nan,BKK45X1O5OR,Recovered / Fixed,SFP inserted or port restored this week
BKK45001G01,ZTE,C300,,gpon_1/6/9,up,2.4,nan,BKK45X1O5WB,Recovered / Fixed,SFP inserted or port restored this week
BKK45001G01,ZTE,C300,,gpon_1/7/1,up,2.4,nan,BKK45X1O5UY,Recovered / Fixed,SFP inserted or port restored this week
BKK45001G01,ZTE,C300,,gpon_1/7/10,up,2.4,nan,BKK45X1Q0WK,Recovered / Fixed,SFP inserted or port restored this week
BKK45001G01,ZTE,C300,,gpon_1/7/11,up,2.4,nan,BKK45X1NJXT,Recovered / Fixed,SFP inserted or port restored this week
BKK45001G01,ZTE,C300,,gpon_1/7/12,up,2.4,nan,BKK45X1NMAM,Recovered / Fixed,SFP inserted or port restored this week
BKK45001G01,ZTE,C300,,gpon_1/7/13,up,2.4,nan,BKK45X1NK86,Recovered / Fixed,SFP inserted or port restored this week
BKK45001G01,ZTE,C300,,gpon_1/7/14,up,2.4,nan,BKK45X1NK87,Recovered / Fixed,SFP inserted or port restored this week
BKK45001G01,ZTE,C300,,gpon_1/7/15,up,2.4,nan,BKK45X1NKM2,Recovered / Fixed,SFP inserted or port restored this week
BKK45001G01,ZTE,C300,,gpon_1/7/16,up,2.4,nan,BKK45X1NKP6,Recovered / Fixed,SFP inserted or port restored this week
BKK45001G01,ZTE,C300,,gpon_1/7/2,up,2.4,nan,BKK45X1O6XJ,Recovered / Fixed,SFP inserted or port restored this week
BKK45001G01,ZTE,C300,,gpon_1/7/3,up,2.4,nan,BKK45X1O5NK,Recovered / Fixed,SFP inserted or port restored this week
BKK45001G01,ZTE,C300,,gpon_1/7/4,down,2.4,nan,BKK45X1O687,Recovered / Fixed,SFP inserted or port restored this week
BKK45001G01,ZTE,C300,,gpon_1/7/5,up,2.4,nan,BKK45X1O5K3,Recovered / Fixed,SFP inserted or port restored this week
BKK45001G01,ZTE,C300,,gpon_1/7/6,up,2.4,nan,BKK45X1O6SG,Recovered / Fixed,SFP inserted or port restored this week
BKK45001G01,ZTE,C300,,gpon_1/7/7,up,2.4,nan,BKK45X1O6SO,Recovered / Fixed,SFP inserted or port restored this week
BKK45001G01,ZTE,C300,,gpon_1/7/8,up,2.4,nan,BKK45X1O63W,Recovered / Fixed,SFP inserted or port restored this week
BKK45001G01,ZTE,C300,,gpon_1/7/9,up,2.4,nan,BKK45X1OHY0,Recovered / Fixed,SFP inserted or port restored this week
BKK45001G01,ZTE,C300,,gpon_1/8/1,up,2.4,nan,BKK45X1NKP7,Recovered / Fixed,SFP inserted or port restored this week
BKK45001G01,ZTE,C300,,gpon_1/8/10,up,2.4,nan,BKK45X1NOEE,Recovered / Fixed,SFP inserted or port restored this week
BKK45001G01,ZTE,C300,,gpon_1/8/11,up,2.4,nan,BKK45X1NOEI,Recovered / Fixed,SFP inserted or port restored this week
BKK45001G01,ZTE,C300,,gpon_1/8/12,up,2.4,nan,BKK45X1NOEJ,Recovered / Fixed,SFP inserted or port restored this week
BKK45001G01,ZTE,C300,,gpon_1/8/13,up,2.4,nan,BKK45X1NR80,Recovered / Fixed,SFP inserted or port restored this week
BKK45001G01,ZTE,C300,,gpon_1/8/14,up,2.4,nan,BKK45X1NR83,Recovered / Fixed,SFP inserted or port restored this week
BKK45001G01,ZTE,C300,,gpon_1/8/16,up,2.4,nan,BKK45X1NSO5,Recovered / Fixed,SFP inserted or port restored this week
BKK45001G01,ZTE,C300,,gpon_1/8/2,up,2.4,nan,BKK45X1NKQ6,Recovered / Fixed,SFP inserted or port restored this week
BKK45001G01,ZTE,C300,,gpon_1/8/3,up,2.4,nan,BKK45X1NKQ7,Recovered / Fixed,SFP inserted or port restored this week
BKK45001G01,ZTE,C300,,gpon_1/8/4,up,2.4,nan,BKK45X1NLOG,Recovered / Fixed,SFP inserted or port restored this week
BKK45001G01,ZTE,C300,,gpon_1/8/5,up,2.4,nan,BKK45X1NLOL,Recovered / Fixed,SFP inserted or port restored this week
BKK45001G01,ZTE,C300,,gpon_1/8/6,up,2.4,nan,BKK45X1NLSF,Recovered / Fixed,SFP inserted or port restored this week
BKK45001G01,ZTE,C300,,gpon_1/8/7,up,2.4,nan,BKK45X1NLSK,Recovered / Fixed,SFP inserted or port restored this week
BKK45001G01,ZTE,C300,,gpon_1/8/8,up,2.4,nan,BKK45X1NOFH,Recovered / Fixed,SFP inserted or port restored this week
BKK45001G01,ZTE,C300,,gpon_1/8/9,up,2.4,nan,BKK45X1NOED,Recovered / Fixed,SFP inserted or port restored this week
BKK45001G01,ZTE,C300,,gpon_1/9/1,up,2.4,nan,BKK45X1NSO8,Recovered / Fixed,SFP inserted or port restored this week
BKK45001G01,ZTE,C300,,gpon_1/9/10,up,2.4,nan,BKK45X1NYAO,Recovered / Fixed,SFP inserted or port restored this week
BKK45001G01,ZTE,C300,,gpon_1/9/11,up,2.4,nan,BKK45X1NYAP,Recovered / Fixed,SFP inserted or port restored this week
BKK45001G01,ZTE,C300,,gpon_1/9/12,up,2.4,nan,BKK45X1NYCA,Recovered / Fixed,SFP inserted or port restored this week
BKK45001G01,ZTE,C300,,gpon_1/9/13,up,2.4,nan,BKK45X1NYCD,Recovered / Fixed,SFP inserted or port restored this week
BKK45001G01,ZTE,C300,,gpon_1/9/14,up,2.4,nan,BKK45X1NYDG,Recovered / Fixed,SFP inserted or port restored this week
BKK45001G01,ZTE,C300,,gpon_1/9/15,up,2.4,nan,BKK45X1O4XG,Recovered / Fixed,SFP inserted or port restored this week
BKK45001G01,ZTE,C300,,gpon_1/9/16,up,2.4,nan,BKK45X1QH9I,Recovered / Fixed,SFP inserted or port restored this week
BKK45001G01,ZTE,C300,,gpon_1/9/2,up,2.4,nan,BKK45X1NSVN,Recovered / Fixed,SFP inserted or port restored this week
BKK45001G01,ZTE,C300,,gpon_1/9/3,up,2.4,nan,BKK45X1NSI0,Recovered / Fixed,SFP inserted or port restored this week
BKK45001G01,ZTE,C300,,gpon_1/9/4,up,2.4,nan,BKK45X1NSI4,Recovered / Fixed,SFP inserted or port restored this week
BKK45001G01,ZTE,C300,,gpon_1/9/6,up,2.4,nan,BKK45X1NXVX,Recovered / Fixed,SFP inserted or port restored this week
BKK45001G01,ZTE,C300,,gpon_1/9/8,up,2.4,nan,BKK45X1NY85,Recovered / Fixed,SFP inserted or port restored this week
BKK45001G01,ZTE,C300,,gpon_1/9/9,up,2.4,nan,BKK45X1NYAG,Recovered / Fixed,SFP inserted or port restored this week
BKK45002G00,ZTE,C300,,gpon_1/4/13,up,2.4,nan,BKK45X02016,Recovered / Fixed,SFP inserted or port restored this week
BKK45002G00,ZTE,C300,,gpon_1/7/2,up,2.4,nan,BKK45X1KPUC,Recovered / Fixed,SFP inserted or port restored this week
BKK45021GO0,Fiberhome,AN5516-04,,PON 1/7,up,2.4,nan,BKK45X2KQ21,Recovered / Fixed,SFP inserted or port restored this week
BKK46001G00,ZTE,C300,,gpon_1/4/1,up,2.4,nan,BKK43X00001,Recovered / Fixed,SFP inserted or port restored this week
BKK46001G00,ZTE,C300,,gpon_1/4/8,up,2.4,nan,BKK43X0000S,Recovered / Fixed,SFP inserted or port restored this week
BKK46001G00,ZTE,C300,,gpon_1/7/14,up,2.4,nan,BKK43X1JTMQ,Recovered / Fixed,SFP inserted or port restored this week
BKK46001G00,ZTE,C300,,gpon_1/9/1,up,2.4,nan,BKK10X00031,Recovered / Fixed,SFP inserted or port restored this week
BKK46001G01,ZTE,C300,,gpon_1/12/1,up,2.4,nan,BKK46X1DCTY,Recovered / Fixed,SFP inserted or port restored this week
BKK46001G01,ZTE,C300,,gpon_1/12/11,up,2.4,nan,BKK43X1N4FL,Recovered / Fixed,SFP inserted or port restored this week
BKK46001G01,ZTE,C300,,gpon_1/12/12,up,2.4,nan,BKK43X1N4FN,Recovered / Fixed,SFP inserted or port restored this week
BKK46001G01,ZTE,C300,,gpon_1/12/13,up,2.4,nan,BKK43X1N4IJ,Recovered / Fixed,SFP inserted or port restored this week
BKK46001G01,ZTE,C300,,gpon_1/12/14,up,2.4,nan,BKK43X1N4NL,Recovered / Fixed,SFP inserted or port restored this week
BKK46001G01,ZTE,C300,,gpon_1/12/15,up,2.4,nan,BKK43X1N4UX,Recovered / Fixed,SFP inserted or port restored this week
BKK46001G01,ZTE,C300,,gpon_1/12/16,up,2.4,nan,BKK43X1N4UZ,Recovered / Fixed,SFP inserted or port restored this week
BKK46001G01,ZTE,C300,,gpon_1/12/2,up,2.4,nan,BKK43X1N57V,Recovered / Fixed,SFP inserted or port restored this week
BKK46001G01,ZTE,C300,,gpon_1/12/4,up,2.4,nan,BKK43X1N3K1,Recovered / Fixed,SFP inserted or port restored this week
BKK46001G01,ZTE,C300,,gpon_1/12/5,up,2.4,nan,BKK43X1N3K0,Recovered / Fixed,SFP inserted or port restored this week
BKK46001G01,ZTE,C300,,gpon_1/12/6,up,2.4,nan,BKK43X1N3M0,Recovered / Fixed,SFP inserted or port restored this week
BKK46001G01,ZTE,C300,,gpon_1/12/7,up,2.4,nan,BKK43X1N3NC,Recovered / Fixed,SFP inserted or port restored this week
BKK46001G01,ZTE,C300,,gpon_1/12/8,up,2.4,nan,BKK43X1N3O2,Recovered / Fixed,SFP inserted or port restored this week
BKK46001G01,ZTE,C300,,gpon_1/12/9,up,2.4,nan,BKK43X1PIUK,Recovered / Fixed,SFP inserted or port restored this week
BKK46001G01,ZTE,C300,,gpon_1/13/1,up,2.4,nan,BKK43X1N4BC,Recovered / Fixed,SFP inserted or port restored this week
BKK46001G01,ZTE,C300,,gpon_1/13/10,up,2.4,nan,BKK43X1N1Q8,Recovered / Fixed,SFP inserted or port restored this week
BKK46001G01,ZTE,C300,,gpon_1/13/11,up,2.4,nan,BKK43X1N0Q1,Recovered / Fixed,SFP inserted or port restored this week
BKK46001G01,ZTE,C300,,gpon_1/13/12,up,2.4,nan,BKK43X1N1FI,Recovered / Fixed,SFP inserted or port restored this week
BKK46001G01,ZTE,C300,,gpon_1/13/13,up,2.4,nan,BKK43X1N1FK,Recovered / Fixed,SFP inserted or port restored this week
BKK46001G01,ZTE,C300,,gpon_1/13/14,up,2.4,nan,BKK43X1N1E2,Recovered / Fixed,SFP inserted or port restored this week
BKK46001G01,ZTE,C300,,gpon_1/13/15,up,2.4,nan,BKK43X1N1E7,Recovered / Fixed,SFP inserted or port restored this week
BKK46001G01,ZTE,C300,,gpon_1/13/16,up,2.4,nan,BKK43X1N0WD,Recovered / Fixed,SFP inserted or port restored this week
BKK46001G01,ZTE,C300,,gpon_1/13/2,up,2.4,nan,BKK43X1N4C1,Recovered / Fixed,SFP inserted or port restored this week
BKK46001G01,ZTE,C300,,gpon_1/13/3,up,2.4,nan,BKK43X1PITY,Recovered / Fixed,SFP inserted or port restored this week
BKK46001G01,ZTE,C300,,gpon_1/13/4,up,2.4,nan,BKK43X1PITZ,Recovered / Fixed,SFP inserted or port restored this week
BKK46001G01,ZTE,C300,,gpon_1/13/5,up,2.4,nan,BKK43X1N1TR,Recovered / Fixed,SFP inserted or port restored this week
BKK46001G01,ZTE,C300,,gpon_1/13/6,up,2.4,nan,BKK43X1N0RC,Recovered / Fixed,SFP inserted or port restored this week
BKK46001G01,ZTE,C300,,gpon_1/13/7,up,2.4,nan,BKK43X1N0SW,Recovered / Fixed,SFP inserted or port restored this week
BKK46001G01,ZTE,C300,,gpon_1/13/8,up,2.4,nan,BKK43X1N0T0,Recovered / Fixed,SFP inserted or port restored this week
BKK46001G01,ZTE,C300,,gpon_1/13/9,up,2.4,nan,BKK43X1N1Q7,Recovered / Fixed,SFP inserted or port restored this week
BKK46001G01,ZTE,C300,,gpon_1/15/1,up,2.4,nan,BKK10X1NLLO,Recovered / Fixed,SFP inserted or port restored this week
BKK46001G01,ZTE,C300,,gpon_1/15/10,up,2.4,nan,BKK10X1NNWR,Recovered / Fixed,SFP inserted or port restored this week
BKK46001G01,ZTE,C300,,gpon_1/15/11,up,2.4,nan,BKK10X1NNWU,Recovered / Fixed,SFP inserted or port restored this week
BKK46001G01,ZTE,C300,,gpon_1/15/12,up,2.4,nan,BKK10X1NNWN,Recovered / Fixed,SFP inserted or port restored this week
BKK46001G01,ZTE,C300,,gpon_1/15/14,up,2.4,nan,BKK10X1NNX3,Recovered / Fixed,SFP inserted or port restored this week
BKK46001G01,ZTE,C300,,gpon_1/15/15,up,2.4,nan,BKK10X1NNX5,Recovered / Fixed,SFP inserted or port restored this week
BKK46001G01,ZTE,C300,,gpon_1/15/2,up,2.4,nan,BKK10X1NNWE,Recovered / Fixed,SFP inserted or port restored this week
BKK46001G01,ZTE,C300,,gpon_1/15/3,up,2.4,nan,BKK10X1NNWF,Recovered / Fixed,SFP inserted or port restored this week
BKK46001G01,ZTE,C300,,gpon_1/15/4,up,2.4,nan,BKK10X1NNO1,Recovered / Fixed,SFP inserted or port restored this week
BKK46001G01,ZTE,C300,,gpon_1/15/5,up,2.4,nan,BKK10X1NNO2,Recovered / Fixed,SFP inserted or port restored this week
BKK46001G01,ZTE,C300,,gpon_1/15/6,up,2.4,nan,BKK10X1NNX9,Recovered / Fixed,SFP inserted or port restored this week
BKK46001G01,ZTE,C300,,gpon_1/15/9,up,2.4,nan,BKK10X1NNX0,Recovered / Fixed,SFP inserted or port restored this week
BKK46001G01,ZTE,C300,,gpon_1/2/6,up,2.4,nan,BKK46X1C4RS,Recovered / Fixed,SFP inserted or port restored this week
BKK46001G01,ZTE,C300,,gpon_1/4/10,up,2.4,nan,BKK10X000BR,Recovered / Fixed,SFP inserted or port restored this week
BKK46001G01,ZTE,C300,,gpon_1/4/11,up,2.4,nan,BKK10X000BV,Recovered / Fixed,SFP inserted or port restored this week
BKK46001G01,ZTE,C300,,gpon_1/4/12,up,2.4,nan,BKK10X000BY,Recovered / Fixed,SFP inserted or port restored this week
BKK46001G01,ZTE,C300,,gpon_1/4/13,up,2.4,nan,BKK10X000C3,Recovered / Fixed,SFP inserted or port restored this week
BKK46001G01,ZTE,C300,,gpon_1/4/14,up,2.4,nan,BKK10X000C7,Recovered / Fixed,SFP inserted or port restored this week
BKK46001G01,ZTE,C300,,gpon_1/4/16,up,2.4,nan,BKK10X000CF,Recovered / Fixed,SFP inserted or port restored this week
BKK46001G01,ZTE,C300,,gpon_1/4/2,up,2.4,nan,BKK10X000AN,Recovered / Fixed,SFP inserted or port restored this week
BKK46001G01,ZTE,C300,,gpon_1/4/3,up,2.4,nan,BKK10X000AS,Recovered / Fixed,SFP inserted or port restored this week
BKK46001G01,ZTE,C300,,gpon_1/4/4,up,2.4,nan,BKK10X000AX,Recovered / Fixed,SFP inserted or port restored this week
BKK46001G01,ZTE,C300,,gpon_1/4/5,up,2.4,nan,BKK10X000B2,Recovered / Fixed,SFP inserted or port restored this week
BKK46001G01,ZTE,C300,,gpon_1/4/6,up,2.4,nan,BKK10X000B6,Recovered / Fixed,SFP inserted or port restored this week
BKK46001G01,ZTE,C300,,gpon_1/4/7,up,2.4,nan,BKK10X000BB,Recovered / Fixed,SFP inserted or port restored this week
BKK46001G01,ZTE,C300,,gpon_1/4/8,up,2.4,nan,BKK10X000BE,Recovered / Fixed,SFP inserted or port restored this week
BKK46001G01,ZTE,C300,,gpon_1/4/9,up,2.4,nan,BKK10X000BO,Recovered / Fixed,SFP inserted or port restored this week
BKK46001G01,ZTE,C300,,gpon_1/5/1,up,2.4,nan,BKK10X000CK,Recovered / Fixed,SFP inserted or port restored this week
BKK46001G01,ZTE,C300,,gpon_1/5/10,up,2.4,nan,BKK10X000DP,Recovered / Fixed,SFP inserted or port restored this week
BKK46001G01,ZTE,C300,,gpon_1/5/11,up,2.4,nan,BKK10X000DU,Recovered / Fixed,SFP inserted or port restored this week
BKK46001G01,ZTE,C300,,gpon_1/5/12,up,2.4,nan,BKK10X000DZ,Recovered / Fixed,SFP inserted or port restored this week
BKK46001G01,ZTE,C300,,gpon_1/5/13,up,2.4,nan,BKK10X000E4,Recovered / Fixed,SFP inserted or port restored this week
BKK46001G01,ZTE,C300,,gpon_1/5/14,up,2.4,nan,BKK10X000E9,Recovered / Fixed,SFP inserted or port restored this week
BKK46001G01,ZTE,C300,,gpon_1/5/15,up,2.4,nan,BKK10X000ED,Recovered / Fixed,SFP inserted or port restored this week
BKK46001G01,ZTE,C300,,gpon_1/5/16,up,2.4,nan,BKK46X1HWO1,Recovered / Fixed,SFP inserted or port restored this week
BKK46001G01,ZTE,C300,,gpon_1/5/3,up,2.4,nan,BKK10X000CS,Recovered / Fixed,SFP inserted or port restored this week
BKK46001G01,ZTE,C300,,gpon_1/5/4,up,2.4,nan,BKK10X000EH,Recovered / Fixed,SFP inserted or port restored this week
BKK46001G01,ZTE,C300,,gpon_1/5/6,up,2.4,nan,BKK10X000D4,Recovered / Fixed,SFP inserted or port restored this week
BKK46001G01,ZTE,C300,,gpon_1/5/7,up,2.4,nan,BKK10X000D9,Recovered / Fixed,SFP inserted or port restored this week
BKK46001G01,ZTE,C300,,gpon_1/5/8,up,2.4,nan,BKK10X000DF,Recovered / Fixed,SFP inserted or port restored this week
BKK46001G01,ZTE,C300,,gpon_1/6/1,up,2.4,nan,BKK46X1HWO2,Recovered / Fixed,SFP inserted or port restored this week
BKK46001G01,ZTE,C300,,gpon_1/6/10,up,2.4,nan,BKK46X1HWTO,Recovered / Fixed,SFP inserted or port restored this week
BKK46001G01,ZTE,C300,,gpon_1/6/11,up,2.4,nan,BKK46X1HWTS,Recovered / Fixed,SFP inserted or port restored this week
BKK46001G01,ZTE,C300,,gpon_1/6/12,up,2.4,nan,BKK46X1HWU3,Recovered / Fixed,SFP inserted or port restored this week
BKK46001G01,ZTE,C300,,gpon_1/6/13,up,2.4,nan,BKK46X1HWU5,Recovered / Fixed,SFP inserted or port restored this week
BKK46001G01,ZTE,C300,,gpon_1/6/15,up,2.4,nan,BKK46X1HWV1,Recovered / Fixed,SFP inserted or port restored this week
BKK46001G01,ZTE,C300,,gpon_1/6/16,up,2.4,nan,BKK10X000JH,Recovered / Fixed,SFP inserted or port restored this week
BKK46001G01,ZTE,C300,,gpon_1/6/3,up,2.4,nan,BKK46X1HWPH,Recovered / Fixed,SFP inserted or port restored this week
BKK46001G01,ZTE,C300,,gpon_1/6/4,up,2.4,nan,BKK46X1HWQB,Recovered / Fixed,SFP inserted or port restored this week
BKK46001G01,ZTE,C300,,gpon_1/6/6,up,2.4,nan,BKK46X1HWRJ,Recovered / Fixed,SFP inserted or port restored this week
BKK46001G01,ZTE,C300,,gpon_1/6/8,up,2.4,nan,BKK46X1HWSE,Recovered / Fixed,SFP inserted or port restored this week
BKK46001G01,ZTE,C300,,gpon_1/6/9,up,2.4,nan,BKK46X1HWSG,Recovered / Fixed,SFP inserted or port restored this week
BKK46001G01,ZTE,C300,,gpon_1/7/1,up,2.4,nan,BKK10X000JM,Recovered / Fixed,SFP inserted or port restored this week
BKK46001G01,ZTE,C300,,gpon_1/7/10,up,2.4,nan,BKK10X000KP,Recovered / Fixed,SFP inserted or port restored this week
BKK46001G01,ZTE,C300,,gpon_1/7/11,up,2.4,nan,BKK10X000KU,Recovered / Fixed,SFP inserted or port restored this week
BKK46001G01,ZTE,C300,,gpon_1/7/12,up,2.4,nan,BKK10X000KZ,Recovered / Fixed,SFP inserted or port restored this week
BKK46001G01,ZTE,C300,,gpon_1/7/13,up,2.4,nan,BKK46X1HWW3,Recovered / Fixed,SFP inserted or port restored this week
BKK46001G01,ZTE,C300,,gpon_1/7/14,up,2.4,nan,BKK46X1HWVM,Recovered / Fixed,SFP inserted or port restored this week
BKK46001G01,ZTE,C300,,gpon_1/7/15,up,2.4,nan,BKK46X1HWW2,Recovered / Fixed,SFP inserted or port restored this week
BKK46001G01,ZTE,C300,,gpon_1/7/16,up,2.4,nan,BKK46X1HWV2,Recovered / Fixed,SFP inserted or port restored this week
BKK46001G01,ZTE,C300,,gpon_1/7/2,up,2.4,nan,BKK10X000JP,Recovered / Fixed,SFP inserted or port restored this week
BKK46001G01,ZTE,C300,,gpon_1/7/3,up,2.4,nan,BKK10X000JT,Recovered / Fixed,SFP inserted or port restored this week
BKK46001G01,ZTE,C300,,gpon_1/7/4,up,2.4,nan,BKK10X000JY,Recovered / Fixed,SFP inserted or port restored this week
BKK46001G01,ZTE,C300,,gpon_1/7/5,up,2.4,nan,BKK10X000K3,Recovered / Fixed,SFP inserted or port restored this week
BKK46001G01,ZTE,C300,,gpon_1/7/6,up,2.4,nan,BKK10X000K7,Recovered / Fixed,SFP inserted or port restored this week
BKK46001G01,ZTE,C300,,gpon_1/7/7,up,2.4,nan,BKK10X000KA,Recovered / Fixed,SFP inserted or port restored this week
BKK46001G01,ZTE,C300,,gpon_1/7/8,up,2.4,nan,BKK10X000KF,Recovered / Fixed,SFP inserted or port restored this week
BKK46001G01,ZTE,C300,,gpon_1/7/9,up,2.4,nan,BKK10X000KK,Recovered / Fixed,SFP inserted or port restored this week
BKK46001G01,ZTE,C300,,gpon_1/8/10,up,2.4,nan,BKK46X1I41K,Recovered / Fixed,SFP inserted or port restored this week
BKK46001G01,ZTE,C300,,gpon_1/8/11,up,2.4,nan,BKK46X1I41M,Recovered / Fixed,SFP inserted or port restored this week
BKK46001G01,ZTE,C300,,gpon_1/8/12,up,2.4,nan,BKK10X000AE,Recovered / Fixed,SFP inserted or port restored this week
BKK46001G01,ZTE,C300,,gpon_1/8/13,up,2.4,nan,BKK46X1CXUP,Recovered / Fixed,SFP inserted or port restored this week
BKK46001G01,ZTE,C300,,gpon_1/8/14,up,2.4,nan,BKK46X1CXUO,Recovered / Fixed,SFP inserted or port restored this week
BKK46001G01,ZTE,C300,,gpon_1/8/15,up,2.4,nan,BKK46X1CXUN,Recovered / Fixed,SFP inserted or port restored this week
BKK46001G01,ZTE,C300,,gpon_1/8/16,up,2.4,nan,BKK46X1CXVH,Recovered / Fixed,SFP inserted or port restored this week
BKK46001G01,ZTE,C300,,gpon_1/8/2,up,2.4,nan,BKK46X1HWWC,Recovered / Fixed,SFP inserted or port restored this week
BKK46001G01,ZTE,C300,,gpon_1/8/3,up,2.4,nan,BKK46X1HWWG,Recovered / Fixed,SFP inserted or port restored this week
BKK46001G01,ZTE,C300,,gpon_1/8/4,up,2.4,nan,BKK46X1HWWH,Recovered / Fixed,SFP inserted or port restored this week
BKK46001G01,ZTE,C300,,gpon_1/8/5,up,2.4,nan,BKK10X000CX,Recovered / Fixed,SFP inserted or port restored this week
BKK46001G01,ZTE,C300,,gpon_1/8/6,up,2.4,nan,BKK46X1HWLJ,Recovered / Fixed,SFP inserted or port restored this week
BKK46001G01,ZTE,C300,,gpon_1/8/7,up,2.4,nan,BKK46X1HWJT,Recovered / Fixed,SFP inserted or port restored this week
BKK46001G01,ZTE,C300,,gpon_1/8/8,up,2.4,nan,BKK46X1HWJW,Recovered / Fixed,SFP inserted or port restored this week
BKK46001G01,ZTE,C300,,gpon_1/8/9,up,2.4,nan,BKK46X1HWIV,Recovered / Fixed,SFP inserted or port restored this week
BKK46001G01,ZTE,C300,,gpon_1/9/1,up,2.4,nan,BKK46X1CXVG,Recovered / Fixed,SFP inserted or port restored this week
BKK46001G01,ZTE,C300,,gpon_1/9/11,up,2.4,nan,BKK46X1CXYE,Recovered / Fixed,SFP inserted or port restored this week
BKK46001G01,ZTE,C300,,gpon_1/9/12,up,2.4,nan,BKK46X1CXYF,Recovered / Fixed,SFP inserted or port restored this week
BKK46001G01,ZTE,C300,,gpon_1/9/13,up,2.4,nan,BKK46X1CXYY,Recovered / Fixed,SFP inserted or port restored this week
BKK46001G01,ZTE,C300,,gpon_1/9/14,up,2.4,nan,BKK46X1CXYX,Recovered / Fixed,SFP inserted or port restored this week
BKK46001G01,ZTE,C300,,gpon_1/9/15,up,2.4,nan,BKK46X1CXZE,Recovered / Fixed,SFP inserted or port restored this week
BKK46001G01,ZTE,C300,,gpon_1/9/16,up,2.4,nan,BKK46X1CXZI,Recovered / Fixed,SFP inserted or port restored this week
BKK46001G01,ZTE,C300,,gpon_1/9/2,up,2.4,nan,BKK46X1CXVS,Recovered / Fixed,SFP inserted or port restored this week
BKK46001G01,ZTE,C300,,gpon_1/9/3,up,2.4,nan,BKK46X1CXVR,Recovered / Fixed,SFP inserted or port restored this week
BKK46001G01,ZTE,C300,,gpon_1/9/4,up,2.4,nan,BKK46X1CXVO,Recovered / Fixed,SFP inserted or port restored this week
BKK46001G01,ZTE,C300,,gpon_1/9/5,up,2.4,nan,BKK46X1CXWQ,Recovered / Fixed,SFP inserted or port restored this week
BKK46001G01,ZTE,C300,,gpon_1/9/6,up,2.4,nan,BKK46X1CXWP,Recovered / Fixed,SFP inserted or port restored this week
BKK46001G01,ZTE,C300,,gpon_1/9/7,up,2.4,nan,BKK46X1CXX0,Recovered / Fixed,SFP inserted or port restored this week
BKK46001G01,ZTE,C300,,gpon_1/9/8,up,2.4,nan,BKK46X1CXWW,Recovered / Fixed,SFP inserted or port restored this week
BKK46001G01,ZTE,C300,,gpon_1/9/9,up,2.4,nan,BKK46X1CXXS,Recovered / Fixed,SFP inserted or port restored this week
BKK46001G02,ZTE,C300,,gpon_1/13/2,up,2.4,nan,BKK10X2CI1E,Recovered / Fixed,SFP inserted or port restored this week
BKK46001G02,ZTE,C300,,gpon_1/13/3,up,2.4,nan,BKK10X2CI1F,Recovered / Fixed,SFP inserted or port restored this week
BKK46001G02,ZTE,C300,,gpon_1/13/9,up,2.4,nan,BKK43X2DPG2,Recovered / Fixed,SFP inserted or port restored this week
BKK46001G02,ZTE,C300,,gpon_1/5/1,up,2.4,nan,BKK46X1NXE1,Recovered / Fixed,SFP inserted or port restored this week
BKK46001G02,ZTE,C300,,gpon_1/5/5,up,2.4,nan,BKK46X1NS83,Recovered / Fixed,SFP inserted or port restored this week
BKK46001G02,ZTE,C300,,gpon_1/5/8,up,2.4,nan,BKK46X1NR4S,Recovered / Fixed,SFP inserted or port restored this week
BKK46001G02,ZTE,C300,,gpon_1/5/9,up,2.4,nan,BKK46X1NR4V,Recovered / Fixed,SFP inserted or port restored this week
BKK46002G01,ZTE,C300,,gpon_1/13/2,down,2.4,nan,BKK46X1KJ0V,Recovered / Fixed,SFP inserted or port restored this week
BKK46002G01,ZTE,C300,,gpon_1/14/2,up,2.4,nan,BKK46X1KK2Z,Recovered / Fixed,SFP inserted or port restored this week
BKK46002G01,ZTE,C300,,gpon_1/15/2,up,2.4,nan,BKK46X1KKEO,Recovered / Fixed,SFP inserted or port restored this week
BKK46002G01,ZTE,C300,,gpon_1/17/7,up,2.4,nan,BKK46X1KKFQ,Recovered / Fixed,SFP inserted or port restored this week
BKK46002G01,ZTE,C300,,gpon_1/18/2,up,2.4,nan,BKK46X3OVMB,Recovered / Fixed,SFP inserted or port restored this week
BKK46002G01,ZTE,C300,,gpon_1/18/3,down,2.4,nan,BKK46X3OWAF,Recovered / Fixed,SFP inserted or port restored this week
BKK46002G01,ZTE,C300,,gpon_1/3/2,up,2.4,nan,BKK46X12VHQ,Recovered / Fixed,SFP inserted or port restored this week
BKK46002G01,ZTE,C300,,gpon_1/3/5,up,2.4,nan,BKK46X12VMC,Recovered / Fixed,SFP inserted or port restored this week
BKK46002G01,ZTE,C300,,gpon_1/4/6,up,2.4,nan,BKK46X12VPJ,Recovered / Fixed,SFP inserted or port restored this week
BKK46002G01,ZTE,C300,,gpon_1/4/9,up,2.4,nan,BKK46X12VLN,Recovered / Fixed,SFP inserted or port restored this week
BKK46002G01,ZTE,C300,,gpon_1/5/3,up,2.4,nan,BKK46X12Y7G,Recovered / Fixed,SFP inserted or port restored this week
BKK46002G02,ZTE,C300,,gpon_1/12/4,up,2.4,nan,BKK46X1N4L2,Recovered / Fixed,SFP inserted or port restored this week
BKK46002G02,ZTE,C300,,gpon_1/14/5,up,2.4,nan,BKK46X04001,Recovered / Fixed,SFP inserted or port restored this week
BKK46002G02,ZTE,C300,,gpon_1/19/3,up,2.4,nan,BKK46X3655K,Recovered / Fixed,SFP inserted or port restored this week
BKK46002G02,ZTE,C300,,gpon_1/2/8,up,2.4,nan,BKK46X1BAQC,Recovered / Fixed,SFP inserted or port restored this week
BKK46002G02,ZTE,C300,,gpon_1/8/11,up,2.4,nan,BKK46X1N6GQ,Recovered / Fixed,SFP inserted or port restored this week
BKK46002G02,ZTE,C300,,gpon_1/8/2,up,2.4,nan,BKK46X1MXAH,Recovered / Fixed,SFP inserted or port restored this week
BKK46003G00,ZTE,C300,,gpon_1/3/11,up,2.4,nan,BKK46X1E2EM,Recovered / Fixed,SFP inserted or port restored this week
BKK46003GO0,ZTE,C320,,gpon_1/2/13,up,2.4,nan,BKK46X1HG3R,Recovered / Fixed,SFP inserted or port restored this week
BKK46003GO0,ZTE,C320,,gpon_1/2/5,up,2.4,nan,BKK46X03018,Recovered / Fixed,SFP inserted or port restored this week
BKK46010GO0,ZTE,C320,,gpon_1/2/8,down,2.4,nan,BKK46X16SBP,Recovered / Fixed,SFP inserted or port restored this week
BKK46027GO0,ZTE,C320,,gpon_1/2/1,up,2.4,nan,BKK46X36XKN,Recovered / Fixed,SFP inserted or port restored this week
BKK46027GO0,ZTE,C320,,gpon_1/2/3,up,2.4,nan,BKK10X3FEUT,Recovered / Fixed,SFP inserted or port restored this week
BKK46028GO0,ZTE,C320,,gpon_1/2/1,up,2.4,nan,BKK46X38JTT,Recovered / Fixed,SFP inserted or port restored this week
BKK46028GO0,ZTE,C320,,gpon_1/2/2,up,2.4,nan,BKK46X3S2DZ,Recovered / Fixed,SFP inserted or port restored this week
BKK47024GO0,Fiberhome,AN5516-04,,PON 1/1,up,2.4,nan,BKK47X2HPD8,Recovered / Fixed,SFP inserted or port restored this week
BKK47024GO0,Fiberhome,AN5516-04,,PON 1/10,up,2.4,nan,BKK47X2HPF7,Recovered / Fixed,SFP inserted or port restored this week
BKK47024GO0,Fiberhome,AN5516-04,,PON 1/11,up,2.4,nan,BKK47X2HPFE,Recovered / Fixed,SFP inserted or port restored this week
BKK47024GO0,Fiberhome,AN5516-04,,PON 1/12,up,2.4,nan,BKK47X2HPFL,Recovered / Fixed,SFP inserted or port restored this week
BKK47024GO0,Fiberhome,AN5516-04,,PON 1/13,up,2.4,nan,BKK47X2HPFS,Recovered / Fixed,SFP inserted or port restored this week
BKK47024GO0,Fiberhome,AN5516-04,,PON 1/14,up,2.4,nan,BKK47X2HPFZ,Recovered / Fixed,SFP inserted or port restored this week
BKK47024GO0,Fiberhome,AN5516-04,,PON 1/15,up,2.4,nan,BKK47X2HPG6,Recovered / Fixed,SFP inserted or port restored this week
BKK47024GO0,Fiberhome,AN5516-04,,PON 1/16,up,2.4,nan,BKK47X2HPGD,Recovered / Fixed,SFP inserted or port restored this week
BKK47024GO0,Fiberhome,AN5516-04,,PON 1/2,up,2.4,nan,BKK47X2HPDD,Recovered / Fixed,SFP inserted or port restored this week
BKK47024GO0,Fiberhome,AN5516-04,,PON 1/3,up,2.4,nan,BKK47X2HPDM,Recovered / Fixed,SFP inserted or port restored this week
BKK47024GO0,Fiberhome,AN5516-04,,PON 1/4,up,2.4,nan,BKK47X2HPDV,Recovered / Fixed,SFP inserted or port restored this week
BKK47024GO0,Fiberhome,AN5516-04,,PON 1/5,up,2.4,nan,BKK47X2HPE0,Recovered / Fixed,SFP inserted or port restored this week
BKK47024GO0,Fiberhome,AN5516-04,,PON 1/6,up,2.4,nan,BKK47X2HPE9,Recovered / Fixed,SFP inserted or port restored this week
BKK47024GO0,Fiberhome,AN5516-04,,PON 1/7,up,2.4,nan,BKK47X2HPEI,Recovered / Fixed,SFP inserted or port restored this week
BKK47024GO0,Fiberhome,AN5516-04,,PON 1/8,up,2.4,nan,BKK47X2HPER,Recovered / Fixed,SFP inserted or port restored this week
BKK47024GO0,Fiberhome,AN5516-04,,PON 1/9,up,2.4,nan,BKK47X2HPF0,Recovered / Fixed,SFP inserted or port restored this week
BKK47024GO0,Fiberhome,AN5516-04,,PON 2/1,up,2.4,nan,BKK47X2HPGM,Recovered / Fixed,SFP inserted or port restored this week
BKK47024GO0,Fiberhome,AN5516-04,,PON 2/2,up,2.4,nan,BKK47X2HPGW,Recovered / Fixed,SFP inserted or port restored this week
BKK47024GO0,Fiberhome,AN5516-04,,PON 2/3,up,2.4,nan,BKK47X2HPGZ,Recovered / Fixed,SFP inserted or port restored this week
BKK47024GO0,Fiberhome,AN5516-04,,PON 2/4,up,2.4,nan,BKK47X308NN,Recovered / Fixed,SFP inserted or port restored this week
BKK47024GO0,Fiberhome,AN5516-04,,PON 2/6,down,2.4,nan,BKK47X3DYV1,Recovered / Fixed,SFP inserted or port restored this week
BKK47024GO0,Fiberhome,AN5516-04,,PON 2/7,up,2.4,nan,BKK47X3DYVB,Recovered / Fixed,SFP inserted or port restored this week
BRR06001GO0,ZTE,C320,,gpon_1/2/16,up,2.4,nan,BRR06X3SKF2,Recovered / Fixed,SFP inserted or port restored this week
BRR09001GO0,ZTE,C320,,gpon_1/2/3,up,2.4,nan,BRR09X00022,Recovered / Fixed,SFP inserted or port restored this week
CAMPBI1CVW0,Huawei,MA5603T,invalid-invalid,GPON 0/5/0,up,2.4,invalid-invalid,CAMPBI-01/G001-O,Recovered / Fixed,SFP inserted or port restored this week
CAMPBI1CVW0,Huawei,MA5603T,invalid-invalid,GPON 0/5/1,up,2.4,invalid-invalid,CAMPBI-01/G002-O,Recovered / Fixed,SFP inserted or port restored this week
CAMPBI1CVW0,Huawei,MA5603T,invalid-invalid,GPON 0/5/3,up,2.4,invalid-invalid,CAMPBI-01/G004-O,Recovered / Fixed,SFP inserted or port restored this week
CAMPBI1CVW0,Huawei,MA5603T,invalid-invalid,GPON 0/5/4,up,2.4,invalid-invalid,CAMPBI-01/G005-O,Recovered / Fixed,SFP inserted or port restored this week
CBICBI2VVW0,Huawei,MA5603T,invalid-invalid,GPON 0/5/0,up,2.4,invalid-invalid,CBICBI-01/G001-O,Recovered / Fixed,SFP inserted or port restored this week
CBR09042GO0,Huawei,MA5800-X2,invalid-invalid,GPON 0/2/0,up,2.4,invalid-invalid,CBR09X0006L,Recovered / Fixed,SFP inserted or port restored this week
CBR09042GO0,Huawei,MA5800-X2,invalid-invalid,GPON 0/2/1,up,2.4,invalid-invalid,CBR09X0006V,Recovered / Fixed,SFP inserted or port restored this week
CCS01043GO0,Fiberhome,AN5516-04,,PON 1/1,up,2.4,nan,CCS01XMT001,Recovered / Fixed,SFP inserted or port restored this week
CCS01043GO0,Fiberhome,AN5516-04,,PON 1/10,up,2.4,nan,CCS01XHN105,Recovered / Fixed,SFP inserted or port restored this week
CCS01043GO0,Fiberhome,AN5516-04,,PON 1/14,up,2.4,nan,CCS01XHTI05,Recovered / Fixed,SFP inserted or port restored this week
CCS01043GO0,Fiberhome,AN5516-04,,PON 1/2,up,2.4,nan,CCS01XMT00A,Recovered / Fixed,SFP inserted or port restored this week
CCS01043GO0,Fiberhome,AN5516-04,,PON 1/7,up,2.4,nan,CCS01XSFD08,Recovered / Fixed,SFP inserted or port restored this week
CCS01043GO0,Fiberhome,AN5516-04,,PON 2/1,up,2.4,nan,CCS01XOW10X,Recovered / Fixed,SFP inserted or port restored this week
CCS01043GO0,Fiberhome,AN5516-04,,PON 2/10,up,2.4,nan,CCS01XOLWH1,Recovered / Fixed,SFP inserted or port restored this week
CCS01043GO0,Fiberhome,AN5516-04,,PON 2/11,up,2.4,nan,CCS01XOLWH5,Recovered / Fixed,SFP inserted or port restored this week
CCS01043GO0,Fiberhome,AN5516-04,,PON 2/12,up,2.4,nan,CCS01XOLWI0,Recovered / Fixed,SFP inserted or port restored this week
CCS01043GO0,Fiberhome,AN5516-04,,PON 2/13,up,2.4,nan,CCS01XOLWH6,Recovered / Fixed,SFP inserted or port restored this week
CCS01043GO0,Fiberhome,AN5516-04,,PON 2/14,up,2.4,nan,CCS01XMW44C,Recovered / Fixed,SFP inserted or port restored this week
CCS01043GO0,Fiberhome,AN5516-04,,PON 2/15,up,2.4,nan,CCS01XMW443,Recovered / Fixed,SFP inserted or port restored this week
CCS01043GO0,Fiberhome,AN5516-04,,PON 2/16,up,2.4,nan,CCS01XMW436,Recovered / Fixed,SFP inserted or port restored this week
CCS01043GO0,Fiberhome,AN5516-04,,PON 2/2,up,2.4,nan,CCS01XOW116,Recovered / Fixed,SFP inserted or port restored this week
CCS01043GO0,Fiberhome,AN5516-04,,PON 2/3,up,2.4,nan,CCS01XOLW6V,Recovered / Fixed,SFP inserted or port restored this week
CCS01043GO0,Fiberhome,AN5516-04,,PON 2/4,up,2.4,nan,CCS01XOLW7D,Recovered / Fixed,SFP inserted or port restored this week
CCS01043GO0,Fiberhome,AN5516-04,,PON 2/5,up,2.4,nan,CCS01XOLW74,Recovered / Fixed,SFP inserted or port restored this week
CCS01043GO0,Fiberhome,AN5516-04,,PON 2/6,up,2.4,nan,CCS01XOLW7M,Recovered / Fixed,SFP inserted or port restored this week
CCS01043GO0,Fiberhome,AN5516-04,,PON 2/7,up,2.4,nan,CCS01XOLW6D,Recovered / Fixed,SFP inserted or port restored this week
CCS01043GO0,Fiberhome,AN5516-04,,PON 2/8,up,2.4,nan,CCS01XOLW6M,Recovered / Fixed,SFP inserted or port restored this week
CCS01043GO0,Fiberhome,AN5516-04,,PON 2/9,up,2.4,nan,CCS01XOLWH0,Recovered / Fixed,SFP inserted or port restored this week
CCS06008GO0,Fiberhome,AN6000-2,,PON 1/1,up,2.4,nan,CCS06XMW45B,Recovered / Fixed,SFP inserted or port restored this week
CPN01001G00,ZTE,C300,,gpon_1/12/1,up,2.4,nan,CPN01X3EBO4,Recovered / Fixed,SFP inserted or port restored this week
CPN01001G00,ZTE,C300,,gpon_1/12/10,down,2.4,nan,CPN01X3V1D2,Recovered / Fixed,SFP inserted or port restored this week
CPN01001G00,ZTE,C300,,gpon_1/12/11,up,2.4,nan,CPN01X3V1D8,Recovered / Fixed,SFP inserted or port restored this week
CPN01001G00,ZTE,C300,,gpon_1/12/2,up,2.4,nan,CPN01X3E8YN,Recovered / Fixed,SFP inserted or port restored this week
CPN01001G00,ZTE,C300,,gpon_1/12/4,up,2.4,nan,CPN01X3HA7R,Recovered / Fixed,SFP inserted or port restored this week
CPN01001G00,ZTE,C300,,gpon_1/12/5,up,2.4,nan,CPN01X3HC0L,Recovered / Fixed,SFP inserted or port restored this week
CPN01001G00,ZTE,C300,,gpon_1/12/6,up,2.4,nan,CPN01X3HBVT,Recovered / Fixed,SFP inserted or port restored this week
CPN01001G00,ZTE,C300,,gpon_1/12/7,up,2.4,nan,CPN01X3HEKW,Recovered / Fixed,SFP inserted or port restored this week
CPN01001G00,ZTE,C300,,gpon_1/12/8,up,2.4,nan,CPN01X3HM00,Recovered / Fixed,SFP inserted or port restored this week
CPN01001G00,ZTE,C300,,gpon_1/12/9,up,2.4,nan,CPN01X3M9D1,Recovered / Fixed,SFP inserted or port restored this week
CPN01001G00,ZTE,C300,,gpon_1/2/10,up,2.4,nan,CPN01X00019,Recovered / Fixed,SFP inserted or port restored this week
CPN01001G00,ZTE,C300,,gpon_1/2/12,up,2.4,nan,CPN01X0001J,Recovered / Fixed,SFP inserted or port restored this week
CPN01001G00,ZTE,C300,,gpon_1/2/13,up,2.4,nan,CPN01X0001O,Recovered / Fixed,SFP inserted or port restored this week
CPN01001G00,ZTE,C300,,gpon_1/2/14,up,2.4,nan,CPN01X0001T,Recovered / Fixed,SFP inserted or port restored this week
CPN01001G00,ZTE,C300,,gpon_1/2/15,up,2.4,nan,CPN01X0001X,Recovered / Fixed,SFP inserted or port restored this week
CPN01001G00,ZTE,C300,,gpon_1/2/2,up,2.4,nan,CPN01X00008,Recovered / Fixed,SFP inserted or port restored this week
CPN01001G00,ZTE,C300,,gpon_1/2/4,up,2.4,nan,CPN01X0000H,Recovered / Fixed,SFP inserted or port restored this week
CPN01001G00,ZTE,C300,,gpon_1/2/5,up,2.4,nan,CPN01X0000M,Recovered / Fixed,SFP inserted or port restored this week
CPN01001G00,ZTE,C300,,gpon_1/2/7,up,2.4,nan,CPN01X0000W,Recovered / Fixed,SFP inserted or port restored this week
CPN01001G00,ZTE,C300,,gpon_1/2/8,up,2.4,nan,CPN01X00010,Recovered / Fixed,SFP inserted or port restored this week
CPN01001G00,ZTE,C300,,gpon_1/3/2,up,2.4,nan,CPN01X0002B,Recovered / Fixed,SFP inserted or port restored this week
CPN01001G00,ZTE,C300,,gpon_1/3/5,up,2.4,nan,CPN01X0002M,Recovered / Fixed,SFP inserted or port restored this week
CPN01001G00,ZTE,C300,,gpon_1/4/11,up,2.4,nan,CPN01X24VRC,Recovered / Fixed,SFP inserted or port restored this week
CPN01001G00,ZTE,C300,,gpon_1/4/14,up,2.4,nan,CPN01X24VTJ,Recovered / Fixed,SFP inserted or port restored this week
CPN01001G00,ZTE,C300,,gpon_1/4/15,up,2.4,nan,CPN01X24VTO,Recovered / Fixed,SFP inserted or port restored this week
CPN01001G00,ZTE,C300,,gpon_1/5/12,up,2.4,nan,CPN01X2FBX4,Recovered / Fixed,SFP inserted or port restored this week
CPN01001G00,ZTE,C300,,gpon_1/6/1,up,2.4,nan,CPN01X2GR11,Recovered / Fixed,SFP inserted or port restored this week
CPN01001G00,ZTE,C300,,gpon_1/6/10,up,2.4,nan,CPN01X2OTLU,Recovered / Fixed,SFP inserted or port restored this week
CPN01001G00,ZTE,C300,,gpon_1/6/12,up,2.4,nan,CPN01X2OTLH,Recovered / Fixed,SFP inserted or port restored this week
CPN01001G00,ZTE,C300,,gpon_1/6/13,up,2.4,nan,CPN01X2OTLD,Recovered / Fixed,SFP inserted or port restored this week
CPN01001G00,ZTE,C300,,gpon_1/6/14,up,2.4,nan,CPN01X2TEU7,Recovered / Fixed,SFP inserted or port restored this week
CPN01001G00,ZTE,C300,,gpon_1/6/15,up,2.4,nan,CPN01X2TEU2,Recovered / Fixed,SFP inserted or port restored this week
CPN01001G00,ZTE,C300,,gpon_1/6/2,up,2.4,nan,CPN01X2GQZD,Recovered / Fixed,SFP inserted or port restored this week
CPN01001G00,ZTE,C300,,gpon_1/6/3,up,2.4,nan,CPN01X2LV81,Recovered / Fixed,SFP inserted or port restored this week
CPN01001G00,ZTE,C300,,gpon_1/6/4,up,2.4,nan,CPN01X2M24A,Recovered / Fixed,SFP inserted or port restored this week
CPN01001G00,ZTE,C300,,gpon_1/6/5,up,2.4,nan,CPN01X2OTKT,Recovered / Fixed,SFP inserted or port restored this week
CPN01001G00,ZTE,C300,,gpon_1/6/6,up,2.4,nan,CPN01X2OTKS,Recovered / Fixed,SFP inserted or port restored this week
CPN01001G00,ZTE,C300,,gpon_1/6/7,up,2.4,nan,CPN01X2OTKR,Recovered / Fixed,SFP inserted or port restored this week
CPN01001G00,ZTE,C300,,gpon_1/6/8,up,2.4,nan,CPN01X2TETS,Recovered / Fixed,SFP inserted or port restored this week
CPN01001G00,ZTE,C300,,gpon_1/6/9,up,2.4,nan,CPN01X2TETX,Recovered / Fixed,SFP inserted or port restored this week
CPN01001G00,ZTE,C300,,gpon_1/7/1,up,2.4,nan,CPN01X2Q17C,Recovered / Fixed,SFP inserted or port restored this week
CPN01001G00,ZTE,C300,,gpon_1/7/10,up,2.4,nan,CPN01X2RY8S,Recovered / Fixed,SFP inserted or port restored this week
CPN01001G00,ZTE,C300,,gpon_1/7/11,up,2.4,nan,CPN01X2RY8O,Recovered / Fixed,SFP inserted or port restored this week
CPN01001G00,ZTE,C300,,gpon_1/7/12,up,2.4,nan,CPN01X2RY8I,Recovered / Fixed,SFP inserted or port restored this week
CPN01001G00,ZTE,C300,,gpon_1/7/13,up,2.4,nan,CPN01X2RY8F,Recovered / Fixed,SFP inserted or port restored this week
CPN01001G00,ZTE,C300,,gpon_1/7/14,up,2.4,nan,CPN01X2T913,Recovered / Fixed,SFP inserted or port restored this week
CPN01001G00,ZTE,C300,,gpon_1/7/15,up,2.4,nan,CPN01X2TETL,Recovered / Fixed,SFP inserted or port restored this week
CPN01001G00,ZTE,C300,,gpon_1/7/2,up,2.4,nan,CPN01X2Q17D,Recovered / Fixed,SFP inserted or port restored this week
CPN01001G00,ZTE,C300,,gpon_1/7/5,up,2.4,nan,CPN01X2Q24D,Recovered / Fixed,SFP inserted or port restored this week
CPN01001G00,ZTE,C300,,gpon_1/7/6,up,2.4,nan,CPN01X2QVQE,Recovered / Fixed,SFP inserted or port restored this week
CPN01001G00,ZTE,C300,,gpon_1/7/7,up,2.4,nan,CPN01X2S2GS,Recovered / Fixed,SFP inserted or port restored this week
CPN01001G00,ZTE,C300,,gpon_1/7/8,up,2.4,nan,CPN01X2SCGS,Recovered / Fixed,SFP inserted or port restored this week
CPN01001G00,ZTE,C300,,gpon_1/7/9,up,2.4,nan,CPN01X2RY8L,Recovered / Fixed,SFP inserted or port restored this week
CPN01001G00,ZTE,C300,,gpon_1/8/1,up,2.4,nan,CPN01X2Y2J1,Recovered / Fixed,SFP inserted or port restored this week
CPN01001G00,ZTE,C300,,gpon_1/8/10,up,2.4,nan,CPN01XHPBAA,Recovered / Fixed,SFP inserted or port restored this week
CPN01001G00,ZTE,C300,,gpon_1/8/11,up,2.4,nan,CPN01X01AUA,Recovered / Fixed,SFP inserted or port restored this week
CPN01001G00,ZTE,C300,,gpon_1/8/12,up,2.4,nan,CPN01X01AQA,Recovered / Fixed,SFP inserted or port restored this week
CPN01001G00,ZTE,C300,,gpon_1/8/13,up,2.4,nan,CPN01X01AQB,Recovered / Fixed,SFP inserted or port restored this week
CPN01001G00,ZTE,C300,,gpon_1/8/14,up,2.4,nan,CPN01X01APA,Recovered / Fixed,SFP inserted or port restored this week
CPN01001G00,ZTE,C300,,gpon_1/8/15,up,2.4,nan,CPN01X01AEA,Recovered / Fixed,SFP inserted or port restored this week
CPN01001G00,ZTE,C300,,gpon_1/8/16,up,2.4,nan,CPN01X2Q1FA,Recovered / Fixed,SFP inserted or port restored this week
CPN01001G00,ZTE,C300,,gpon_1/8/2,up,2.4,nan,CPN01X2Y2TU,Recovered / Fixed,SFP inserted or port restored this week
CPN01001G00,ZTE,C300,,gpon_1/8/4,up,2.4,nan,CPN01XHPBAP,Recovered / Fixed,SFP inserted or port restored this week
CPN01001G00,ZTE,C300,,gpon_1/8/5,up,2.4,nan,CPN01XHPBAW,Recovered / Fixed,SFP inserted or port restored this week
CPN01001G00,ZTE,C300,,gpon_1/8/6,up,2.4,nan,CPN01X2ZZDC,Recovered / Fixed,SFP inserted or port restored this week
CPN01001G00,ZTE,C300,,gpon_1/8/7,up,2.4,nan,CPN01X20DAA,Recovered / Fixed,SFP inserted or port restored this week
CPN01001G00,ZTE,C300,,gpon_1/8/8,up,2.4,nan,CPN01X20DAF,Recovered / Fixed,SFP inserted or port restored this week
CPN01001G00,ZTE,C300,,gpon_1/8/9,up,2.4,nan,CPN01X01AAA,Recovered / Fixed,SFP inserted or port restored this week
CPN01004GO0,ZTE,C320,,gpon_1/1/1,up,2.4,nan,CPN01X23C48,Recovered / Fixed,SFP inserted or port restored this week
CPN01004GO0,ZTE,C320,,gpon_1/1/10,up,2.4,nan,CPN01X38KRL,Recovered / Fixed,SFP inserted or port restored this week
CPN01004GO0,ZTE,C320,,gpon_1/1/11,up,2.4,nan,CPN01X3CY7V,Recovered / Fixed,SFP inserted or port restored this week
CPN01004GO0,ZTE,C320,,gpon_1/1/2,up,2.4,nan,CPN01X23C3Z,Recovered / Fixed,SFP inserted or port restored this week
CPN01004GO0,ZTE,C320,,gpon_1/1/3,up,2.4,nan,CPN01X2DF59,Recovered / Fixed,SFP inserted or port restored this week
CPN01004GO0,ZTE,C320,,gpon_1/1/4,up,2.4,nan,CPN01X2DF5F,Recovered / Fixed,SFP inserted or port restored this week
CPN01004GO0,ZTE,C320,,gpon_1/1/5,up,2.4,nan,CPN01XHPBAC,Recovered / Fixed,SFP inserted or port restored this week
CPN01004GO0,ZTE,C320,,gpon_1/1/6,up,2.4,nan,CPN01XHPBAD,Recovered / Fixed,SFP inserted or port restored this week
CPN01004GO0,ZTE,C320,,gpon_1/1/7,up,2.4,nan,CPN01XHPBAN,Recovered / Fixed,SFP inserted or port restored this week
CPN01004GO0,ZTE,C320,,gpon_1/1/8,up,2.4,nan,CPN01X35Q0Q,Recovered / Fixed,SFP inserted or port restored this week
CPN01004GO0,ZTE,C320,,gpon_1/1/9,up,2.4,nan,CPN01X35WXG,Recovered / Fixed,SFP inserted or port restored this week
CPN01006GO0,ZTE,C320,,gpon_1/2/4,up,2.4,nan,CPN01XHPBAH,Recovered / Fixed,SFP inserted or port restored this week
CPN04001G00,ZTE,C300,,gpon_1/2/14,up,2.4,nan,CPN04X0001O,Recovered / Fixed,SFP inserted or port restored this week
CPN04001G00,ZTE,C300,,gpon_1/3/10,up,2.4,nan,CPN04X00032,Recovered / Fixed,SFP inserted or port restored this week
CPN04001G00,ZTE,C300,,gpon_1/3/12,up,2.4,nan,CPN04X00039,Recovered / Fixed,SFP inserted or port restored this week
CPN04001G00,ZTE,C300,,gpon_1/3/3,up,2.4,nan,CPN04X00028,Recovered / Fixed,SFP inserted or port restored this week
CPN04001G00,ZTE,C300,,gpon_1/4/11,up,2.4,nan,CPN04XINE9V,Recovered / Fixed,SFP inserted or port restored this week
CPN04001G00,ZTE,C300,,gpon_1/4/16,up,2.4,nan,CPN04X21I1I,Recovered / Fixed,SFP inserted or port restored this week
CPN04001G00,ZTE,C300,,gpon_1/4/7,up,2.4,nan,CPN04X0004M,Recovered / Fixed,SFP inserted or port restored this week
CPN04001G00,ZTE,C300,,gpon_1/4/8,up,2.4,nan,CPN04X0004Q,Recovered / Fixed,SFP inserted or port restored this week
CPN04001G00,ZTE,C300,,gpon_1/6/1,up,2.4,nan,CPN04X3IZ5E,Recovered / Fixed,SFP inserted or port restored this week
CPN04001G00,ZTE,C300,,gpon_1/6/2,up,2.4,nan,CPN04X3R1VL,Recovered / Fixed,SFP inserted or port restored this week
CPN05001GO0,ZTE,C320,,gpon_1/2/1,up,2.4,nan,CPN05X3D49R,Recovered / Fixed,SFP inserted or port restored this week
CPN05001GO0,ZTE,C320,,gpon_1/2/2,up,2.4,nan,CPN05X3D4AB,Recovered / Fixed,SFP inserted or port restored this week
CPN05001GO0,ZTE,C320,,gpon_1/2/3,up,2.4,nan,CPN05X3D4A7,Recovered / Fixed,SFP inserted or port restored this week
CPN05001GO0,ZTE,C320,,gpon_1/2/4,up,2.4,nan,CPN05X3D4A9,Recovered / Fixed,SFP inserted or port restored this week
CPN05001GO0,ZTE,C320,,gpon_1/2/5,down,2.4,nan,CPN05X3R1V8,Recovered / Fixed,SFP inserted or port restored this week
CPN07008G00,Fiberhome,AN6001-G16,,PON 1/9,up,2.4,nan,CPN01X3KT6J,Recovered / Fixed,SFP inserted or port restored this week
CTB01018GO0,Fiberhome,AN5516-04,,PON 1/3,up,2.4,nan,CTB01XMD02E,Recovered / Fixed,SFP inserted or port restored this week
CYP01004GO0,ZTE,C320,,gpon_1/1/15,up,2.4,nan,CYP01X00104,Recovered / Fixed,SFP inserted or port restored this week
CYP01005G00,ZTE,C300,,gpon_1/2/9,up,2.4,nan,CYP01X0017F,Recovered / Fixed,SFP inserted or port restored this week
CYP01005G00,ZTE,C300,,gpon_1/3/14,up,2.4,nan,CYP01X002O1,Recovered / Fixed,SFP inserted or port restored this week
CYP01005G00,ZTE,C300,,gpon_1/3/2,up,2.4,nan,CYP01X0018I,Recovered / Fixed,SFP inserted or port restored this week
CYP01005G00,ZTE,C300,,gpon_1/3/4,up,2.4,nan,CYP01X0018Q,Recovered / Fixed,SFP inserted or port restored this week
CYP01005G00,ZTE,C300,,gpon_1/4/10,up,2.4,nan,CYP01X3RCXU,Recovered / Fixed,SFP inserted or port restored this week
CYP01005G00,ZTE,C300,,gpon_1/4/11,up,2.4,nan,CYP01X36FI1,Recovered / Fixed,SFP inserted or port restored this week
CYP01005G00,ZTE,C300,,gpon_1/4/12,up,2.4,nan,CYP01X3YAZ1,Recovered / Fixed,SFP inserted or port restored this week
CYP01005G00,ZTE,C300,,gpon_1/4/13,up,2.4,nan,CYP01X3CGNN,Recovered / Fixed,SFP inserted or port restored this week
CYP01005G00,ZTE,C300,,gpon_1/4/14,up,2.4,nan,CYP01X3CGM7,Recovered / Fixed,SFP inserted or port restored this week
CYP01005G00,ZTE,C300,,gpon_1/4/15,up,2.4,nan,CYP01X3CGM6,Recovered / Fixed,SFP inserted or port restored this week
CYP01005G00,ZTE,C300,,gpon_1/4/16,up,2.4,nan,CYP01XTERCE,Recovered / Fixed,SFP inserted or port restored this week
CYP01005G00,ZTE,C300,,gpon_1/4/2,up,2.4,nan,CYP01X3AJ38,Recovered / Fixed,SFP inserted or port restored this week
CYP01005G00,ZTE,C300,,gpon_1/4/3,up,2.4,nan,CYP01X3EYIB,Recovered / Fixed,SFP inserted or port restored this week
CYP01005G00,ZTE,C300,,gpon_1/4/4,up,2.4,nan,CYP01X3FS9A,Recovered / Fixed,SFP inserted or port restored this week
CYP01005G00,ZTE,C300,,gpon_1/4/5,up,2.4,nan,CYP01X3BLN1,Recovered / Fixed,SFP inserted or port restored this week
CYP01005G00,ZTE,C300,,gpon_1/4/8,up,2.4,nan,CYP01X3P181,Recovered / Fixed,SFP inserted or port restored this week
CYP01036GO0,Fiberhome,AN5516-04,,PON 2/1,up,2.4,nan,CYP01X00XA1,Recovered / Fixed,SFP inserted or port restored this week
CYP01037GO0,Fiberhome,AN6000-2,,PON 1/13,up,2.4,nan,CYP01X3VM5X,Recovered / Fixed,SFP inserted or port restored this week
CYP04001G00,ZTE,C300,,gpon_1/5/13,up,2.4,nan,CYP04X00080,Recovered / Fixed,SFP inserted or port restored this week
CYP06008GO0,ZTE,C320,,gpon_1/1/4,up,2.4,nan,CYP06X000F1,Recovered / Fixed,SFP inserted or port restored this week
KBI01002G00,ZTE,C300,,gpon_1/13/1,up,2.4,nan,KBI01X3M468,Recovered / Fixed,SFP inserted or port restored this week
KBI01002G00,ZTE,C300,,gpon_1/13/10,up,2.4,nan,KBI01X3V1NF,Recovered / Fixed,SFP inserted or port restored this week
KBI01002G00,ZTE,C300,,gpon_1/13/2,up,2.4,nan,KBI01X3M47E,Recovered / Fixed,SFP inserted or port restored this week
KBI01002G00,ZTE,C300,,gpon_1/13/3,up,2.4,nan,KBI01X3M47L,Recovered / Fixed,SFP inserted or port restored this week
KBI01002G00,ZTE,C300,,gpon_1/13/4,up,2.4,nan,KBI01X3M47Q,Recovered / Fixed,SFP inserted or port restored this week
KBI01002G00,ZTE,C300,,gpon_1/13/5,up,2.4,nan,KBI01X3M47I,Recovered / Fixed,SFP inserted or port restored this week
KBI01002G00,ZTE,C300,,gpon_1/13/6,up,2.4,nan,KBI01X3O3ZI,Recovered / Fixed,SFP inserted or port restored this week
KBI01002G00,ZTE,C300,,gpon_1/13/7,up,2.4,nan,KBI01X3O3ZJ,Recovered / Fixed,SFP inserted or port restored this week
KBI01002G00,ZTE,C300,,gpon_1/2/1,up,2.4,nan,KBI01X00001,Recovered / Fixed,SFP inserted or port restored this week
KBI01002G00,ZTE,C300,,gpon_1/2/10,up,2.4,nan,KBI01X00017,Recovered / Fixed,SFP inserted or port restored this week
KBI01002G00,ZTE,C300,,gpon_1/2/11,up,2.4,nan,KBI01X0001C,Recovered / Fixed,SFP inserted or port restored this week
KBI01002G00,ZTE,C300,,gpon_1/2/12,up,2.4,nan,KBI01X0001H,Recovered / Fixed,SFP inserted or port restored this week
KBI01002G00,ZTE,C300,,gpon_1/2/13,up,2.4,nan,KBI01X0001M,Recovered / Fixed,SFP inserted or port restored this week
KBI01002G00,ZTE,C300,,gpon_1/2/14,up,2.4,nan,KBI01X0001R,Recovered / Fixed,SFP inserted or port restored this week
KBI01002G00,ZTE,C300,,gpon_1/2/15,up,2.4,nan,KBI01X0001W,Recovered / Fixed,SFP inserted or port restored this week
KBI01002G00,ZTE,C300,,gpon_1/2/16,up,2.4,nan,KBI01X00021,Recovered / Fixed,SFP inserted or port restored this week
KBI01002G00,ZTE,C300,,gpon_1/2/2,up,2.4,nan,KBI01X00006,Recovered / Fixed,SFP inserted or port restored this week
KBI01002G00,ZTE,C300,,gpon_1/2/3,up,2.4,nan,KBI01X0000B,Recovered / Fixed,SFP inserted or port restored this week
KBI01002G00,ZTE,C300,,gpon_1/2/4,up,2.4,nan,KBI01X0000F,Recovered / Fixed,SFP inserted or port restored this week
KBI01002G00,ZTE,C300,,gpon_1/2/5,up,2.4,nan,KBI01X0000K,Recovered / Fixed,SFP inserted or port restored this week
KBI01002G00,ZTE,C300,,gpon_1/2/6,up,2.4,nan,KBI01X0000P,Recovered / Fixed,SFP inserted or port restored this week
KBI01002G00,ZTE,C300,,gpon_1/2/7,up,2.4,nan,KBI01X0000U,Recovered / Fixed,SFP inserted or port restored this week
KBI01002G00,ZTE,C300,,gpon_1/2/8,up,2.4,nan,KBI01X0000X,Recovered / Fixed,SFP inserted or port restored this week
KBI01002G00,ZTE,C300,,gpon_1/2/9,up,2.4,nan,KBI01X00012,Recovered / Fixed,SFP inserted or port restored this week
KBI01002G00,ZTE,C300,,gpon_1/3/1,up,2.4,nan,KBI01X32JZC,Recovered / Fixed,SFP inserted or port restored this week
KBI01002G00,ZTE,C300,,gpon_1/3/10,up,2.4,nan,KBI01X00037,Recovered / Fixed,SFP inserted or port restored this week
KBI01002G00,ZTE,C300,,gpon_1/3/11,up,2.4,nan,KBI01X00026,Recovered / Fixed,SFP inserted or port restored this week
KBI01002G00,ZTE,C300,,gpon_1/3/12,up,2.4,nan,KBI01X0002A,Recovered / Fixed,SFP inserted or port restored this week
KBI01002G00,ZTE,C300,,gpon_1/3/13,up,2.4,nan,KBI01X0002E,Recovered / Fixed,SFP inserted or port restored this week
KBI01002G00,ZTE,C300,,gpon_1/3/14,up,2.4,nan,KBI01X0005B,Recovered / Fixed,SFP inserted or port restored this week
KBI01002G00,ZTE,C300,,gpon_1/3/15,up,2.4,nan,KBI01X0003X,Recovered / Fixed,SFP inserted or port restored this week
KBI01002G00,ZTE,C300,,gpon_1/3/16,up,2.4,nan,KBI01X00040,Recovered / Fixed,SFP inserted or port restored this week
KBI01002G00,ZTE,C300,,gpon_1/3/2,up,2.4,nan,KBI01X00053,Recovered / Fixed,SFP inserted or port restored this week
KBI01002G00,ZTE,C300,,gpon_1/3/3,up,2.4,nan,KBI01X00058,Recovered / Fixed,SFP inserted or port restored this week
KBI01002G00,ZTE,C300,,gpon_1/3/4,up,2.4,nan,KBI01X0005E,Recovered / Fixed,SFP inserted or port restored this week
KBI01002G00,ZTE,C300,,gpon_1/3/5,up,2.4,nan,KBI01X0002N,Recovered / Fixed,SFP inserted or port restored this week
KBI01002G00,ZTE,C300,,gpon_1/3/6,up,2.4,nan,KBI01X0002Q,Recovered / Fixed,SFP inserted or port restored this week
KBI01002G00,ZTE,C300,,gpon_1/3/7,up,2.4,nan,KBI01X0002V,Recovered / Fixed,SFP inserted or port restored this week
KBI01002G00,ZTE,C300,,gpon_1/3/8,up,2.4,nan,KBI01X0002Y,Recovered / Fixed,SFP inserted or port restored this week
KBI01002G00,ZTE,C300,,gpon_1/3/9,up,2.4,nan,KBI01X00033,Recovered / Fixed,SFP inserted or port restored this week
KBI01002G00,ZTE,C300,,gpon_1/4/1,up,2.4,nan,KBI01X00045,Recovered / Fixed,SFP inserted or port restored this week
KBI01002G00,ZTE,C300,,gpon_1/4/10,up,2.4,nan,KBI01X0003B,Recovered / Fixed,SFP inserted or port restored this week
KBI01002G00,ZTE,C300,,gpon_1/4/11,up,2.4,nan,KBI01X0003G,Recovered / Fixed,SFP inserted or port restored this week
KBI01002G00,ZTE,C300,,gpon_1/4/12,up,2.4,nan,KBI01X0003L,Recovered / Fixed,SFP inserted or port restored this week
KBI01002G00,ZTE,C300,,gpon_1/4/13,up,2.4,nan,KBI01X0003T,Recovered / Fixed,SFP inserted or port restored this week
KBI01002G00,ZTE,C300,,gpon_1/4/14,up,2.4,nan,KBI01X00050,Recovered / Fixed,SFP inserted or port restored this week
KBI01002G00,ZTE,C300,,gpon_1/4/15,up,2.4,nan,KBI01X0005G,Recovered / Fixed,SFP inserted or port restored this week
KBI01002G00,ZTE,C300,,gpon_1/4/16,up,2.4,nan,KBI01X0005L,Recovered / Fixed,SFP inserted or port restored this week
KBI01002G00,ZTE,C300,,gpon_1/4/2,up,2.4,nan,KBI01X0004A,Recovered / Fixed,SFP inserted or port restored this week
KBI01002G00,ZTE,C300,,gpon_1/4/3,up,2.4,nan,KBI01X0004F,Recovered / Fixed,SFP inserted or port restored this week
KBI01002G00,ZTE,C300,,gpon_1/4/4,up,2.4,nan,KBI01X0002I,Recovered / Fixed,SFP inserted or port restored this week
KBI01002G00,ZTE,C300,,gpon_1/4/5,up,2.4,nan,KBI01X0004M,Recovered / Fixed,SFP inserted or port restored this week
KBI01002G00,ZTE,C300,,gpon_1/4/6,up,2.4,nan,KBI01X0004P,Recovered / Fixed,SFP inserted or port restored this week
KBI01002G00,ZTE,C300,,gpon_1/4/7,up,2.4,nan,KBI01X0004S,Recovered / Fixed,SFP inserted or port restored this week
KBI01002G00,ZTE,C300,,gpon_1/4/8,up,2.4,nan,KBI01X0003Q,Recovered / Fixed,SFP inserted or port restored this week
KBI01002G00,ZTE,C300,,gpon_1/4/9,up,2.4,nan,KBI01X0004X,Recovered / Fixed,SFP inserted or port restored this week
KBI01002G00,ZTE,C300,,gpon_1/5/1,up,2.4,nan,KBI01X0005P,Recovered / Fixed,SFP inserted or port restored this week
KBI01002G00,ZTE,C300,,gpon_1/5/10,up,2.4,nan,KBI01X0095N,Recovered / Fixed,SFP inserted or port restored this week
KBI01002G00,ZTE,C300,,gpon_1/5/11,up,2.4,nan,KBI01X0095T,Recovered / Fixed,SFP inserted or port restored this week
KBI01002G00,ZTE,C300,,gpon_1/5/12,up,2.4,nan,KBI01X00960,Recovered / Fixed,SFP inserted or port restored this week
KBI01002G00,ZTE,C300,,gpon_1/5/13,up,2.4,nan,KBI01X00967,Recovered / Fixed,SFP inserted or port restored this week
KBI01002G00,ZTE,C300,,gpon_1/5/14,up,2.4,nan,KBI01X0096C,Recovered / Fixed,SFP inserted or port restored this week
KBI01002G00,ZTE,C300,,gpon_1/5/15,up,2.4,nan,KBI01X0096J,Recovered / Fixed,SFP inserted or port restored this week
KBI01002G00,ZTE,C300,,gpon_1/5/16,up,2.4,nan,KBI01X0096O,Recovered / Fixed,SFP inserted or port restored this week
KBI01002G00,ZTE,C300,,gpon_1/5/2,up,2.4,nan,KBI01X0005W,Recovered / Fixed,SFP inserted or port restored this week
KBI01002G00,ZTE,C300,,gpon_1/5/3,up,2.4,nan,KBI01X0005Y,Recovered / Fixed,SFP inserted or port restored this week
KBI01002G00,ZTE,C300,,gpon_1/5/4,up,2.4,nan,KBI01X0005S,Recovered / Fixed,SFP inserted or port restored this week
KBI01002G00,ZTE,C300,,gpon_1/5/5,up,2.4,nan,KBI01X2BZPH,Recovered / Fixed,SFP inserted or port restored this week
KBI01002G00,ZTE,C300,,gpon_1/5/6,up,2.4,nan,KBI01X2BZPQ,Recovered / Fixed,SFP inserted or port restored this week
KBI01002G00,ZTE,C300,,gpon_1/5/7,up,2.4,nan,KBI01X00957,Recovered / Fixed,SFP inserted or port restored this week
KBI01002G00,ZTE,C300,,gpon_1/5/8,up,2.4,nan,KBI01X0095C,Recovered / Fixed,SFP inserted or port restored this week
KBI01002G00,ZTE,C300,,gpon_1/5/9,up,2.4,nan,KBI01X0095H,Recovered / Fixed,SFP inserted or port restored this week
KBI01002G00,ZTE,C300,,gpon_1/6/1,up,2.4,nan,KBI01X2G55S,Recovered / Fixed,SFP inserted or port restored this week
KBI01002G00,ZTE,C300,,gpon_1/6/10,up,2.4,nan,KBI01X2G5S8,Recovered / Fixed,SFP inserted or port restored this week
KBI01002G00,ZTE,C300,,gpon_1/6/11,up,2.4,nan,KBI01X2G5VZ,Recovered / Fixed,SFP inserted or port restored this week
KBI01002G00,ZTE,C300,,gpon_1/6/12,up,2.4,nan,KBI01X2G5UK,Recovered / Fixed,SFP inserted or port restored this week
KBI01002G00,ZTE,C300,,gpon_1/6/13,up,2.4,nan,KBI01X2G60W,Recovered / Fixed,SFP inserted or port restored this week
KBI01002G00,ZTE,C300,,gpon_1/6/14,up,2.4,nan,KBI01X2G601,Recovered / Fixed,SFP inserted or port restored this week
KBI01002G00,ZTE,C300,,gpon_1/6/15,up,2.4,nan,KBI01X2G5RQ,Recovered / Fixed,SFP inserted or port restored this week
KBI01002G00,ZTE,C300,,gpon_1/6/16,up,2.4,nan,KBI01X2G61W,Recovered / Fixed,SFP inserted or port restored this week
KBI01002G00,ZTE,C300,,gpon_1/6/2,up,2.4,nan,KBI01X2G56N,Recovered / Fixed,SFP inserted or port restored this week
KBI01002G00,ZTE,C300,,gpon_1/6/3,up,2.4,nan,KBI01X2G59K,Recovered / Fixed,SFP inserted or port restored this week
KBI01002G00,ZTE,C300,,gpon_1/6/4,up,2.4,nan,KBI01X2G5BB,Recovered / Fixed,SFP inserted or port restored this week
KBI01002G00,ZTE,C300,,gpon_1/6/5,up,2.4,nan,KBI01X2G5CG,Recovered / Fixed,SFP inserted or port restored this week
KBI01002G00,ZTE,C300,,gpon_1/6/6,up,2.4,nan,KBI01X2G5KT,Recovered / Fixed,SFP inserted or port restored this week
KBI01002G00,ZTE,C300,,gpon_1/6/7,up,2.4,nan,KBI01X2G5QP,Recovered / Fixed,SFP inserted or port restored this week
KBI01002G00,ZTE,C300,,gpon_1/6/8,up,2.4,nan,KBI01X2G5R3,Recovered / Fixed,SFP inserted or port restored this week
KBI01002G00,ZTE,C300,,gpon_1/6/9,up,2.4,nan,KBI01X2G5RH,Recovered / Fixed,SFP inserted or port restored this week
KBI01002G00,ZTE,C300,,gpon_1/7/1,up,2.4,nan,KBI01X2G62P,Recovered / Fixed,SFP inserted or port restored this week
KBI01002G00,ZTE,C300,,gpon_1/7/11,up,2.4,nan,KBI01X2G6GH,Recovered / Fixed,SFP inserted or port restored this week
KBI01002G00,ZTE,C300,,gpon_1/7/12,up,2.4,nan,KBI01X2G64Z,Recovered / Fixed,SFP inserted or port restored this week
KBI01002G00,ZTE,C300,,gpon_1/7/13,up,2.4,nan,KBI01X0096T,Recovered / Fixed,SFP inserted or port restored this week
KBI01002G00,ZTE,C300,,gpon_1/7/14,up,2.4,nan,KBI01X0096Y,Recovered / Fixed,SFP inserted or port restored this week
KBI01002G00,ZTE,C300,,gpon_1/7/15,up,2.4,nan,KBI01X2SEFP,Recovered / Fixed,SFP inserted or port restored this week
KBI01002G00,ZTE,C300,,gpon_1/7/16,up,2.4,nan,KBI01X2SEGB,Recovered / Fixed,SFP inserted or port restored this week
KBI01002G00,ZTE,C300,,gpon_1/7/2,up,2.4,nan,KBI01X2G638,Recovered / Fixed,SFP inserted or port restored this week
KBI01002G00,ZTE,C300,,gpon_1/7/3,up,2.4,nan,KBI01X2G641,Recovered / Fixed,SFP inserted or port restored this week
KBI01002G00,ZTE,C300,,gpon_1/7/4,up,2.4,nan,KBI01X2G64L,Recovered / Fixed,SFP inserted or port restored this week
KBI01002G00,ZTE,C300,,gpon_1/7/5,up,2.4,nan,KBI01X2G65Q,Recovered / Fixed,SFP inserted or port restored this week
KBI01002G00,ZTE,C300,,gpon_1/7/6,up,2.4,nan,KBI01X2G679,Recovered / Fixed,SFP inserted or port restored this week
KBI01002G00,ZTE,C300,,gpon_1/7/7,up,2.4,nan,KBI01X2G67N,Recovered / Fixed,SFP inserted or port restored this week
KBI01002G00,ZTE,C300,,gpon_1/7/8,up,2.4,nan,KBI01X2G6F0,Recovered / Fixed,SFP inserted or port restored this week
KBI01002G00,ZTE,C300,,gpon_1/7/9,up,2.4,nan,KBI01X2G6F9,Recovered / Fixed,SFP inserted or port restored this week
KBI01002G00,ZTE,C300,,gpon_1/9/1,up,2.4,nan,KBI01X2ZJRL,Recovered / Fixed,SFP inserted or port restored this week
KBI01002G00,ZTE,C300,,gpon_1/9/10,up,2.4,nan,KBI01X2ZJPH,Recovered / Fixed,SFP inserted or port restored this week
KBI01002G00,ZTE,C300,,gpon_1/9/11,up,2.4,nan,KBI01X301EC,Recovered / Fixed,SFP inserted or port restored this week
KBI01002G00,ZTE,C300,,gpon_1/9/12,up,2.4,nan,KBI01X31SP0,Recovered / Fixed,SFP inserted or port restored this week
KBI01002G00,ZTE,C300,,gpon_1/9/13,up,2.4,nan,KBI01X301ET,Recovered / Fixed,SFP inserted or port restored this week
KBI01002G00,ZTE,C300,,gpon_1/9/14,up,2.4,nan,KBI01X31SPA,Recovered / Fixed,SFP inserted or port restored this week
KBI01002G00,ZTE,C300,,gpon_1/9/16,up,2.4,nan,KBI01X31SOM,Recovered / Fixed,SFP inserted or port restored this week
KBI01002G00,ZTE,C300,,gpon_1/9/2,up,2.4,nan,KBI01X2ZJOK,Recovered / Fixed,SFP inserted or port restored this week
KBI01002G00,ZTE,C300,,gpon_1/9/3,up,2.4,nan,KBI01X2ZJOM,Recovered / Fixed,SFP inserted or port restored this week
KBI01002G00,ZTE,C300,,gpon_1/9/4,up,2.4,nan,KBI01X2ZJRA,Recovered / Fixed,SFP inserted or port restored this week
KBI01002G00,ZTE,C300,,gpon_1/9/5,up,2.4,nan,KBI01X2ZJOC,Recovered / Fixed,SFP inserted or port restored this week
KBI01002G00,ZTE,C300,,gpon_1/9/6,up,2.4,nan,KBI01X2ZJOU,Recovered / Fixed,SFP inserted or port restored this week
KBI01002G00,ZTE,C300,,gpon_1/9/7,up,2.4,nan,KBI01X2ZJPY,Recovered / Fixed,SFP inserted or port restored this week
KBI01002G00,ZTE,C300,,gpon_1/9/8,up,2.4,nan,KBI01X2ZJPM,Recovered / Fixed,SFP inserted or port restored this week
KBI01002G00,ZTE,C300,,gpon_1/9/9,up,2.4,nan,KBI01X2ZJPO,Recovered / Fixed,SFP inserted or port restored this week
KBI01002GO0,ZTE,C320,,gpon_1/2/1,up,2.4,nan,KBI01X30SMD,Recovered / Fixed,SFP inserted or port restored this week
KBI01004GO0,ZTE,C320,,gpon_1/1/1,up,2.4,nan,KBI01X0070X,Recovered / Fixed,SFP inserted or port restored this week
KBI01004GO0,ZTE,C320,,gpon_1/1/2,up,2.4,nan,KBI01X0070P,Recovered / Fixed,SFP inserted or port restored this week
KBI01004GO0,ZTE,C320,,gpon_1/1/3,up,2.4,nan,KBI01X0070I,Recovered / Fixed,SFP inserted or port restored this week
KBI01004GO0,ZTE,C320,,gpon_1/1/4,up,2.4,nan,KBI01X00709,Recovered / Fixed,SFP inserted or port restored this week
KBI01004GO0,ZTE,C320,,gpon_1/1/5,up,2.4,nan,KBI01X2S9WO,Recovered / Fixed,SFP inserted or port restored this week
KBI01004GO0,ZTE,C320,,gpon_1/2/1,up,2.4,nan,KBI01X33S6H,Recovered / Fixed,SFP inserted or port restored this week
KBI01004GO0,ZTE,C320,,gpon_1/2/4,up,2.4,nan,KBI01X3V1O3,Recovered / Fixed,SFP inserted or port restored this week
KBI01004GO0,ZTE,C320,,gpon_1/2/6,up,2.4,nan,KBI01X33C6S,Recovered / Fixed,SFP inserted or port restored this week
KBI01005GO0,ZTE,C320,,gpon_1/1/1,up,2.4,nan,KBI01X00609,Recovered / Fixed,SFP inserted or port restored this week
KBI01005GO0,ZTE,C320,,gpon_1/1/15,up,2.4,nan,KBI01X3PEXT,Recovered / Fixed,SFP inserted or port restored this week
KBI01005GO0,ZTE,C320,,gpon_1/1/2,up,2.4,nan,KBI01X0060I,Recovered / Fixed,SFP inserted or port restored this week
KBI01005GO0,ZTE,C320,,gpon_1/1/3,up,2.4,nan,KBI01X2EMMU,Recovered / Fixed,SFP inserted or port restored this week
KBI01005GO0,ZTE,C320,,gpon_1/1/4,up,2.4,nan,KBI01X2EMMZ,Recovered / Fixed,SFP inserted or port restored this week
KBI01005GO0,ZTE,C320,,gpon_1/1/5,up,2.4,nan,KBI01X2U16P,Recovered / Fixed,SFP inserted or port restored this week
KBI01005GO0,ZTE,C320,,gpon_1/1/6,up,2.4,nan,KBI01X2U16D,Recovered / Fixed,SFP inserted or port restored this week
KBI01005GO0,ZTE,C320,,gpon_1/1/7,up,2.4,nan,KBI01XHPBAC,Recovered / Fixed,SFP inserted or port restored this week
KBI01005GO0,ZTE,C320,,gpon_1/1/8,up,2.4,nan,KBI01X30SMJ,Recovered / Fixed,SFP inserted or port restored this week
KBI01005GO0,ZTE,C320,,gpon_1/1/9,up,2.4,nan,KBI01X3LBTO,Recovered / Fixed,SFP inserted or port restored this week
KBI02001GO0,ZTE,C320,,gpon_1/1/13,up,2.4,nan,KBI02X0001P,Recovered / Fixed,SFP inserted or port restored this week
KBI02001GO0,ZTE,C320,,gpon_1/1/5,up,2.4,nan,KBI02X0000P,Recovered / Fixed,SFP inserted or port restored this week
KBI02001GO0,ZTE,C320,,gpon_1/2/11,up,2.4,nan,KBI02X2X22A,Recovered / Fixed,SFP inserted or port restored this week
KBI02001GO0,ZTE,C320,,gpon_1/2/13,up,2.4,nan,KBI02X2ZEE8,Recovered / Fixed,SFP inserted or port restored this week
KBI02001GO0,ZTE,C320,,gpon_1/2/2,up,2.4,nan,KBI02X0002E,Recovered / Fixed,SFP inserted or port restored this week
KBI02001GO0,ZTE,C320,,gpon_1/2/5,up,2.4,nan,KBI02X0002S,Recovered / Fixed,SFP inserted or port restored this week
KBI04001G00,ZTE,C300,,gpon_1/4/1,up,2.4,nan,KBI04X2EN7I,Recovered / Fixed,SFP inserted or port restored this week
KBI04001G00,ZTE,C300,,gpon_1/4/12,up,2.4,nan,KBI04X3LDM9,Recovered / Fixed,SFP inserted or port restored this week
KBI04001G00,ZTE,C300,,gpon_1/4/13,up,2.4,nan,KBI04X2ZAKI,Recovered / Fixed,SFP inserted or port restored this week
KBI04001G00,ZTE,C300,,gpon_1/4/14,up,2.4,nan,KBI04X3LDME,Recovered / Fixed,SFP inserted or port restored this week
KBI04001G00,ZTE,C300,,gpon_1/4/2,up,2.4,nan,KBI04X00048,Recovered / Fixed,SFP inserted or port restored this week
KBI04001G00,ZTE,C300,,gpon_1/4/4,up,2.4,nan,KBI04X2IZEA,Recovered / Fixed,SFP inserted or port restored this week
KBI04001G00,ZTE,C300,,gpon_1/4/5,up,2.4,nan,KBI04X2IZEF,Recovered / Fixed,SFP inserted or port restored this week
KBI04001G00,ZTE,C300,,gpon_1/4/6,up,2.4,nan,KBI04X2IZEK,Recovered / Fixed,SFP inserted or port restored this week
KBI04001G00,ZTE,C300,,gpon_1/4/7,up,2.4,nan,KBI04X00602,Recovered / Fixed,SFP inserted or port restored this week
KBI04001G00,ZTE,C300,,gpon_1/4/8,up,2.4,nan,KBI04X00605,Recovered / Fixed,SFP inserted or port restored this week
KBI05014GO0,ZTE,C320,,gpon_1/1/1,up,2.4,nan,KBI05X375YY,Recovered / Fixed,SFP inserted or port restored this week
KBI05014GO0,ZTE,C320,,gpon_1/1/2,up,2.4,nan,KBI05X375YV,Recovered / Fixed,SFP inserted or port restored this week
KBI05014GO0,ZTE,C320,,gpon_1/1/3,up,2.4,nan,KBI05X375YW,Recovered / Fixed,SFP inserted or port restored this week
KBI05014GO0,ZTE,C320,,gpon_1/1/4,up,2.4,nan,KBI05X37QSK,Recovered / Fixed,SFP inserted or port restored this week
KBI05014GO0,ZTE,C320,,gpon_1/1/5,up,2.4,nan,KBI01X3C1RK,Recovered / Fixed,SFP inserted or port restored this week
KCN01002GO0,ZTE,C320,,gpon_1/1/1,up,2.4,nan,KCN01X0002Y,Recovered / Fixed,SFP inserted or port restored this week
KCN01002GO0,ZTE,C320,,gpon_1/2/13,up,2.4,nan,KCN01X000MA,Recovered / Fixed,SFP inserted or port restored this week
KCN01003GO0,ZTE,C320,,gpon_1/1/14,up,2.4,nan,KCN01X00078,Recovered / Fixed,SFP inserted or port restored this week
KCN01003GO0,ZTE,C320,,gpon_1/1/15,up,2.4,nan,KCN01X0007D,Recovered / Fixed,SFP inserted or port restored this week
KCN01003GO0,ZTE,C320,,gpon_1/1/16,up,2.4,nan,KCN01X0007I,Recovered / Fixed,SFP inserted or port restored this week
KCN01003GO0,ZTE,C320,,gpon_1/1/7,up,2.4,nan,KCN01X0006F,Recovered / Fixed,SFP inserted or port restored this week
KCN01003GO0,ZTE,C320,,gpon_1/2/8,up,2.4,nan,KCN01X0008G,Recovered / Fixed,SFP inserted or port restored this week
KCN01004GO0,ZTE,C320,,gpon_1/1/6,up,2.4,nan,KCN01X0000N,Recovered / Fixed,SFP inserted or port restored this week
KCN01004GO0,ZTE,C320,,gpon_1/1/7,up,2.4,nan,KCN01X0000R,Recovered / Fixed,SFP inserted or port restored this week
KCN01004GO0,ZTE,C320,,gpon_1/2/9,up,2.4,nan,KCN01X1YP1G,Recovered / Fixed,SFP inserted or port restored this week
KCN01005G00,ZTE,C300,,gpon_1/4/16,up,2.4,nan,KCN01X2U28Y,Recovered / Fixed,SFP inserted or port restored this week
KCN01005G00,ZTE,C300,,gpon_1/5/1,up,2.4,nan,KCN01X2TZ7A,Recovered / Fixed,SFP inserted or port restored this week
KCN01005G00,ZTE,C300,,gpon_1/5/10,up,2.4,nan,KCN01X2V9D0,Recovered / Fixed,SFP inserted or port restored this week
KCN01005G00,ZTE,C300,,gpon_1/5/11,up,2.4,nan,KCN01X2V9AH,Recovered / Fixed,SFP inserted or port restored this week
KCN01005G00,ZTE,C300,,gpon_1/5/13,up,2.4,nan,KCN01X2V901,Recovered / Fixed,SFP inserted or port restored this week
KCN01005G00,ZTE,C300,,gpon_1/5/14,up,2.4,nan,KCN06X2VKD0,Recovered / Fixed,SFP inserted or port restored this week
KCN01005G00,ZTE,C300,,gpon_1/5/15,up,2.4,nan,KCN01X2VY8D,Recovered / Fixed,SFP inserted or port restored this week
KCN01005G00,ZTE,C300,,gpon_1/5/16,up,2.4,nan,KCN01X10018,Recovered / Fixed,SFP inserted or port restored this week
KCN01005G00,ZTE,C300,,gpon_1/5/2,up,2.4,nan,KCN01X2TZ6D,Recovered / Fixed,SFP inserted or port restored this week
KCN01005G00,ZTE,C300,,gpon_1/5/3,up,2.4,nan,KCN01X2U2JO,Recovered / Fixed,SFP inserted or port restored this week
KCN01005G00,ZTE,C300,,gpon_1/5/4,up,2.4,nan,KCN01X2UMG6,Recovered / Fixed,SFP inserted or port restored this week
KCN01005G00,ZTE,C300,,gpon_1/5/6,up,2.4,nan,KCN01X2UMG4,Recovered / Fixed,SFP inserted or port restored this week
KCN01005G00,ZTE,C300,,gpon_1/5/7,up,2.4,nan,KCN01X2UMG7,Recovered / Fixed,SFP inserted or port restored this week
KCN01005G00,ZTE,C300,,gpon_1/5/8,up,2.4,nan,KCN01X2V9OR,Recovered / Fixed,SFP inserted or port restored this week
KCN01005G00,ZTE,C300,,gpon_1/5/9,up,2.4,nan,KCN01X2WI7D,Recovered / Fixed,SFP inserted or port restored this week
KCN01005G00,ZTE,C300,,gpon_1/6/11,up,2.4,nan,KCN01X1007P,Recovered / Fixed,SFP inserted or port restored this week
KCN01005G00,ZTE,C300,,gpon_1/7/1,up,2.4,nan,KCN01X3C890,Recovered / Fixed,SFP inserted or port restored this week
KCN01005G00,ZTE,C300,,gpon_1/7/10,up,2.4,nan,KCN01X3HNJB,Recovered / Fixed,SFP inserted or port restored this week
KCN01005G00,ZTE,C300,,gpon_1/7/11,up,2.4,nan,KCN01X3HNG8,Recovered / Fixed,SFP inserted or port restored this week
KCN01005G00,ZTE,C300,,gpon_1/7/12,up,2.4,nan,KCN01X3IGW4,Recovered / Fixed,SFP inserted or port restored this week
KCN01005G00,ZTE,C300,,gpon_1/7/13,up,2.4,nan,KCN01X3IGWA,Recovered / Fixed,SFP inserted or port restored this week
KCN01005G00,ZTE,C300,,gpon_1/7/14,up,2.4,nan,KCN01X3IGWB,Recovered / Fixed,SFP inserted or port restored this week
KCN01005G00,ZTE,C300,,gpon_1/7/15,up,2.4,nan,KCN01X3ILX3,Recovered / Fixed,SFP inserted or port restored this week
KCN01005G00,ZTE,C300,,gpon_1/7/16,up,2.4,nan,KCN01X3ILX8,Recovered / Fixed,SFP inserted or port restored this week
KCN01005G00,ZTE,C300,,gpon_1/7/2,up,2.4,nan,KCN01X3C8JI,Recovered / Fixed,SFP inserted or port restored this week
KCN01005G00,ZTE,C300,,gpon_1/7/3,up,2.4,nan,KCN01X3DH11,Recovered / Fixed,SFP inserted or port restored this week
KCN01005G00,ZTE,C300,,gpon_1/7/4,up,2.4,nan,KCN01X3EMFO,Recovered / Fixed,SFP inserted or port restored this week
KCN01005G00,ZTE,C300,,gpon_1/7/5,up,2.4,nan,KCN01X3EMFJ,Recovered / Fixed,SFP inserted or port restored this week
KCN01005G00,ZTE,C300,,gpon_1/7/6,up,2.4,nan,KCN01X3EMFE,Recovered / Fixed,SFP inserted or port restored this week
KCN01005G00,ZTE,C300,,gpon_1/7/7,up,2.4,nan,KCN01X3FOUS,Recovered / Fixed,SFP inserted or port restored this week
KCN01005G00,ZTE,C300,,gpon_1/7/8,up,2.4,nan,KCN01X3HGP3,Recovered / Fixed,SFP inserted or port restored this week
KCN01005G00,ZTE,C300,,gpon_1/7/9,up,2.4,nan,KCN01X3HNJ4,Recovered / Fixed,SFP inserted or port restored this week
KCN01005G00,ZTE,C300,,gpon_1/8/1,up,2.4,nan,KCN01X3IIQ9,Recovered / Fixed,SFP inserted or port restored this week
KCN01005G00,ZTE,C300,,gpon_1/8/11,up,2.4,nan,KCN01X3K40A,Recovered / Fixed,SFP inserted or port restored this week
KCN01005G00,ZTE,C300,,gpon_1/8/12,up,2.4,nan,KCN01X3K40M,Recovered / Fixed,SFP inserted or port restored this week
KCN01005G00,ZTE,C300,,gpon_1/8/13,up,2.4,nan,KCN01X3K40L,Recovered / Fixed,SFP inserted or port restored this week
KCN01005G00,ZTE,C300,,gpon_1/8/14,up,2.4,nan,KCN01X3K580,Recovered / Fixed,SFP inserted or port restored this week
KCN01005G00,ZTE,C300,,gpon_1/8/15,up,2.4,nan,KCN01X3K54G,Recovered / Fixed,SFP inserted or port restored this week
KCN01005G00,ZTE,C300,,gpon_1/8/2,up,2.4,nan,KCN01X3IIR4,Recovered / Fixed,SFP inserted or port restored this week
KCN01005G00,ZTE,C300,,gpon_1/8/3,up,2.4,nan,KCN01X3IOE0,Recovered / Fixed,SFP inserted or port restored this week
KCN01005G00,ZTE,C300,,gpon_1/8/4,up,2.4,nan,KCN01X3JO50,Recovered / Fixed,SFP inserted or port restored this week
KCN01005G00,ZTE,C300,,gpon_1/8/5,up,2.4,nan,KCN01X3JRJA,Recovered / Fixed,SFP inserted or port restored this week
KCN01005G00,ZTE,C300,,gpon_1/8/6,up,2.4,nan,KCN01X3JRJJ,Recovered / Fixed,SFP inserted or port restored this week
KCN01005G00,ZTE,C300,,gpon_1/8/7,up,2.4,nan,KCN01X3JRJR,Recovered / Fixed,SFP inserted or port restored this week
KCN01005G00,ZTE,C300,,gpon_1/9/1,up,2.4,nan,KCN01X3L69M,Recovered / Fixed,SFP inserted or port restored this week
KCN01005G00,ZTE,C300,,gpon_1/9/10,up,2.4,nan,KCN01X3LPRC,Recovered / Fixed,SFP inserted or port restored this week
KCN01005G00,ZTE,C300,,gpon_1/9/11,up,2.4,nan,KCN01X3PHER,Recovered / Fixed,SFP inserted or port restored this week
KCN01005G00,ZTE,C300,,gpon_1/9/2,up,2.4,nan,KCN01X3L69N,Recovered / Fixed,SFP inserted or port restored this week
KCN01005G00,ZTE,C300,,gpon_1/9/3,up,2.4,nan,KCN01X3K558,Recovered / Fixed,SFP inserted or port restored this week
KCN01005G00,ZTE,C300,,gpon_1/9/4,up,2.4,nan,KCN01X3LHG1,Recovered / Fixed,SFP inserted or port restored this week
KCN01005G00,ZTE,C300,,gpon_1/9/5,up,2.4,nan,KCN01X3LHG5,Recovered / Fixed,SFP inserted or port restored this week
KCN01005G00,ZTE,C300,,gpon_1/9/6,up,2.4,nan,KCN01X3K553,Recovered / Fixed,SFP inserted or port restored this week
KCN01005G00,ZTE,C300,,gpon_1/9/7,up,2.4,nan,KCN01X3LPNQ,Recovered / Fixed,SFP inserted or port restored this week
KCN01005G00,ZTE,C300,,gpon_1/9/8,up,2.4,nan,KCN01X3LPN3,Recovered / Fixed,SFP inserted or port restored this week
KCN01005G00,ZTE,C300,,gpon_1/9/9,up,2.4,nan,KCN01X3LPN7,Recovered / Fixed,SFP inserted or port restored this week
KCN05002GO0,ZTE,C320,,gpon_1/1/12,up,2.4,nan,KCN05X00007,Recovered / Fixed,SFP inserted or port restored this week
KCN05002GO1,ZTE,C320,,gpon_1/1/1,up,2.4,nan,KCN05X2VVCM,Recovered / Fixed,SFP inserted or port restored this week
KCN05002GO1,ZTE,C320,,gpon_1/1/3,up,2.4,nan,KCN05X2VJL9,Recovered / Fixed,SFP inserted or port restored this week
KCN05002GO1,ZTE,C320,,gpon_1/1/4,up,2.4,nan,KCN05X2WAWD,Recovered / Fixed,SFP inserted or port restored this week
KCN05002GO1,ZTE,C320,,gpon_1/1/5,up,2.4,nan,KCN05X2WICK,Recovered / Fixed,SFP inserted or port restored this week
KCN05002GO1,ZTE,C320,,gpon_1/1/6,up,2.4,nan,KCN05X2W2G1,Recovered / Fixed,SFP inserted or port restored this week
KCN05002GO1,ZTE,C320,,gpon_1/1/7,up,2.4,nan,KCN05X2YDPU,Recovered / Fixed,SFP inserted or port restored this week
KCN05002GO1,ZTE,C320,,gpon_1/1/8,up,2.4,nan,KCN05X00Z1A,Recovered / Fixed,SFP inserted or port restored this week
KCN05002GO1,ZTE,C320,,gpon_1/2/8,up,2.4,nan,KCN05X3LGSJ,Recovered / Fixed,SFP inserted or port restored this week
KCN05005G00,ZTE,C320,,gpon_1/1/4,up,2.4,nan,KCN05X23ILF,Recovered / Fixed,SFP inserted or port restored this week
KCN05005G00,ZTE,C320,,gpon_1/1/6,up,2.4,nan,KCN05X23IO3,Recovered / Fixed,SFP inserted or port restored this week
KCN06001G00,ZTE,C300,,gpon_1/2/4,up,2.4,nan,KCN06X0003M,Recovered / Fixed,SFP inserted or port restored this week
KCN06001G00,ZTE,C300,,gpon_1/2/9,up,2.4,nan,KCN06X00043,Recovered / Fixed,SFP inserted or port restored this week
KCN06001G00,ZTE,C300,,gpon_1/3/13,up,2.4,nan,KCN05X00043,Recovered / Fixed,SFP inserted or port restored this week
KCN06001G00,ZTE,C300,,gpon_1/3/14,up,2.4,nan,KCN05X00046,Recovered / Fixed,SFP inserted or port restored this week
KCN06001G00,ZTE,C300,,gpon_1/3/2,up,2.4,nan,KCN06X00050,Recovered / Fixed,SFP inserted or port restored this week
KCN06001G00,ZTE,C300,,gpon_1/4/12,up,2.4,nan,KCN06X1YSBY,Recovered / Fixed,SFP inserted or port restored this week
KCN06001G00,ZTE,C300,,gpon_1/4/2,up,2.4,nan,KCN06X0006R,Recovered / Fixed,SFP inserted or port restored this week
KCN06001G00,ZTE,C300,,gpon_1/4/7,up,2.4,nan,KCN06X1Y3G0,Recovered / Fixed,SFP inserted or port restored this week
KCN06001G00,ZTE,C300,,gpon_1/5/1,up,2.4,nan,KCN06X2U8EB,Recovered / Fixed,SFP inserted or port restored this week
KCN06001G00,ZTE,C300,,gpon_1/5/10,up,2.4,nan,KCN06X00A1A,Recovered / Fixed,SFP inserted or port restored this week
KCN06001G00,ZTE,C300,,gpon_1/5/11,up,2.4,nan,KCN06X00A1B,Recovered / Fixed,SFP inserted or port restored this week
KCN06001G00,ZTE,C300,,gpon_1/5/12,up,2.4,nan,KCN06X00V31,Recovered / Fixed,SFP inserted or port restored this week
KCN06001G00,ZTE,C300,,gpon_1/5/14,up,2.4,nan,KCN06X10014,Recovered / Fixed,SFP inserted or port restored this week
KCN06001G00,ZTE,C300,,gpon_1/5/15,up,2.4,nan,KCN06X000U1,Recovered / Fixed,SFP inserted or port restored this week
KCN06001G00,ZTE,C300,,gpon_1/5/16,up,2.4,nan,KCN06X000P1,Recovered / Fixed,SFP inserted or port restored this week
KCN06001G00,ZTE,C300,,gpon_1/5/2,up,2.4,nan,KCN06X2U8D0,Recovered / Fixed,SFP inserted or port restored this week
KCN06001G00,ZTE,C300,,gpon_1/5/3,up,2.4,nan,KCN06X2U7V7,Recovered / Fixed,SFP inserted or port restored this week
KCN06001G00,ZTE,C300,,gpon_1/5/4,up,2.4,nan,KCN06X2U7V8,Recovered / Fixed,SFP inserted or port restored this week
KCN06001G00,ZTE,C300,,gpon_1/5/5,up,2.4,nan,KCN06X2VBSW,Recovered / Fixed,SFP inserted or port restored this week
KCN06001G00,ZTE,C300,,gpon_1/5/6,up,2.4,nan,KCN06X2VIGI,Recovered / Fixed,SFP inserted or port restored this week
KCN06001G00,ZTE,C300,,gpon_1/5/7,up,2.4,nan,KCN06X2WH9L,Recovered / Fixed,SFP inserted or port restored this week
KCN06001G00,ZTE,C300,,gpon_1/5/8,up,2.4,nan,KCN06X2WH8K,Recovered / Fixed,SFP inserted or port restored this week
KCN06001G00,ZTE,C300,,gpon_1/5/9,up,2.4,nan,KCN06X1000A,Recovered / Fixed,SFP inserted or port restored this week
KCN06001G00,ZTE,C300,,gpon_1/6/10,up,2.4,nan,KCN06X3L5R6,Recovered / Fixed,SFP inserted or port restored this week
KCN06001G00,ZTE,C300,,gpon_1/6/11,up,2.4,nan,KCN06X3MBLW,Recovered / Fixed,SFP inserted or port restored this week
KCN06001G00,ZTE,C300,,gpon_1/6/2,up,2.4,nan,KCN06X38U1A,Recovered / Fixed,SFP inserted or port restored this week
KCN06001G00,ZTE,C300,,gpon_1/6/3,up,2.4,nan,KCN06X3N7S0,Recovered / Fixed,SFP inserted or port restored this week
KCN06001G00,ZTE,C300,,gpon_1/6/4,up,2.4,nan,KCN06X1001D,Recovered / Fixed,SFP inserted or port restored this week
KCN06001G00,ZTE,C300,,gpon_1/6/9,up,2.4,nan,KCN06X3L5R5,Recovered / Fixed,SFP inserted or port restored this week
KCN06002GO0,ZTE,C320,,gpon_1/2/3,up,2.4,nan,KCN06X0001N,Recovered / Fixed,SFP inserted or port restored this week
KCN06016GO0,ZTE,C320,,gpon_1/1/1,up,2.4,nan,KCN06X2EWWF,Recovered / Fixed,SFP inserted or port restored this week
KCN06016GO0,ZTE,C320,,gpon_1/1/2,up,2.4,nan,KCN06X2EWWK,Recovered / Fixed,SFP inserted or port restored this week
KCN08007GO0,ZTE,C320,,gpon_1/1/1,up,2.4,nan,KCN08X2BU2M,Recovered / Fixed,SFP inserted or port restored this week
KCN09002GO0,ZTE,C320,,gpon_1/2/1,up,2.4,nan,KCN09X00030,Recovered / Fixed,SFP inserted or port restored this week
KKN01002G00,ZTE,C300,,gpon_1/2/1,up,2.4,nan,KKN01X000Y7,Recovered / Fixed,SFP inserted or port restored this week
KKN01002G00,ZTE,C300,,gpon_1/2/3,up,2.4,nan,KKN01X000YG,Recovered / Fixed,SFP inserted or port restored this week
KKN01002G00,ZTE,C300,,gpon_1/2/6,down,2.4,nan,KKN01X000YT,Recovered / Fixed,SFP inserted or port restored this week
KKN01002G00,ZTE,C300,,gpon_1/2/7,up,2.4,nan,KKN01X000YW,Recovered / Fixed,SFP inserted or port restored this week
KKN01002G00,ZTE,C300,,gpon_1/3/11,up,2.4,nan,KKN01X3P5Z8,Recovered / Fixed,SFP inserted or port restored this week
KKN01002G00,ZTE,C300,,gpon_1/4/1,up,2.4,nan,KKN01X0011W,Recovered / Fixed,SFP inserted or port restored this week
KKN01002G00,ZTE,C300,,gpon_1/4/13,up,2.4,nan,KKN01X002K6,Recovered / Fixed,SFP inserted or port restored this week
KKN01002G00,ZTE,C300,,gpon_1/4/14,up,2.4,nan,KKN01X002HU,Recovered / Fixed,SFP inserted or port restored this week
KKN01002G00,ZTE,C300,,gpon_1/4/3,up,2.4,nan,KKN01X00125,Recovered / Fixed,SFP inserted or port restored this week
KKN01002G00,ZTE,C300,,gpon_1/4/6,up,2.4,nan,KKN01X3T0T1,Recovered / Fixed,SFP inserted or port restored this week
KKN01003G00,ZTE,C300,,gpon_1/12/10,up,2.4,nan,KKN01X3GCJ8,Recovered / Fixed,SFP inserted or port restored this week
KKN01003G00,ZTE,C300,,gpon_1/12/11,up,2.4,nan,KKN01X3GCEL,Recovered / Fixed,SFP inserted or port restored this week
KKN01003G00,ZTE,C300,,gpon_1/12/12,up,2.4,nan,KKN01X3GCGA,Recovered / Fixed,SFP inserted or port restored this week
KKN01003G00,ZTE,C300,,gpon_1/12/13,up,2.4,nan,KKN01X3HOTL,Recovered / Fixed,SFP inserted or port restored this week
KKN01003G00,ZTE,C300,,gpon_1/12/14,up,2.4,nan,KKN01X3HOUB,Recovered / Fixed,SFP inserted or port restored this week
KKN01003G00,ZTE,C300,,gpon_1/12/15,up,2.4,nan,KKN01X3HOUD,Recovered / Fixed,SFP inserted or port restored this week
KKN01003G00,ZTE,C300,,gpon_1/12/16,up,2.4,nan,KKN01X3HOU7,Recovered / Fixed,SFP inserted or port restored this week
KKN01003G00,ZTE,C300,,gpon_1/12/3,up,2.4,nan,KKN01X3EOKZ,Recovered / Fixed,SFP inserted or port restored this week
KKN01003G00,ZTE,C300,,gpon_1/12/4,up,2.4,nan,KKN01X3EUXM,Recovered / Fixed,SFP inserted or port restored this week
KKN01003G00,ZTE,C300,,gpon_1/12/5,up,2.4,nan,KKN01X3EW6W,Recovered / Fixed,SFP inserted or port restored this week
KKN01003G00,ZTE,C300,,gpon_1/12/6,up,2.4,nan,KKN01X3EW2D,Recovered / Fixed,SFP inserted or port restored this week
KKN01003G00,ZTE,C300,,gpon_1/12/7,up,2.4,nan,KKN01X3EW2G,Recovered / Fixed,SFP inserted or port restored this week
KKN01003G00,ZTE,C300,,gpon_1/12/8,up,2.4,nan,KKN01X3EAYB,Recovered / Fixed,SFP inserted or port restored this week
KKN01003G00,ZTE,C300,,gpon_1/12/9,up,2.4,nan,KKN01X3F2T9,Recovered / Fixed,SFP inserted or port restored this week
KKN01003G00,ZTE,C300,,gpon_1/13/1,up,2.4,nan,KKN01X3HOU9,Recovered / Fixed,SFP inserted or port restored this week
KKN01003G00,ZTE,C300,,gpon_1/13/11,up,2.4,nan,KKN01X3PRO1,Recovered / Fixed,SFP inserted or port restored this week
KKN01003G00,ZTE,C300,,gpon_1/13/12,up,2.4,nan,KKN01X3K47A,Recovered / Fixed,SFP inserted or port restored this week
KKN01003G00,ZTE,C300,,gpon_1/13/13,up,2.4,nan,KKN01X3MBH1,Recovered / Fixed,SFP inserted or port restored this week
KKN01003G00,ZTE,C300,,gpon_1/13/14,up,2.4,nan,KKN01X3MBH6,Recovered / Fixed,SFP inserted or port restored this week
KKN01003G00,ZTE,C300,,gpon_1/13/15,down,2.4,nan,KKN01X3RVU4,Recovered / Fixed,SFP inserted or port restored this week
KKN01003G00,ZTE,C300,,gpon_1/13/2,up,2.4,nan,KKN01X3HOU2,Recovered / Fixed,SFP inserted or port restored this week
KKN01003G00,ZTE,C300,,gpon_1/13/3,up,2.4,nan,KKN01X3HOU6,Recovered / Fixed,SFP inserted or port restored this week
KKN01003G00,ZTE,C300,,gpon_1/13/4,up,2.4,nan,KKN01X3HOTT,Recovered / Fixed,SFP inserted or port restored this week
KKN01003G00,ZTE,C300,,gpon_1/13/5,up,2.4,nan,KKN01X3HOU0,Recovered / Fixed,SFP inserted or port restored this week
KKN01003G00,ZTE,C300,,gpon_1/13/6,up,2.4,nan,KKN01X3HOTK,Recovered / Fixed,SFP inserted or port restored this week
KKN01003G00,ZTE,C300,,gpon_1/13/7,up,2.4,nan,KKN01X3HOU1,Recovered / Fixed,SFP inserted or port restored this week
KKN01003G00,ZTE,C300,,gpon_1/13/8,up,2.4,nan,KKN01X3JXPB,Recovered / Fixed,SFP inserted or port restored this week
KKN01003G00,ZTE,C300,,gpon_1/13/9,up,2.4,nan,KKN01X3PS6H,Recovered / Fixed,SFP inserted or port restored this week
KKN01003G00,ZTE,C300,,gpon_1/2/1,up,2.4,nan,KKN01X000DZ,Recovered / Fixed,SFP inserted or port restored this week
KKN01003G00,ZTE,C300,,gpon_1/4/11,up,2.4,nan,KKN01X000KS,Recovered / Fixed,SFP inserted or port restored this week
KKN01003G00,ZTE,C300,,gpon_1/4/5,up,2.4,nan,KKN01X000K3,Recovered / Fixed,SFP inserted or port restored this week
KKN01003G00,ZTE,C300,,gpon_1/6/1,up,2.4,nan,KKN01X0015E,Recovered / Fixed,SFP inserted or port restored this week
KKN01003G00,ZTE,C300,,gpon_1/7/10,up,2.4,nan,KKN01X00211,Recovered / Fixed,SFP inserted or port restored this week
KKN01003G00,ZTE,C300,,gpon_1/7/12,up,2.4,nan,KKN01X00219,Recovered / Fixed,SFP inserted or port restored this week
KKN01003G00,ZTE,C300,,gpon_1/7/13,up,2.4,nan,KKN01X0022B,Recovered / Fixed,SFP inserted or port restored this week
KKN01003G00,ZTE,C300,,gpon_1/7/14,up,2.4,nan,KKN01X0023O,Recovered / Fixed,SFP inserted or port restored this week
KKN01003G00,ZTE,C300,,gpon_1/7/15,up,2.4,nan,KKN01X002GE,Recovered / Fixed,SFP inserted or port restored this week
KKN01003G00,ZTE,C300,,gpon_1/7/16,up,2.4,nan,KKN01X002G5,Recovered / Fixed,SFP inserted or port restored this week
KKN01003G00,ZTE,C300,,gpon_1/7/5,up,2.4,nan,KKN01X0019T,Recovered / Fixed,SFP inserted or port restored this week
KKN01003G00,ZTE,C300,,gpon_1/7/6,up,2.4,nan,KKN01X0019W,Recovered / Fixed,SFP inserted or port restored this week
KKN01003G00,ZTE,C300,,gpon_1/9/10,up,2.4,nan,KKN01X39MTE,Recovered / Fixed,SFP inserted or port restored this week
KKN01003G00,ZTE,C300,,gpon_1/9/11,up,2.4,nan,KKN01X394PA,Recovered / Fixed,SFP inserted or port restored this week
KKN01003G00,ZTE,C300,,gpon_1/9/12,up,2.4,nan,KKN01X394O1,Recovered / Fixed,SFP inserted or port restored this week
KKN01003G00,ZTE,C300,,gpon_1/9/13,up,2.4,nan,KKN01X394Q1,Recovered / Fixed,SFP inserted or port restored this week
KKN01003G00,ZTE,C300,,gpon_1/9/14,up,2.4,nan,KKN01X394Q5,Recovered / Fixed,SFP inserted or port restored this week
KKN01003G00,ZTE,C300,,gpon_1/9/15,up,2.4,nan,KKN01X394QY,Recovered / Fixed,SFP inserted or port restored this week
KKN01003G00,ZTE,C300,,gpon_1/9/16,up,2.4,nan,KKN01X394NA,Recovered / Fixed,SFP inserted or port restored this week
KKN01003G00,ZTE,C300,,gpon_1/9/2,up,2.4,nan,KKN01X3572K,Recovered / Fixed,SFP inserted or port restored this week
KKN01003G00,ZTE,C300,,gpon_1/9/4,up,2.4,nan,KKN01X36DKV,Recovered / Fixed,SFP inserted or port restored this week
KKN01003G00,ZTE,C300,,gpon_1/9/5,up,2.4,nan,KKN01X36DKQ,Recovered / Fixed,SFP inserted or port restored this week
KKN01003G00,ZTE,C300,,gpon_1/9/6,up,2.4,nan,KKN01X36DL0,Recovered / Fixed,SFP inserted or port restored this week
KKN01003G00,ZTE,C300,,gpon_1/9/7,up,2.4,nan,KKN01X36N7J,Recovered / Fixed,SFP inserted or port restored this week
KKN01003G00,ZTE,C300,,gpon_1/9/8,up,2.4,nan,KKN01X36N7A,Recovered / Fixed,SFP inserted or port restored this week
KKN01003G00,ZTE,C300,,gpon_1/9/9,up,2.4,nan,KKN01X38AG1,Recovered / Fixed,SFP inserted or port restored this week
KKN01004G00,ZTE,C300,,gpon_1/2/13,up,2.4,nan,KKN01X0009O,Recovered / Fixed,SFP inserted or port restored this week
KKN01004G00,ZTE,C300,,gpon_1/3/7,up,2.4,nan,KKN01X000AX,Recovered / Fixed,SFP inserted or port restored this week
KKN01004G00,ZTE,C300,,gpon_1/4/10,up,2.4,nan,KKN01X000D6,Recovered / Fixed,SFP inserted or port restored this week
KKN01004G00,ZTE,C300,,gpon_1/4/12,up,2.4,nan,KKN01X000DE,Recovered / Fixed,SFP inserted or port restored this week
KKN01004G00,ZTE,C300,,gpon_1/7/1,up,2.4,nan,KKN01X32E17,Recovered / Fixed,SFP inserted or port restored this week
KKN01004G00,ZTE,C300,,gpon_1/7/10,up,2.4,nan,KKN01X35QQH,Recovered / Fixed,SFP inserted or port restored this week
KKN01004G00,ZTE,C300,,gpon_1/7/11,up,2.4,nan,KKN01X37WMM,Recovered / Fixed,SFP inserted or port restored this week
KKN01004G00,ZTE,C300,,gpon_1/7/13,up,2.4,nan,KKN01X39127,Recovered / Fixed,SFP inserted or port restored this week
KKN01004G00,ZTE,C300,,gpon_1/7/15,up,2.4,nan,KKN01X3AM28,Recovered / Fixed,SFP inserted or port restored this week
KKN01004G00,ZTE,C300,,gpon_1/7/16,up,2.4,nan,KKN01X3AXJE,Recovered / Fixed,SFP inserted or port restored this week
KKN01004G00,ZTE,C300,,gpon_1/7/3,up,2.4,nan,KKN01X3AM1Q,Recovered / Fixed,SFP inserted or port restored this week
KKN01004G00,ZTE,C300,,gpon_1/7/4,up,2.4,nan,KKN01X3AM23,Recovered / Fixed,SFP inserted or port restored this week
KKN01004G00,ZTE,C300,,gpon_1/7/5,up,2.4,nan,KKN01X004R1,Recovered / Fixed,SFP inserted or port restored this week
KKN01004G00,ZTE,C300,,gpon_1/7/6,up,2.4,nan,KKN01X352RW,Recovered / Fixed,SFP inserted or port restored this week
KKN01004G00,ZTE,C300,,gpon_1/7/7,up,2.4,nan,KKN01X352U6,Recovered / Fixed,SFP inserted or port restored this week
KKN01004G00,ZTE,C300,,gpon_1/7/8,up,2.4,nan,KKN01X34UDA,Recovered / Fixed,SFP inserted or port restored this week
KKN01004G00,ZTE,C300,,gpon_1/7/9,up,2.4,nan,KKN01X34UAU,Recovered / Fixed,SFP inserted or port restored this week
KKN01004G00,ZTE,C300,,gpon_1/8/1,up,2.4,nan,KKN01X3AM2B,Recovered / Fixed,SFP inserted or port restored this week
KKN01004G00,ZTE,C300,,gpon_1/8/10,up,2.4,nan,KKN01X3H07E,Recovered / Fixed,SFP inserted or port restored this week
KKN01004G00,ZTE,C300,,gpon_1/8/11,up,2.4,nan,KKN01X3H079,Recovered / Fixed,SFP inserted or port restored this week
KKN01004G00,ZTE,C300,,gpon_1/8/12,up,2.4,nan,KKN01X3H07F,Recovered / Fixed,SFP inserted or port restored this week
KKN01004G00,ZTE,C300,,gpon_1/8/13,up,2.4,nan,KKN01X3GX4D,Recovered / Fixed,SFP inserted or port restored this week
KKN01004G00,ZTE,C300,,gpon_1/8/14,up,2.4,nan,KKN01X3H07I,Recovered / Fixed,SFP inserted or port restored this week
KKN01004G00,ZTE,C300,,gpon_1/8/15,up,2.4,nan,KKN01X3GX4A,Recovered / Fixed,SFP inserted or port restored this week
KKN01004G00,ZTE,C300,,gpon_1/8/16,up,2.4,nan,KKN01X3GX4G,Recovered / Fixed,SFP inserted or port restored this week
KKN01004G00,ZTE,C300,,gpon_1/8/2,up,2.4,nan,KKN01X3AM2F,Recovered / Fixed,SFP inserted or port restored this week
KKN01004G00,ZTE,C300,,gpon_1/8/3,up,2.4,nan,KKN01X3AM2P,Recovered / Fixed,SFP inserted or port restored this week
KKN01004G00,ZTE,C300,,gpon_1/8/4,up,2.4,nan,KKN01X3AM2S,Recovered / Fixed,SFP inserted or port restored this week
KKN01004G00,ZTE,C300,,gpon_1/8/5,up,2.4,nan,KKN01X3AM2T,Recovered / Fixed,SFP inserted or port restored this week
KKN01004G00,ZTE,C300,,gpon_1/8/6,up,2.4,nan,KKN01X3AM2W,Recovered / Fixed,SFP inserted or port restored this week
KKN01004G00,ZTE,C300,,gpon_1/8/7,up,2.4,nan,KKN01X3AM0Z,Recovered / Fixed,SFP inserted or port restored this week
KKN01004G00,ZTE,C300,,gpon_1/8/8,up,2.4,nan,KKN01X3EO27,Recovered / Fixed,SFP inserted or port restored this week
KKN01004G00,ZTE,C300,,gpon_1/8/9,up,2.4,nan,KKN01X3H07L,Recovered / Fixed,SFP inserted or port restored this week
KKN01004G00,ZTE,C300,,gpon_1/9/1,up,2.4,nan,KKN01X3KO31,Recovered / Fixed,SFP inserted or port restored this week
KKN01004G00,ZTE,C300,,gpon_1/9/14,up,2.4,nan,KKN01X3NLV3,Recovered / Fixed,SFP inserted or port restored this week
KKN01004G00,ZTE,C300,,gpon_1/9/2,up,2.4,nan,KKN01X3KO3D,Recovered / Fixed,SFP inserted or port restored this week
KKN01004G00,ZTE,C300,,gpon_1/9/3,up,2.4,nan,KKN01X3LHFR,Recovered / Fixed,SFP inserted or port restored this week
KKN01004G00,ZTE,C300,,gpon_1/9/4,up,2.4,nan,KKN01X3LHGF,Recovered / Fixed,SFP inserted or port restored this week
KKN01004G00,ZTE,C300,,gpon_1/9/5,up,2.4,nan,KKN01X3LHG2,Recovered / Fixed,SFP inserted or port restored this week
KKN01004G00,ZTE,C300,,gpon_1/9/6,up,2.4,nan,KKN01X3LHFT,Recovered / Fixed,SFP inserted or port restored this week
KKN01004G00,ZTE,C300,,gpon_1/9/8,up,2.4,nan,KKN01X3RJBP,Recovered / Fixed,SFP inserted or port restored this week
KKN01059G00,ZTE,C320,,gpon_1/1/1,down,2.4,nan,KKN01X003IK,Recovered / Fixed,SFP inserted or port restored this week
KKN04001GO0,ZTE,C320,,gpon_1/1/13,up,2.4,nan,KKN04X0001O,Recovered / Fixed,SFP inserted or port restored this week
KKN04001GO0,ZTE,C320,,gpon_1/1/3,up,2.4,nan,KKN04X0000B,Recovered / Fixed,SFP inserted or port restored this week
KKN04001GO0,ZTE,C320,,gpon_1/1/9,up,2.4,nan,KKN04X00015,Recovered / Fixed,SFP inserted or port restored this week
KKN04001GO0,ZTE,C320,,gpon_1/2/3,up,2.4,nan,KKN04X0002I,Recovered / Fixed,SFP inserted or port restored this week
KKN05001G00,ZTE,C300,,gpon_1/2/15,up,2.4,nan,KKN05X0001M,Recovered / Fixed,SFP inserted or port restored this week
KKN05001G00,ZTE,C300,,gpon_1/3/15,up,2.4,nan,KKN05X0003J,Recovered / Fixed,SFP inserted or port restored this week
KKN05001G00,ZTE,C300,,gpon_1/5/11,up,2.4,nan,KKN05X32Y6L,Recovered / Fixed,SFP inserted or port restored this week
KKN05001G00,ZTE,C300,,gpon_1/6/1,up,2.4,nan,KKN05X3AFI8,Recovered / Fixed,SFP inserted or port restored this week
KKN05001G00,ZTE,C300,,gpon_1/6/10,up,2.4,nan,KKN05X3HPKM,Recovered / Fixed,SFP inserted or port restored this week
KKN05001G00,ZTE,C300,,gpon_1/6/11,up,2.4,nan,KKN05X3HPBQ,Recovered / Fixed,SFP inserted or port restored this week
KKN05001G00,ZTE,C300,,gpon_1/6/12,up,2.4,nan,KKN05X3HOIV,Recovered / Fixed,SFP inserted or port restored this week
KKN05001G00,ZTE,C300,,gpon_1/6/13,up,2.4,nan,KKN05X3H6X0,Recovered / Fixed,SFP inserted or port restored this week
KKN05001G00,ZTE,C300,,gpon_1/6/14,up,2.4,nan,KKN05X3HOSP,Recovered / Fixed,SFP inserted or port restored this week
KKN05001G00,ZTE,C300,,gpon_1/6/15,up,2.4,nan,KKN05X3HOSS,Recovered / Fixed,SFP inserted or port restored this week
KKN05001G00,ZTE,C300,,gpon_1/6/16,up,2.4,nan,KKN05X3HOSV,Recovered / Fixed,SFP inserted or port restored this week
KKN05001G00,ZTE,C300,,gpon_1/6/2,up,2.4,nan,KKN05X3DHIN,Recovered / Fixed,SFP inserted or port restored this week
KKN05001G00,ZTE,C300,,gpon_1/6/3,up,2.4,nan,KKN05X3DK8I,Recovered / Fixed,SFP inserted or port restored this week
KKN05001G00,ZTE,C300,,gpon_1/6/4,up,2.4,nan,KKN05X3FVI8,Recovered / Fixed,SFP inserted or port restored this week
KKN05001G00,ZTE,C300,,gpon_1/6/5,up,2.4,nan,KKN05X3HOIP,Recovered / Fixed,SFP inserted or port restored this week
KKN05001G00,ZTE,C300,,gpon_1/6/6,up,2.4,nan,KKN05X3HOIU,Recovered / Fixed,SFP inserted or port restored this week
KKN05001G00,ZTE,C300,,gpon_1/6/8,up,2.4,nan,KKN05X3H6X6,Recovered / Fixed,SFP inserted or port restored this week
KKN05001G00,ZTE,C300,,gpon_1/6/9,up,2.4,nan,KKN05X3H6X8,Recovered / Fixed,SFP inserted or port restored this week
KKN05001G00,ZTE,C300,,gpon_1/7/1,up,2.4,nan,KKN05X3H6X5,Recovered / Fixed,SFP inserted or port restored this week
KKN05001G00,ZTE,C300,,gpon_1/7/2,up,2.4,nan,KKN05X3H6X7,Recovered / Fixed,SFP inserted or port restored this week
KKN05001G00,ZTE,C300,,gpon_1/7/3,up,2.4,nan,KKN05X3HOU4,Recovered / Fixed,SFP inserted or port restored this week
KKN05001G00,ZTE,C300,,gpon_1/7/4,up,2.4,nan,KKN05X3H6WZ,Recovered / Fixed,SFP inserted or port restored this week
KKN05001G00,ZTE,C300,,gpon_1/7/5,up,2.4,nan,KKN05X3HP6X,Recovered / Fixed,SFP inserted or port restored this week
KKN05001G00,ZTE,C300,,gpon_1/7/6,up,2.4,nan,KKN05X3HP76,Recovered / Fixed,SFP inserted or port restored this week
KKN05001G00,ZTE,C300,,gpon_1/7/7,up,2.4,nan,KKN05X3HOT8,Recovered / Fixed,SFP inserted or port restored this week
KKN05001G00,ZTE,C300,,gpon_1/7/8,up,2.4,nan,KKN05X3QJCO,Recovered / Fixed,SFP inserted or port restored this week
KKN05001G00,ZTE,C300,,gpon_1/7/9,up,2.4,nan,KKN05X3VJ8V,Recovered / Fixed,SFP inserted or port restored this week
KKN07026GO0,ZTE,C320,,gpon_1/1/1,up,2.4,nan,KKN07X0009H,Recovered / Fixed,SFP inserted or port restored this week
KKN09001G00,ZTE,C300,,gpon_1/2/1,up,2.4,nan,KKN09X00001,Recovered / Fixed,SFP inserted or port restored this week
KKN09001G00,ZTE,C300,,gpon_1/2/10,up,2.4,nan,KKN09X00014,Recovered / Fixed,SFP inserted or port restored this week
KKN09001G00,ZTE,C300,,gpon_1/2/11,up,2.4,nan,KKN09X00019,Recovered / Fixed,SFP inserted or port restored this week
KKN09001G00,ZTE,C300,,gpon_1/2/12,up,2.4,nan,KKN09X0001E,Recovered / Fixed,SFP inserted or port restored this week
KKN09001G00,ZTE,C300,,gpon_1/2/13,up,2.4,nan,KKN09X0001J,Recovered / Fixed,SFP inserted or port restored this week
KKN09001G00,ZTE,C300,,gpon_1/2/14,up,2.4,nan,KKN09X0001O,Recovered / Fixed,SFP inserted or port restored this week
KKN09001G00,ZTE,C300,,gpon_1/2/15,up,2.4,nan,KKN09X0001T,Recovered / Fixed,SFP inserted or port restored this week
KKN09001G00,ZTE,C300,,gpon_1/2/16,up,2.4,nan,KKN09X0001Y,Recovered / Fixed,SFP inserted or port restored this week
KKN09001G00,ZTE,C300,,gpon_1/2/2,up,2.4,nan,KKN09X00005,Recovered / Fixed,SFP inserted or port restored this week
KKN09001G00,ZTE,C300,,gpon_1/2/3,up,2.4,nan,KKN09X00009,Recovered / Fixed,SFP inserted or port restored this week
KKN09001G00,ZTE,C300,,gpon_1/2/4,up,2.4,nan,KKN09X0000E,Recovered / Fixed,SFP inserted or port restored this week
KKN09001G00,ZTE,C300,,gpon_1/2/5,up,2.4,nan,KKN09X0000I,Recovered / Fixed,SFP inserted or port restored this week
KKN09001G00,ZTE,C300,,gpon_1/2/6,up,2.4,nan,KKN09X0000M,Recovered / Fixed,SFP inserted or port restored this week
KKN09001G00,ZTE,C300,,gpon_1/2/7,up,2.4,nan,KKN09X0000Q,Recovered / Fixed,SFP inserted or port restored this week
KKN09001G00,ZTE,C300,,gpon_1/2/8,up,2.4,nan,KKN09X0000U,Recovered / Fixed,SFP inserted or port restored this week
KKN09001G00,ZTE,C300,,gpon_1/2/9,up,2.4,nan,KKN09X0000Z,Recovered / Fixed,SFP inserted or port restored this week
KKN09001G00,ZTE,C300,,gpon_1/3/1,up,2.4,nan,KKN09X00023,Recovered / Fixed,SFP inserted or port restored this week
KKN09001G00,ZTE,C300,,gpon_1/3/10,up,2.4,nan,KKN09X00039,Recovered / Fixed,SFP inserted or port restored this week
KKN09001G00,ZTE,C300,,gpon_1/3/11,up,2.4,nan,KKN09X0003E,Recovered / Fixed,SFP inserted or port restored this week
KKN09001G00,ZTE,C300,,gpon_1/3/12,up,2.4,nan,KKN09X0003I,Recovered / Fixed,SFP inserted or port restored this week
KKN09001G00,ZTE,C300,,gpon_1/3/13,up,2.4,nan,KKN09X0003M,Recovered / Fixed,SFP inserted or port restored this week
KKN09001G00,ZTE,C300,,gpon_1/3/14,up,2.4,nan,KKN09X0003R,Recovered / Fixed,SFP inserted or port restored this week
KKN09001G00,ZTE,C300,,gpon_1/3/15,up,2.4,nan,KKN09X0003V,Recovered / Fixed,SFP inserted or port restored this week
KKN09001G00,ZTE,C300,,gpon_1/3/16,up,2.4,nan,KKN09X00040,Recovered / Fixed,SFP inserted or port restored this week
KKN09001G00,ZTE,C300,,gpon_1/3/2,up,2.4,nan,KKN09X00028,Recovered / Fixed,SFP inserted or port restored this week
KKN09001G00,ZTE,C300,,gpon_1/3/3,up,2.4,nan,KKN09X0002D,Recovered / Fixed,SFP inserted or port restored this week
KKN09001G00,ZTE,C300,,gpon_1/3/4,up,2.4,nan,KKN09X0002I,Recovered / Fixed,SFP inserted or port restored this week
KKN09001G00,ZTE,C300,,gpon_1/3/5,up,2.4,nan,KKN09X0002N,Recovered / Fixed,SFP inserted or port restored this week
KKN09001G00,ZTE,C300,,gpon_1/3/6,up,2.4,nan,KKN09X0002S,Recovered / Fixed,SFP inserted or port restored this week
KKN09001G00,ZTE,C300,,gpon_1/3/7,up,2.4,nan,KKN09X0002W,Recovered / Fixed,SFP inserted or port restored this week
KKN09001G00,ZTE,C300,,gpon_1/3/8,up,2.4,nan,KKN09X00030,Recovered / Fixed,SFP inserted or port restored this week
KKN09001G00,ZTE,C300,,gpon_1/3/9,up,2.4,nan,KKN09X00034,Recovered / Fixed,SFP inserted or port restored this week
KKN09001G00,ZTE,C300,,gpon_1/4/1,up,2.4,nan,KKN09X00044,Recovered / Fixed,SFP inserted or port restored this week
KKN09001G00,ZTE,C300,,gpon_1/4/10,up,2.4,nan,KKN09X2Y2P3,Recovered / Fixed,SFP inserted or port restored this week
KKN09001G00,ZTE,C300,,gpon_1/4/15,up,2.4,nan,KKN09X3K3SB,Recovered / Fixed,SFP inserted or port restored this week
KKN09001G00,ZTE,C300,,gpon_1/4/2,up,2.4,nan,KKN09X00049,Recovered / Fixed,SFP inserted or port restored this week
KKN09001G00,ZTE,C300,,gpon_1/4/3,up,2.4,nan,KKN09X0004D,Recovered / Fixed,SFP inserted or port restored this week
KKN09001G00,ZTE,C300,,gpon_1/4/4,up,2.4,nan,KKN09X0004I,Recovered / Fixed,SFP inserted or port restored this week
KKN09001G00,ZTE,C300,,gpon_1/4/5,up,2.4,nan,KKN09X0004N,Recovered / Fixed,SFP inserted or port restored this week
KKN09001G00,ZTE,C300,,gpon_1/4/6,up,2.4,nan,KKN09X0004S,Recovered / Fixed,SFP inserted or port restored this week
KKN09001G00,ZTE,C300,,gpon_1/4/7,up,2.4,nan,KKN09X0004W,Recovered / Fixed,SFP inserted or port restored this week
KKN09001G00,ZTE,C300,,gpon_1/4/8,up,2.4,nan,KKN09X00051,Recovered / Fixed,SFP inserted or port restored this week
KKN09001G00,ZTE,C300,,gpon_1/4/9,up,2.4,nan,KKN09X00055,Recovered / Fixed,SFP inserted or port restored this week
KLS04003GO0,ZTE,C320,,gpon_1/1/1,up,2.4,nan,KLS01X35M8X,Recovered / Fixed,SFP inserted or port restored this week
KLS04003GO0,ZTE,C320,,gpon_1/1/2,up,2.4,nan,KLS04X35L8Y,Recovered / Fixed,SFP inserted or port restored this week
KLS04003GO0,ZTE,C320,,gpon_1/1/3,up,2.4,nan,KLS03X38IQH,Recovered / Fixed,SFP inserted or port restored this week
KLS04003GO0,ZTE,C320,,gpon_1/1/4,up,2.4,nan,KLS04X35LA1,Recovered / Fixed,SFP inserted or port restored this week
KLS04003GO0,ZTE,C320,,gpon_1/1/5,up,2.4,nan,KLS03X38ZVF,Recovered / Fixed,SFP inserted or port restored this week
KLS04003GO0,ZTE,C320,,gpon_1/1/6,up,2.4,nan,KLS03X38ZVA,Recovered / Fixed,SFP inserted or port restored this week
KLS08001G00,ZTE,C320,,gpon_1/1/3,up,2.4,nan,KLS08X0000R,Recovered / Fixed,SFP inserted or port restored this week
KLS08001G00,ZTE,C320,,gpon_1/1/7,up,2.4,nan,KLS08X30V85,Recovered / Fixed,SFP inserted or port restored this week
KLS11006GO0,ZTE,C320,,gpon_1/1/1,up,2.4,nan,KLS11X000PA,Recovered / Fixed,SFP inserted or port restored this week
KLS11006GO0,ZTE,C320,,gpon_1/1/2,up,2.4,nan,KLS12X3RDKZ,Recovered / Fixed,SFP inserted or port restored this week
KLS12008G00,ZTE,C320,,gpon_1/1/1,up,2.4,nan,KLS12X0005C,Recovered / Fixed,SFP inserted or port restored this week
KLS17002G00,Fiberhome,AN6001-G16,,PON 1/1,up,2.4,nan,KLS17X00020,Recovered / Fixed,SFP inserted or port restored this week
LBR01055GO0,Fiberhome,AN5516-04,,PON 1/8,up,2.4,nan,LBR01X2XJY9,Recovered / Fixed,SFP inserted or port restored this week
MDH01024GO0,Fiberhome,AN5516-04,,PON 1/1,up,2.4,nan,MDH01X395DN,Recovered / Fixed,SFP inserted or port restored this week
MHR01028GO0,Fiberhome,AN6000-2,,PON 2/10,up,2.4,nan,MHR01X3PSO7,Recovered / Fixed,SFP inserted or port restored this week
MHR04007G00,ZTE,C320,,gpon_1/1/3,up,2.4,nan,MHR04X000ED,Recovered / Fixed,SFP inserted or port restored this week
MHR04012G00,ZTE,C320,,gpon_1/1/5,up,2.4,nan,MHR04X000FZ,Recovered / Fixed,SFP inserted or port restored this week
NKN01018GO0,Fiberhome,AN5516-04,,PON 1/4,up,2.4,nan,NKN01XMF001,Recovered / Fixed,SFP inserted or port restored this week
NKN01018GO0,Fiberhome,AN5516-04,,PON 2/7,up,2.4,nan,NKN01X2VLFF,Recovered / Fixed,SFP inserted or port restored this week
NKN01019GO0,Fiberhome,AN5516-04,,PON 2/3,up,2.4,nan,NKN01XOK00W,Recovered / Fixed,SFP inserted or port restored this week
NKP09001GO0,ZTE,C320,,gpon_1/1/15,up,2.4,nan,NKP09X0001Y,Recovered / Fixed,SFP inserted or port restored this week
NKP09004G00,Fiberhome,AN6001-G16,,PON 1/1,up,2.4,nan,NKP09X0004I,Recovered / Fixed,SFP inserted or port restored this week
NKP09004G00,Fiberhome,AN6001-G16,,PON 1/2,up,2.4,nan,NKP09X0004R,Recovered / Fixed,SFP inserted or port restored this week
NKP09004G00,Fiberhome,AN6001-G16,,PON 1/3,up,2.4,nan,NKP09X0005W,Recovered / Fixed,SFP inserted or port restored this week
NKP09004G00,Fiberhome,AN6001-G16,,PON 1/4,up,2.4,nan,NKP09X354C9,Recovered / Fixed,SFP inserted or port restored this week
NKP09004G00,Fiberhome,AN6001-G16,,PON 1/5,up,2.4,nan,NKP09X3B5JM,Recovered / Fixed,SFP inserted or port restored this week
NKP09004G00,Fiberhome,AN6001-G16,,PON 1/6,up,2.4,nan,NKP09X3DQG4,Recovered / Fixed,SFP inserted or port restored this week
NKP09004G00,Fiberhome,AN6001-G16,,PON 1/7,up,2.4,nan,NKP09X3FYT1,Recovered / Fixed,SFP inserted or port restored this week
NKR01009G00,ZTE,C300,,gpon_1/6/6,up,2.4,nan,NKR01X00411,Recovered / Fixed,SFP inserted or port restored this week
NKR01010GO0,ZTE,C320,,gpon_1/2/9,up,2.4,nan,NKR01X001XQ,Recovered / Fixed,SFP inserted or port restored this week
NKR01011G00,ZTE,C300,,gpon_1/6/16,up,2.4,nan,NKR01X001DI,Recovered / Fixed,SFP inserted or port restored this week
NKR01011G00,ZTE,C300,,gpon_1/6/5,up,2.4,nan,NKR01X001C4,Recovered / Fixed,SFP inserted or port restored this week
NKR01011G00,ZTE,C300,,gpon_1/8/1,up,2.4,nan,NKR01X001F8,Recovered / Fixed,SFP inserted or port restored this week
NKR01012GO0,ZTE,C320,,gpon_1/1/3,up,2.4,nan,NKR01X001K2,Recovered / Fixed,SFP inserted or port restored this week
NKR01012GO0,ZTE,C320,,gpon_1/2/10,up,2.4,nan,NKR01X007OR,Recovered / Fixed,SFP inserted or port restored this week
NKR01014GO0,ZTE,C320,,gpon_1/1/5,up,2.4,nan,NKR01X001GT,Recovered / Fixed,SFP inserted or port restored this week
NKR01015GO0,ZTE,C320,,gpon_1/2/10,up,2.4,nan,NKR01X0022J,Recovered / Fixed,SFP inserted or port restored this week
NKR01015GO0,ZTE,C320,,gpon_1/2/11,up,2.4,nan,NKR01X0022O,Recovered / Fixed,SFP inserted or port restored this week
NKR01018G00,ZTE,C300,,gpon_1/3/4,up,2.4,nan,NKR01X0032H,Recovered / Fixed,SFP inserted or port restored this week
NKR01019GO0,ZTE,C320,,gpon_1/2/12,up,2.4,nan,NKR01X0037Z,Recovered / Fixed,SFP inserted or port restored this week
NKR01019GO0,ZTE,C320,,gpon_1/2/13,up,2.4,nan,NKR01X00384,Recovered / Fixed,SFP inserted or port restored this week
NKR01019GO0,ZTE,C320,,gpon_1/2/16,up,2.4,nan,NKR32X0038F,Recovered / Fixed,SFP inserted or port restored this week
NKR01019GO0,ZTE,C320,,gpon_1/2/9,up,2.4,nan,NKR01X0037K,Recovered / Fixed,SFP inserted or port restored this week
NKR01020GO0,ZTE,C320,,gpon_1/1/4,up,2.4,nan,NKR01X0038W,Recovered / Fixed,SFP inserted or port restored this week
NKR01020GO0,ZTE,C320,,gpon_1/1/7,up,2.4,nan,NKR01X00398,Recovered / Fixed,SFP inserted or port restored this week
NKR01020GO0,ZTE,C320,,gpon_1/2/1,up,2.4,nan,NKR01X0040F,Recovered / Fixed,SFP inserted or port restored this week
NKR01020GO0,ZTE,C320,,gpon_1/2/2,up,2.4,nan,NKR01X0040J,Recovered / Fixed,SFP inserted or port restored this week
NKR01020GO0,ZTE,C320,,gpon_1/2/3,up,2.4,nan,NKR01X3TQ85,Recovered / Fixed,SFP inserted or port restored this week
NKR01022GO0,ZTE,C320,,gpon_1/2/12,up,2.4,nan,NKR01X3OH52,Recovered / Fixed,SFP inserted or port restored this week
NKR01022GO0,ZTE,C320,,gpon_1/2/5,up,2.4,nan,NKR01X006RH,Recovered / Fixed,SFP inserted or port restored this week
NKR01022GO0,ZTE,C320,,gpon_1/2/6,up,2.4,nan,NKR01X007JV,Recovered / Fixed,SFP inserted or port restored this week
NKR01023G00,ZTE,C300,,gpon_1/3/13,up,2.4,nan,NKR01X005T1,Recovered / Fixed,SFP inserted or port restored this week
NKR01023G00,ZTE,C300,,gpon_1/4/10,up,2.4,nan,NKR01X007Y5,Recovered / Fixed,SFP inserted or port restored this week
NKR01023G00,ZTE,C300,,gpon_1/5/9,up,2.4,nan,NKR01X37AP7,Recovered / Fixed,SFP inserted or port restored this week
NKR01084GO0,Fiberhome,AN5516-04,,PON 1/1,up,2.4,nan,NKR01X006TM,Recovered / Fixed,SFP inserted or port restored this week
NKR01084GO0,Fiberhome,AN5516-04,,PON 1/14,up,2.4,nan,NKR01X007ZG,Recovered / Fixed,SFP inserted or port restored this week
NKR01084GO0,Fiberhome,AN5516-04,,PON 1/3,up,2.4,nan,NKR01X006U3,Recovered / Fixed,SFP inserted or port restored this week
NKR01084GO0,Fiberhome,AN5516-04,,PON 1/4,up,2.4,nan,NKR01X006U9,Recovered / Fixed,SFP inserted or port restored this week
NKR01084GO0,Fiberhome,AN5516-04,,PON 1/5,up,2.4,nan,NKR01X006UF,Recovered / Fixed,SFP inserted or port restored this week
NKR01084GO0,Fiberhome,AN5516-04,,PON 1/6,up,2.4,nan,NKR01X006UL,Recovered / Fixed,SFP inserted or port restored this week
NKR01084GO0,Fiberhome,AN5516-04,,PON 1/7,up,2.4,nan,NKR01X006UU,Recovered / Fixed,SFP inserted or port restored this week
NKR01084GO0,Fiberhome,AN5516-04,,PON 1/9,up,2.4,nan,NKR01X006VB,Recovered / Fixed,SFP inserted or port restored this week
NKR01084GO0,Fiberhome,AN5516-04,,PON 2/13,up,2.4,nan,NKR01XFBLBK,Recovered / Fixed,SFP inserted or port restored this week
NKR01084GO0,Fiberhome,AN5516-04,,PON 2/15,up,2.4,nan,NKR01X0086Q,Recovered / Fixed,SFP inserted or port restored this week
NKR01084GO0,Fiberhome,AN5516-04,,PON 2/4,up,2.4,nan,NKR01X007ZF,Recovered / Fixed,SFP inserted or port restored this week
NKR01084GO0,Fiberhome,AN5516-04,,PON 2/5,up,2.4,nan,NKR01X315WN,Recovered / Fixed,SFP inserted or port restored this week
NKR01086GO0,Fiberhome,AN5516-04,,PON 2/4,up,2.4,nan,NKR01X0HMNA,Recovered / Fixed,SFP inserted or port restored this week
NKR01090GO0,Fiberhome,AN5516-04,,PON 2/8,up,2.4,nan,NKR01X355JW,Recovered / Fixed,SFP inserted or port restored this week
NKR01092GO0,Fiberhome,AN5516-04,,PON 1/2,up,2.4,nan,NKR01X007B2,Recovered / Fixed,SFP inserted or port restored this week
NKR01092GO0,Fiberhome,AN5516-04,,PON 1/5,up,2.4,nan,NKR01X007BI,Recovered / Fixed,SFP inserted or port restored this week
NKR01092GO0,Fiberhome,AN5516-04,,PON 1/7,up,2.4,nan,NKR01X007BX,Recovered / Fixed,SFP inserted or port restored this week
NKR01092GO0,Fiberhome,AN5516-04,,PON 2/2,up,2.4,nan,NKR01X3HRET,Recovered / Fixed,SFP inserted or port restored this week
NKR01093GO0,Fiberhome,AN5516-04,,PON 1/5,up,2.4,nan,NKR01X007DV,Recovered / Fixed,SFP inserted or port restored this week
NKR01094GO0,Fiberhome,AN6000-2,,PON 1/11,up,2.4,nan,NKR01X2Y2T4,Recovered / Fixed,SFP inserted or port restored this week
NKR01094GO0,Fiberhome,AN6000-2,,PON 2/2,up,2.4,nan,NKR01X328CA,Recovered / Fixed,SFP inserted or port restored this week
NKR01094GO0,Fiberhome,AN6000-2,,PON 2/6,up,2.4,nan,NKR01X35KSA,Recovered / Fixed,SFP inserted or port restored this week
NKR01100GO0,Fiberhome,AN5516-04,,PON 2/1,up,2.4,nan,NKR01X34L0U,Recovered / Fixed,SFP inserted or port restored this week
NKR01100GO0,Fiberhome,AN5516-04,,PON 2/6,up,2.4,nan,NKR01X3B97N,Recovered / Fixed,SFP inserted or port restored this week
NKR01101GO0,Fiberhome,AN5516-04,,PON 1/1,up,2.4,nan,NKR01X31YAY,Recovered / Fixed,SFP inserted or port restored this week
NKR01101GO0,Fiberhome,AN5516-04,,PON 1/6,up,2.4,nan,NKR01X3TOD5,Recovered / Fixed,SFP inserted or port restored this week
NKR01106GO0,Fiberhome,AN5516-04,,PON 1/1,up,2.4,nan,NKR01X00W01,Recovered / Fixed,SFP inserted or port restored this week
NKR03001G00,ZTE,C300,,gpon_1/2/1,up,2.4,nan,NKR03X00001,Recovered / Fixed,SFP inserted or port restored this week
NKR03001G00,ZTE,C300,,gpon_1/4/11,up,2.4,nan,NKR03X33KRH,Recovered / Fixed,SFP inserted or port restored this week
NKR03001G00,ZTE,C300,,gpon_1/4/2,up,2.4,nan,NKR03X00AB4,Recovered / Fixed,SFP inserted or port restored this week
NKR03001G00,ZTE,C300,,gpon_1/4/3,up,2.4,nan,NKR03X00AB1,Recovered / Fixed,SFP inserted or port restored this week
NKR03001G00,ZTE,C300,,gpon_1/4/4,up,2.4,nan,NKR03X3AP4K,Recovered / Fixed,SFP inserted or port restored this week
NKR06002G00,ZTE,C300,,gpon_1/3/7,up,2.4,nan,NKR06X39WBT,Recovered / Fixed,SFP inserted or port restored this week
NKR06002G00,ZTE,C300,,gpon_1/3/8,up,2.4,nan,NKR06X39WC3,Recovered / Fixed,SFP inserted or port restored this week
NKR07018GO0,ZTE,C320,,gpon_1/1/2,up,2.4,nan,NKR07X001C9,Recovered / Fixed,SFP inserted or port restored this week
NKR07018GO0,ZTE,C320,,gpon_1/1/6,up,2.4,nan,NKR07X3A560,Recovered / Fixed,SFP inserted or port restored this week
NKR09010GO0,ZTE,C320,,gpon_1/1/1,up,2.4,nan,NKR09X000F7,Recovered / Fixed,SFP inserted or port restored this week
NKR09010GO0,ZTE,C320,,gpon_1/1/7,up,2.4,nan,NKR09X34IOX,Recovered / Fixed,SFP inserted or port restored this week
NKR09010GO0,ZTE,C320,,gpon_1/2/1,up,2.4,nan,NKR09X3DC5Y,Recovered / Fixed,SFP inserted or port restored this week
NKR09010GO0,ZTE,C320,,gpon_1/2/3,up,2.4,nan,NKR09X3DC9J,Recovered / Fixed,SFP inserted or port restored this week
NKR12001G00,ZTE,C300,,gpon_1/2/1,down,2.4,nan,NKR12X0010K,Recovered / Fixed,SFP inserted or port restored this week
NKR12001G00,ZTE,C300,,gpon_1/2/12,up,2.4,nan,NKR12X0004B,Recovered / Fixed,SFP inserted or port restored this week
NKR12001G00,ZTE,C300,,gpon_1/3/8,up,2.4,nan,NKR12X0002R,Recovered / Fixed,SFP inserted or port restored this week
NKR12001G00,ZTE,C300,,gpon_1/7/13,up,2.4,nan,NKR12X001CD,Recovered / Fixed,SFP inserted or port restored this week
NKR12001G00,ZTE,C300,,gpon_1/7/16,up,2.4,nan,NKR12X32QC0,Recovered / Fixed,SFP inserted or port restored this week
NKR12001G00,ZTE,C300,,gpon_1/7/4,up,2.4,nan,NKR12X00108,Recovered / Fixed,SFP inserted or port restored this week
NKR15010GO0,ZTE,C320,,gpon_1/1/4,up,2.4,nan,NKR15X001CP,Recovered / Fixed,SFP inserted or port restored this week
NKR15010GO0,ZTE,C320,,gpon_1/1/5,up,2.4,nan,NKR15X001FC,Recovered / Fixed,SFP inserted or port restored this week
NKR15010GO0,ZTE,C320,,gpon_1/1/6,up,2.4,nan,NKR15X001FH,Recovered / Fixed,SFP inserted or port restored this week
NKR16008GO0,ZTE,C320,,gpon_1/1/4,up,2.4,nan,NKR16X34QXY,Recovered / Fixed,SFP inserted or port restored this week
NKR16012GO0,ZTE,C320,,gpon_1/1/6,up,2.4,nan,NKR16X000B4,Recovered / Fixed,SFP inserted or port restored this week
NKR17010GO0,ZTE,C320,,gpon_1/1/3,down,2.4,nan,NKR17XNBMC1,Recovered / Fixed,SFP inserted or port restored this week
NKR19001GO0,ZTE,C320,,gpon_1/1/11,up,2.4,nan,NKR19X0001B,Recovered / Fixed,SFP inserted or port restored this week
NKR19001GO0,ZTE,C320,,gpon_1/2/14,up,2.4,nan,NKR18X3FRFJ,Recovered / Fixed,SFP inserted or port restored this week
NKR19001GO0,ZTE,C320,,gpon_1/2/16,up,2.4,nan,NKR01X3A0J0,Recovered / Fixed,SFP inserted or port restored this week
NKR20002G00,ZTE,C300,,gpon_1/7/8,up,2.4,nan,NKR18X001BB,Recovered / Fixed,SFP inserted or port restored this week
NKR21064GO0,ZTE,C320,,gpon_1/1/4,up,2.4,nan,NKR21X00341,Recovered / Fixed,SFP inserted or port restored this week
NKR21064GO0,ZTE,C320,,gpon_1/2/1,up,2.4,nan,NKR21X330J1,Recovered / Fixed,SFP inserted or port restored this week
NKR21064GO0,ZTE,C320,,gpon_1/2/2,up,2.4,nan,NKR21X3BRDK,Recovered / Fixed,SFP inserted or port restored this week
NKR21073GO0,Fiberhome,AN5516-04,,PON 2/2,up,2.4,nan,NKR21X003KF,Recovered / Fixed,SFP inserted or port restored this week
NKR21076GO0,Fiberhome,AN5516-04,,PON 2/1,up,2.4,nan,NKR21X36FJI,Recovered / Fixed,SFP inserted or port restored this week
NKR21076GO0,Fiberhome,AN5516-04,,PON 2/8,up,2.4,nan,NKR21X36Q6G,Recovered / Fixed,SFP inserted or port restored this week
NKR29003GO0,ZTE,C320,,gpon_1/1/3,up,2.4,nan,NKR29X32607,Recovered / Fixed,SFP inserted or port restored this week
NKR32005GO0,ZTE,C320,,gpon_1/1/5,up,2.4,nan,NKR32X3FW5C,Recovered / Fixed,SFP inserted or port restored this week
NKS01001G00,ZTE,C300,,gpon_1/12/1,up,2.4,nan,NKS01O0015E,Recovered / Fixed,SFP inserted or port restored this week
NKS01001G00,ZTE,C300,,gpon_1/12/10,up,2.4,nan,NKS01X0022N,Recovered / Fixed,SFP inserted or port restored this week
NKS01001G00,ZTE,C300,,gpon_1/12/11,up,2.4,nan,NKS01X0006X,Recovered / Fixed,SFP inserted or port restored this week
NKS01001G00,ZTE,C300,,gpon_1/12/12,up,2.4,nan,NKS01X0006Y,Recovered / Fixed,SFP inserted or port restored this week
NKS01001G00,ZTE,C300,,gpon_1/12/13,up,2.4,nan,NKS01X00073,Recovered / Fixed,SFP inserted or port restored this week
NKS01001G00,ZTE,C300,,gpon_1/12/14,up,2.4,nan,NKS01X0007D,Recovered / Fixed,SFP inserted or port restored this week
NKS01001G00,ZTE,C300,,gpon_1/12/15,up,2.4,nan,NKS01X0007P,Recovered / Fixed,SFP inserted or port restored this week
NKS01001G00,ZTE,C300,,gpon_1/12/16,up,2.4,nan,NKS01X0022S,Recovered / Fixed,SFP inserted or port restored this week
NKS01001G00,ZTE,C300,,gpon_1/12/2,up,2.4,nan,NKS01O0015H,Recovered / Fixed,SFP inserted or port restored this week
NKS01001G00,ZTE,C300,,gpon_1/12/3,up,2.4,nan,NKS01O0015M,Recovered / Fixed,SFP inserted or port restored this week
NKS01001G00,ZTE,C300,,gpon_1/12/4,up,2.4,nan,NKS01X0015S,Recovered / Fixed,SFP inserted or port restored this week
NKS01001G00,ZTE,C300,,gpon_1/12/5,up,2.4,nan,NKS01X0015X,Recovered / Fixed,SFP inserted or port restored this week
NKS01001G00,ZTE,C300,,gpon_1/12/6,up,2.4,nan,NKS01X00162,Recovered / Fixed,SFP inserted or port restored this week
NKS01001G00,ZTE,C300,,gpon_1/12/7,up,2.4,nan,NKS01X00167,Recovered / Fixed,SFP inserted or port restored this week
NKS01001G00,ZTE,C300,,gpon_1/12/8,up,2.4,nan,NKS01X0016C,Recovered / Fixed,SFP inserted or port restored this week
NKS01001G00,ZTE,C300,,gpon_1/12/9,up,2.4,nan,NKS01X0006R,Recovered / Fixed,SFP inserted or port restored this week
NKS01001G00,ZTE,C300,,gpon_1/13/1,up,2.4,nan,NKS01X0017F,Recovered / Fixed,SFP inserted or port restored this week
NKS01001G00,ZTE,C300,,gpon_1/13/10,up,2.4,nan,NKS01X0016M,Recovered / Fixed,SFP inserted or port restored this week
NKS01001G00,ZTE,C300,,gpon_1/13/11,up,2.4,nan,NKS01X0016R,Recovered / Fixed,SFP inserted or port restored this week
NKS01001G00,ZTE,C300,,gpon_1/13/12,up,2.4,nan,NKS01X0016W,Recovered / Fixed,SFP inserted or port restored this week
NKS01001G00,ZTE,C300,,gpon_1/13/13,up,2.4,nan,NKS01X00171,Recovered / Fixed,SFP inserted or port restored this week
NKS01001G00,ZTE,C300,,gpon_1/13/14,up,2.4,nan,NKS01X0012U,Recovered / Fixed,SFP inserted or port restored this week
NKS01001G00,ZTE,C300,,gpon_1/13/15,up,2.4,nan,NKS01X0012Z,Recovered / Fixed,SFP inserted or port restored this week
NKS01001G00,ZTE,C300,,gpon_1/13/16,up,2.4,nan,NKS01X0017A,Recovered / Fixed,SFP inserted or port restored this week
NKS01001G00,ZTE,C300,,gpon_1/13/2,up,2.4,nan,NKS01X0017K,Recovered / Fixed,SFP inserted or port restored this week
NKS01001G00,ZTE,C300,,gpon_1/13/3,up,2.4,nan,NKS01X0019X,Recovered / Fixed,SFP inserted or port restored this week
NKS01001G00,ZTE,C300,,gpon_1/13/4,up,2.4,nan,NKS01X00200,Recovered / Fixed,SFP inserted or port restored this week
NKS01001G00,ZTE,C300,,gpon_1/13/5,up,2.4,nan,NKS01X00209,Recovered / Fixed,SFP inserted or port restored this week
NKS01001G00,ZTE,C300,,gpon_1/13/6,up,2.4,nan,NKS01X0020A,Recovered / Fixed,SFP inserted or port restored this week
NKS01001G00,ZTE,C300,,gpon_1/13/7,up,2.4,nan,NKS01X0020G,Recovered / Fixed,SFP inserted or port restored this week
NKS01001G00,ZTE,C300,,gpon_1/13/8,up,2.4,nan,NKS01X0020H,Recovered / Fixed,SFP inserted or port restored this week
NKS01001G00,ZTE,C300,,gpon_1/13/9,up,2.4,nan,NKS01X0016H,Recovered / Fixed,SFP inserted or port restored this week
NKS01001G00,ZTE,C300,,gpon_1/15/1,up,2.4,nan,NKS01X2MIFI,Recovered / Fixed,SFP inserted or port restored this week
NKS01001G00,ZTE,C300,,gpon_1/15/9,up,2.4,nan,NKS01X31EZI,Recovered / Fixed,SFP inserted or port restored this week
NKS01001G00,ZTE,C300,,gpon_1/16/1,up,2.4,nan,NKS01X36OOW,Recovered / Fixed,SFP inserted or port restored this week
NKS01001G00,ZTE,C300,,gpon_1/16/10,up,2.4,nan,NKS01X3P3MB,Recovered / Fixed,SFP inserted or port restored this week
NKS01001G00,ZTE,C300,,gpon_1/16/11,up,2.4,nan,NKS01X38A99,Recovered / Fixed,SFP inserted or port restored this week
NKS01001G00,ZTE,C300,,gpon_1/16/12,up,2.4,nan,NKS01X38ESI,Recovered / Fixed,SFP inserted or port restored this week
NKS01001G00,ZTE,C300,,gpon_1/16/13,up,2.4,nan,NKS01X3A1Z7,Recovered / Fixed,SFP inserted or port restored this week
NKS01001G00,ZTE,C300,,gpon_1/16/14,up,2.4,nan,NKS01X39YHR,Recovered / Fixed,SFP inserted or port restored this week
NKS01001G00,ZTE,C300,,gpon_1/16/15,up,2.4,nan,NKS01X3PEZ2,Recovered / Fixed,SFP inserted or port restored this week
NKS01001G00,ZTE,C300,,gpon_1/16/16,up,2.4,nan,NKS01X3A227,Recovered / Fixed,SFP inserted or port restored this week
NKS01001G00,ZTE,C300,,gpon_1/16/2,up,2.4,nan,NKS01X36Q19,Recovered / Fixed,SFP inserted or port restored this week
NKS01001G00,ZTE,C300,,gpon_1/16/3,up,2.4,nan,NKS01X37E1Y,Recovered / Fixed,SFP inserted or port restored this week
NKS01001G00,ZTE,C300,,gpon_1/16/4,up,2.4,nan,NKS01X37E1X,Recovered / Fixed,SFP inserted or port restored this week
NKS01001G00,ZTE,C300,,gpon_1/16/5,up,2.4,nan,NKS01X36PA5,Recovered / Fixed,SFP inserted or port restored this week
NKS01001G00,ZTE,C300,,gpon_1/16/6,up,2.4,nan,NKS01X36RTI,Recovered / Fixed,SFP inserted or port restored this week
NKS01001G00,ZTE,C300,,gpon_1/16/7,up,2.4,nan,NKS01X3799P,Recovered / Fixed,SFP inserted or port restored this week
NKS01001G00,ZTE,C300,,gpon_1/16/8,up,2.4,nan,NKS01X38A94,Recovered / Fixed,SFP inserted or port restored this week
NKS01001G00,ZTE,C300,,gpon_1/16/9,up,2.4,nan,NKS01X39YH9,Recovered / Fixed,SFP inserted or port restored this week
NKS01001G00,ZTE,C300,,gpon_1/17/1,up,2.4,nan,NKS01X3AY2N,Recovered / Fixed,SFP inserted or port restored this week
NKS01001G00,ZTE,C300,,gpon_1/17/10,up,2.4,nan,NKS01X33VCM,Recovered / Fixed,SFP inserted or port restored this week
NKS01001G00,ZTE,C300,,gpon_1/17/11,up,2.4,nan,NKS01X3BLQ8,Recovered / Fixed,SFP inserted or port restored this week
NKS01001G00,ZTE,C300,,gpon_1/17/12,up,2.4,nan,NKS01X3BLQ9,Recovered / Fixed,SFP inserted or port restored this week
NKS01001G00,ZTE,C300,,gpon_1/17/13,up,2.4,nan,NKS01X3BLU0,Recovered / Fixed,SFP inserted or port restored this week
NKS01001G00,ZTE,C300,,gpon_1/17/2,up,2.4,nan,NKS01X3AY1A,Recovered / Fixed,SFP inserted or port restored this week
NKS01001G00,ZTE,C300,,gpon_1/17/3,up,2.4,nan,NKS01X3A3PA,Recovered / Fixed,SFP inserted or port restored this week
NKS01001G00,ZTE,C300,,gpon_1/17/4,up,2.4,nan,NKS01X3A3PB,Recovered / Fixed,SFP inserted or port restored this week
NKS01001G00,ZTE,C300,,gpon_1/17/5,up,2.4,nan,NKS01X3A3PI,Recovered / Fixed,SFP inserted or port restored this week
NKS01001G00,ZTE,C300,,gpon_1/17/6,up,2.4,nan,NKS01X3A3PO,Recovered / Fixed,SFP inserted or port restored this week
NKS01001G00,ZTE,C300,,gpon_1/17/7,up,2.4,nan,NKS01X3B9EZ,Recovered / Fixed,SFP inserted or port restored this week
NKS01001G00,ZTE,C300,,gpon_1/17/8,up,2.4,nan,NKS01X3NZMU,Recovered / Fixed,SFP inserted or port restored this week
NKS01001G00,ZTE,C300,,gpon_1/17/9,up,2.4,nan,NKS01X3NZMV,Recovered / Fixed,SFP inserted or port restored this week
NKS01001G00,ZTE,C300,,gpon_1/2/1,up,2.4,nan,NKS01O0002N,Recovered / Fixed,SFP inserted or port restored this week
NKS01001G00,ZTE,C300,,gpon_1/2/10,up,2.4,nan,NKS01O0003U,Recovered / Fixed,SFP inserted or port restored this week
NKS01001G00,ZTE,C300,,gpon_1/2/11,up,2.4,nan,NKS01X00214,Recovered / Fixed,SFP inserted or port restored this week
NKS01001G00,ZTE,C300,,gpon_1/2/12,up,2.4,nan,NKS01X3A3LN,Recovered / Fixed,SFP inserted or port restored this week
NKS01001G00,ZTE,C300,,gpon_1/2/13,up,2.4,nan,NKS01X3A3LE,Recovered / Fixed,SFP inserted or port restored this week
NKS01001G00,ZTE,C300,,gpon_1/2/14,up,2.4,nan,NKS01X0022X,Recovered / Fixed,SFP inserted or port restored this week
NKS01001G00,ZTE,C300,,gpon_1/2/15,up,2.4,nan,NKS01X0023Q,Recovered / Fixed,SFP inserted or port restored this week
NKS01001G00,ZTE,C300,,gpon_1/2/16,up,2.4,nan,NKS01O0004K,Recovered / Fixed,SFP inserted or port restored this week
NKS01001G00,ZTE,C300,,gpon_1/2/2,up,2.4,nan,NKS01O0002W,Recovered / Fixed,SFP inserted or port restored this week
NKS01001G00,ZTE,C300,,gpon_1/2/3,up,2.4,nan,NKS01O0002X,Recovered / Fixed,SFP inserted or port restored this week
NKS01001G00,ZTE,C300,,gpon_1/2/4,up,2.4,nan,NKS01O00032,Recovered / Fixed,SFP inserted or port restored this week
NKS01001G00,ZTE,C300,,gpon_1/2/5,up,2.4,nan,NKS01O00037,Recovered / Fixed,SFP inserted or port restored this week
NKS01001G00,ZTE,C300,,gpon_1/2/6,up,2.4,nan,NKS01O0003A,Recovered / Fixed,SFP inserted or port restored this week
NKS01001G00,ZTE,C300,,gpon_1/2/7,up,2.4,nan,NKS01O0003J,Recovered / Fixed,SFP inserted or port restored this week
NKS01001G00,ZTE,C300,,gpon_1/2/8,up,2.4,nan,NKS01O0003K,Recovered / Fixed,SFP inserted or port restored this week
NKS01001G00,ZTE,C300,,gpon_1/2/9,up,2.4,nan,NKS01O0003T,Recovered / Fixed,SFP inserted or port restored this week
NKS01001G00,ZTE,C300,,gpon_1/3/1,up,2.4,nan,NKS01O0004N,Recovered / Fixed,SFP inserted or port restored this week
NKS01001G00,ZTE,C300,,gpon_1/3/10,up,2.4,nan,NKS01X0005X,Recovered / Fixed,SFP inserted or port restored this week
NKS01001G00,ZTE,C300,,gpon_1/3/11,up,2.4,nan,NKS01X0005Y,Recovered / Fixed,SFP inserted or port restored this week
NKS01001G00,ZTE,C300,,gpon_1/3/12,up,2.4,nan,NKS01X00066,Recovered / Fixed,SFP inserted or port restored this week
NKS01001G00,ZTE,C300,,gpon_1/3/13,up,2.4,nan,NKS01X00067,Recovered / Fixed,SFP inserted or port restored this week
NKS01001G00,ZTE,C300,,gpon_1/3/14,up,2.4,nan,NKS01X0006G,Recovered / Fixed,SFP inserted or port restored this week
NKS01001G00,ZTE,C300,,gpon_1/3/15,up,2.4,nan,NKS01X0006H,Recovered / Fixed,SFP inserted or port restored this week
NKS01001G00,ZTE,C300,,gpon_1/3/16,up,2.4,nan,NKS01X0006Q,Recovered / Fixed,SFP inserted or port restored this week
NKS01001G00,ZTE,C300,,gpon_1/3/2,up,2.4,nan,NKS01O0004U,Recovered / Fixed,SFP inserted or port restored this week
NKS01001G00,ZTE,C300,,gpon_1/3/3,up,2.4,nan,NKS01O0004V,Recovered / Fixed,SFP inserted or port restored this week
NKS01001G00,ZTE,C300,,gpon_1/3/4,up,2.4,nan,NKS01X0005C,Recovered / Fixed,SFP inserted or port restored this week
NKS01001G00,ZTE,C300,,gpon_1/3/5,up,2.4,nan,NKS01X0005D,Recovered / Fixed,SFP inserted or port restored this week
NKS01001G00,ZTE,C300,,gpon_1/3/6,up,2.4,nan,NKS01X00050,Recovered / Fixed,SFP inserted or port restored this week
NKS01001G00,ZTE,C300,,gpon_1/3/7,up,2.4,nan,NKS01X00055,Recovered / Fixed,SFP inserted or port restored this week
NKS01001G00,ZTE,C300,,gpon_1/3/8,down,2.4,nan,NKS01X00217,Recovered / Fixed,SFP inserted or port restored this week
NKS01001G00,ZTE,C300,,gpon_1/4/1,up,2.4,nan,NKS01X00106,Recovered / Fixed,SFP inserted or port restored this week
NKS01001G00,ZTE,C300,,gpon_1/4/10,up,2.4,nan,NKS01X00092,Recovered / Fixed,SFP inserted or port restored this week
NKS01001G00,ZTE,C300,,gpon_1/4/11,up,2.4,nan,NKS01X00093,Recovered / Fixed,SFP inserted or port restored this week
NKS01001G00,ZTE,C300,,gpon_1/4/12,up,2.4,nan,NKS01X00232,Recovered / Fixed,SFP inserted or port restored this week
NKS01001G00,ZTE,C300,,gpon_1/4/13,up,2.4,nan,NKS01X0008U,Recovered / Fixed,SFP inserted or port restored this week
NKS01001G00,ZTE,C300,,gpon_1/4/14,up,2.4,nan,NKS01X0008V,Recovered / Fixed,SFP inserted or port restored this week
NKS01001G00,ZTE,C300,,gpon_1/4/15,up,2.4,nan,NKS01X00237,Recovered / Fixed,SFP inserted or port restored this week
NKS01001G00,ZTE,C300,,gpon_1/4/16,up,2.4,nan,NKS01X0023C,Recovered / Fixed,SFP inserted or port restored this week
NKS01001G00,ZTE,C300,,gpon_1/4/2,up,2.4,nan,NKS01X00107,Recovered / Fixed,SFP inserted or port restored this week
NKS01001G00,ZTE,C300,,gpon_1/4/3,up,2.4,nan,NKS01X00096,Recovered / Fixed,SFP inserted or port restored this week
NKS01001G00,ZTE,C300,,gpon_1/4/4,up,2.4,nan,NKS01X0009F,Recovered / Fixed,SFP inserted or port restored this week
NKS01001G00,ZTE,C300,,gpon_1/4/5,up,2.4,nan,NKS01O0009K,Recovered / Fixed,SFP inserted or port restored this week
NKS01001G00,ZTE,C300,,gpon_1/4/6,up,2.4,nan,NKS01O0009U,Recovered / Fixed,SFP inserted or port restored this week
NKS01001G00,ZTE,C300,,gpon_1/4/7,up,2.4,nan,NKS01O0009V,Recovered / Fixed,SFP inserted or port restored this week
NKS01001G00,ZTE,C300,,gpon_1/4/8,up,2.4,nan,NKS01O0009Y,Recovered / Fixed,SFP inserted or port restored this week
NKS01001G00,ZTE,C300,,gpon_1/4/9,up,2.4,nan,NKS01X0009G,Recovered / Fixed,SFP inserted or port restored this week
NKS01001G00,ZTE,C300,,gpon_1/5/1,up,2.4,nan,NKS01X0021H,Recovered / Fixed,SFP inserted or port restored this week
NKS01001G00,ZTE,C300,,gpon_1/5/10,up,2.4,nan,NKS01X0012K,Recovered / Fixed,SFP inserted or port restored this week
NKS01001G00,ZTE,C300,,gpon_1/5/11,up,2.4,nan,NKS01X0012P,Recovered / Fixed,SFP inserted or port restored this week
NKS01001G00,ZTE,C300,,gpon_1/5/12,up,2.4,nan,NKS01X0020Z,Recovered / Fixed,SFP inserted or port restored this week
NKS01001G00,ZTE,C300,,gpon_1/5/13,down,2.4,nan,NKS01X0021S,Recovered / Fixed,SFP inserted or port restored this week
NKS01001G00,ZTE,C300,,gpon_1/5/14,up,2.4,nan,NKS01X0021T,Recovered / Fixed,SFP inserted or port restored this week
NKS01001G00,ZTE,C300,,gpon_1/5/15,up,2.4,nan,NKS01O00154,Recovered / Fixed,SFP inserted or port restored this week
NKS01001G00,ZTE,C300,,gpon_1/5/16,up,2.4,nan,NKS01O00159,Recovered / Fixed,SFP inserted or port restored this week
NKS01001G00,ZTE,C300,,gpon_1/5/2,up,2.4,nan,NKS01X0021M,Recovered / Fixed,SFP inserted or port restored this week
NKS01001G00,ZTE,C300,,gpon_1/5/3,up,2.4,nan,NKS01X0023F,Recovered / Fixed,SFP inserted or port restored this week
NKS01001G00,ZTE,C300,,gpon_1/5/4,up,2.4,nan,NKS01X0023I,Recovered / Fixed,SFP inserted or port restored this week
NKS01001G00,ZTE,C300,,gpon_1/5/5,up,2.4,nan,NKS01X0023L,Recovered / Fixed,SFP inserted or port restored this week
NKS01001G00,ZTE,C300,,gpon_1/5/6,up,2.4,nan,NKS01X00124,Recovered / Fixed,SFP inserted or port restored this week
NKS01001G00,ZTE,C300,,gpon_1/5/7,up,2.4,nan,NKS01X00125,Recovered / Fixed,SFP inserted or port restored this week
NKS01001G00,ZTE,C300,,gpon_1/5/8,up,2.4,nan,NKS01X0012A,Recovered / Fixed,SFP inserted or port restored this week
NKS01001G00,ZTE,C300,,gpon_1/5/9,up,2.4,nan,NKS01X0012F,Recovered / Fixed,SFP inserted or port restored this week
NKS01001G00,ZTE,C300,,gpon_1/6/1,up,2.4,nan,NKS01X00008,Recovered / Fixed,SFP inserted or port restored this week
NKS01001G00,ZTE,C300,,gpon_1/6/10,up,2.4,nan,NKS01X00017,Recovered / Fixed,SFP inserted or port restored this week
NKS01001G00,ZTE,C300,,gpon_1/6/11,up,2.4,nan,NKS01X0001H,Recovered / Fixed,SFP inserted or port restored this week
NKS01001G00,ZTE,C300,,gpon_1/6/12,up,2.4,nan,NKS01X0001G,Recovered / Fixed,SFP inserted or port restored this week
NKS01001G00,ZTE,C300,,gpon_1/6/13,up,2.4,nan,NKS01X0001L,Recovered / Fixed,SFP inserted or port restored this week
NKS01001G00,ZTE,C300,,gpon_1/6/15,up,2.4,nan,NKS01X00020,Recovered / Fixed,SFP inserted or port restored this week
NKS01001G00,ZTE,C300,,gpon_1/6/16,up,2.4,nan,NKS01X0001Z,Recovered / Fixed,SFP inserted or port restored this week
NKS01001G00,ZTE,C300,,gpon_1/6/2,up,2.4,nan,NKS01X00007,Recovered / Fixed,SFP inserted or port restored this week
NKS01001G00,ZTE,C300,,gpon_1/6/3,up,2.4,nan,NKS01X0000B,Recovered / Fixed,SFP inserted or port restored this week
NKS01001G00,ZTE,C300,,gpon_1/6/4,up,2.4,nan,NKS01X0000E,Recovered / Fixed,SFP inserted or port restored this week
NKS01001G00,ZTE,C300,,gpon_1/6/5,up,2.4,nan,NKS01X0000J,Recovered / Fixed,SFP inserted or port restored this week
NKS01001G00,ZTE,C300,,gpon_1/6/6,up,2.4,nan,NKS01X0000O,Recovered / Fixed,SFP inserted or port restored this week
NKS01001G00,ZTE,C300,,gpon_1/6/7,up,2.4,nan,NKS01X0000S,Recovered / Fixed,SFP inserted or port restored this week
NKS01001G00,ZTE,C300,,gpon_1/6/8,up,2.4,nan,NKS01X0000X,Recovered / Fixed,SFP inserted or port restored this week
NKS01001G00,ZTE,C300,,gpon_1/6/9,up,2.4,nan,NKS01X00016,Recovered / Fixed,SFP inserted or port restored this week
NKS01001G00,ZTE,C300,,gpon_1/7/1,up,2.4,nan,NKS01X00024,Recovered / Fixed,SFP inserted or port restored this week
NKS01001G00,ZTE,C300,,gpon_1/7/10,up,2.4,nan,NKS01X0024A,Recovered / Fixed,SFP inserted or port restored this week
NKS01001G00,ZTE,C300,,gpon_1/7/11,up,2.4,nan,NKS01X00229,Recovered / Fixed,SFP inserted or port restored this week
NKS01001G00,ZTE,C300,,gpon_1/7/12,up,2.4,nan,NKS01X0022F,Recovered / Fixed,SFP inserted or port restored this week
NKS01001G00,ZTE,C300,,gpon_1/7/13,up,2.4,nan,NKS01X0007R,Recovered / Fixed,SFP inserted or port restored this week
NKS01001G00,ZTE,C300,,gpon_1/7/14,up,2.4,nan,NKS01X0007Q,Recovered / Fixed,SFP inserted or port restored this week
NKS01001G00,ZTE,C300,,gpon_1/7/15,up,2.4,nan,NKS01X0007Y,Recovered / Fixed,SFP inserted or port restored this week
NKS01001G00,ZTE,C300,,gpon_1/7/16,up,2.4,nan,NKS01X0007Z,Recovered / Fixed,SFP inserted or port restored this week
NKS01001G00,ZTE,C300,,gpon_1/7/2,up,2.4,nan,NKS01X00029,Recovered / Fixed,SFP inserted or port restored this week
NKS01001G00,ZTE,C300,,gpon_1/7/3,up,2.4,nan,NKS01X0020P,Recovered / Fixed,SFP inserted or port restored this week
NKS01001G00,ZTE,C300,,gpon_1/7/4,up,2.4,nan,NKS01X0020U,Recovered / Fixed,SFP inserted or port restored this week
NKS01001G00,ZTE,C300,,gpon_1/7/5,up,2.4,nan,NKS01X0021A,Recovered / Fixed,SFP inserted or port restored this week
NKS01001G00,ZTE,C300,,gpon_1/7/6,up,2.4,nan,NKS01X00221,Recovered / Fixed,SFP inserted or port restored this week
NKS01001G00,ZTE,C300,,gpon_1/7/7,up,2.4,nan,NKS01X00222,Recovered / Fixed,SFP inserted or port restored this week
NKS01001G00,ZTE,C300,,gpon_1/7/8,up,2.4,nan,NKS01X00240,Recovered / Fixed,SFP inserted or port restored this week
NKS01001G00,ZTE,C300,,gpon_1/7/9,up,2.4,nan,NKS01X00245,Recovered / Fixed,SFP inserted or port restored this week
NKS01001G00,ZTE,C300,,gpon_1/8/1,up,2.4,nan,NKS01O00130,Recovered / Fixed,SFP inserted or port restored this week
NKS01001G00,ZTE,C300,,gpon_1/8/10,up,2.4,nan,NKS01O00145,Recovered / Fixed,SFP inserted or port restored this week
NKS01001G00,ZTE,C300,,gpon_1/8/11,up,2.4,nan,NKS01O0014A,Recovered / Fixed,SFP inserted or port restored this week
NKS01001G00,ZTE,C300,,gpon_1/8/12,up,2.4,nan,NKS01O0014F,Recovered / Fixed,SFP inserted or port restored this week
NKS01001G00,ZTE,C300,,gpon_1/8/13,up,2.4,nan,NKS01O0014K,Recovered / Fixed,SFP inserted or port restored this week
NKS01001G00,ZTE,C300,,gpon_1/8/14,up,2.4,nan,NKS01O0014P,Recovered / Fixed,SFP inserted or port restored this week
NKS01001G00,ZTE,C300,,gpon_1/8/15,up,2.4,nan,NKS01O0014U,Recovered / Fixed,SFP inserted or port restored this week
NKS01001G00,ZTE,C300,,gpon_1/8/16,up,2.4,nan,NKS01O0014Z,Recovered / Fixed,SFP inserted or port restored this week
NKS01001G00,ZTE,C300,,gpon_1/8/2,up,2.4,nan,NKS01O00135,Recovered / Fixed,SFP inserted or port restored this week
NKS01001G00,ZTE,C300,,gpon_1/8/3,up,2.4,nan,NKS01O0013A,Recovered / Fixed,SFP inserted or port restored this week
NKS01001G00,ZTE,C300,,gpon_1/8/4,up,2.4,nan,NKS01O0013F,Recovered / Fixed,SFP inserted or port restored this week
NKS01001G00,ZTE,C300,,gpon_1/8/5,up,2.4,nan,NKS01O0013K,Recovered / Fixed,SFP inserted or port restored this week
NKS01001G00,ZTE,C300,,gpon_1/8/6,up,2.4,nan,NKS01O0013N,Recovered / Fixed,SFP inserted or port restored this week
NKS01001G00,ZTE,C300,,gpon_1/8/8,up,2.4,nan,NKS01O0013X,Recovered / Fixed,SFP inserted or port restored this week
NKS01001G00,ZTE,C300,,gpon_1/8/9,up,2.4,nan,NKS01O00140,Recovered / Fixed,SFP inserted or port restored this week
NKS01001G00,ZTE,C300,,gpon_1/9/1,up,2.4,nan,NKS01X00186,Recovered / Fixed,SFP inserted or port restored this week
NKS01001G00,ZTE,C300,,gpon_1/9/10,up,2.4,nan,NKS01X0019C,Recovered / Fixed,SFP inserted or port restored this week
NKS01001G00,ZTE,C300,,gpon_1/9/11,up,2.4,nan,NKS01X0019D,Recovered / Fixed,SFP inserted or port restored this week
NKS01001G00,ZTE,C300,,gpon_1/9/12,up,2.4,nan,NKS01X0019K,Recovered / Fixed,SFP inserted or port restored this week
NKS01001G00,ZTE,C300,,gpon_1/9/13,up,2.4,nan,NKS01X0019L,Recovered / Fixed,SFP inserted or port restored this week
NKS01001G00,ZTE,C300,,gpon_1/9/14,up,2.4,nan,NKS01X0019R,Recovered / Fixed,SFP inserted or port restored this week
NKS01001G00,ZTE,C300,,gpon_1/9/15,up,2.4,nan,NKS01X0019S,Recovered / Fixed,SFP inserted or port restored this week
NKS01001G00,ZTE,C300,,gpon_1/9/16,up,2.4,nan,NKS01X0023V,Recovered / Fixed,SFP inserted or port restored this week
NKS01001G00,ZTE,C300,,gpon_1/9/2,up,2.4,nan,NKS01X0018C,Recovered / Fixed,SFP inserted or port restored this week
NKS01001G00,ZTE,C300,,gpon_1/9/3,up,2.4,nan,NKS01X0018D,Recovered / Fixed,SFP inserted or port restored this week
NKS01001G00,ZTE,C300,,gpon_1/9/4,up,2.4,nan,NKS01X0018G,Recovered / Fixed,SFP inserted or port restored this week
NKS01001G00,ZTE,C300,,gpon_1/9/5,up,2.4,nan,NKS01X0018L,Recovered / Fixed,SFP inserted or port restored this week
NKS01001G00,ZTE,C300,,gpon_1/9/6,up,2.4,nan,NKS01X0018Q,Recovered / Fixed,SFP inserted or port restored this week
NKS01001G00,ZTE,C300,,gpon_1/9/8,up,2.4,nan,NKS01X0019A,Recovered / Fixed,SFP inserted or port restored this week
NKS01001G00,ZTE,C300,,gpon_1/9/9,up,2.4,nan,NKS01X0019B,Recovered / Fixed,SFP inserted or port restored this week
NKS01005GO0,ZTE,C320,,gpon_1/2/1,up,2.4,nan,NKS01X2WVWV,Recovered / Fixed,SFP inserted or port restored this week
NKS01005GO0,ZTE,C320,,gpon_1/2/2,up,2.4,nan,NKS01XHPBAA,Recovered / Fixed,SFP inserted or port restored this week
NKS01005GO0,ZTE,C320,,gpon_1/2/3,up,2.4,nan,NKS01X30GO8,Recovered / Fixed,SFP inserted or port restored this week
NKS01016GO0,ZTE,C320,,gpon_1/1/1,up,2.4,nan,NKS01X002A2,Recovered / Fixed,SFP inserted or port restored this week
NKS01016GO0,ZTE,C320,,gpon_1/1/10,up,2.4,nan,NKS01X3IJX7,Recovered / Fixed,SFP inserted or port restored this week
NKS01016GO0,ZTE,C320,,gpon_1/1/11,up,2.4,nan,NKS01X3SW2Z,Recovered / Fixed,SFP inserted or port restored this week
NKS01016GO0,ZTE,C320,,gpon_1/1/12,up,2.4,nan,NKS01X3SW49,Recovered / Fixed,SFP inserted or port restored this week
NKS01016GO0,ZTE,C320,,gpon_1/1/2,up,2.4,nan,NKS01X0029T,Recovered / Fixed,SFP inserted or port restored this week
NKS01016GO0,ZTE,C320,,gpon_1/1/3,up,2.4,nan,NKS01X29HV4,Recovered / Fixed,SFP inserted or port restored this week
NKS01016GO0,ZTE,C320,,gpon_1/1/4,up,2.4,nan,NKS01X2ENUY,Recovered / Fixed,SFP inserted or port restored this week
NKS01016GO0,ZTE,C320,,gpon_1/1/5,up,2.4,nan,NKS01X2FBT6,Recovered / Fixed,SFP inserted or port restored this week
NKS01016GO0,ZTE,C320,,gpon_1/1/6,up,2.4,nan,NKS01X2UJPV,Recovered / Fixed,SFP inserted or port restored this week
NKS01016GO0,ZTE,C320,,gpon_1/1/7,up,2.4,nan,NKS01X2YGRH,Recovered / Fixed,SFP inserted or port restored this week
NKS01016GO0,ZTE,C320,,gpon_1/1/8,up,2.4,nan,NKS01X31L9E,Recovered / Fixed,SFP inserted or port restored this week
NKS01016GO0,ZTE,C320,,gpon_1/1/9,up,2.4,nan,NKS01X3IJWY,Recovered / Fixed,SFP inserted or port restored this week
NKS01016GO0,ZTE,C320,,gpon_1/2/1,up,2.4,nan,NKS01X31JJR,Recovered / Fixed,SFP inserted or port restored this week
NKS01016GO0,ZTE,C320,,gpon_1/2/13,up,2.4,nan,NKS01X3VG7E,Recovered / Fixed,SFP inserted or port restored this week
NKS01016GO0,ZTE,C320,,gpon_1/2/2,up,2.4,nan,NKS01X3BVCM,Recovered / Fixed,SFP inserted or port restored this week
NKS01016GO0,ZTE,C320,,gpon_1/2/3,up,2.4,nan,NKS01X3I80U,Recovered / Fixed,SFP inserted or port restored this week
NKS01016GO0,ZTE,C320,,gpon_1/2/5,up,2.4,nan,NKS01X3BLTN,Recovered / Fixed,SFP inserted or port restored this week
NKS01016GO0,ZTE,C320,,gpon_1/2/6,up,2.4,nan,NKS01X3BLU9,Recovered / Fixed,SFP inserted or port restored this week
NKS01016GO0,ZTE,C320,,gpon_1/2/7,up,2.4,nan,NKS01X3CJKG,Recovered / Fixed,SFP inserted or port restored this week
NKS01016GO0,ZTE,C320,,gpon_1/2/8,up,2.4,nan,NKS01X3CJJ6,Recovered / Fixed,SFP inserted or port restored this week
NKS01030GO0,Fiberhome,AN5516-04,,PON 1/6,up,2.4,nan,NKS01X2S35E,Recovered / Fixed,SFP inserted or port restored this week
NKS01032G00,ZTE,C320,,gpon_1/2/4,up,2.4,nan,NKS01X2QFMN,Recovered / Fixed,SFP inserted or port restored this week
NKS01033G00,ZTE,C320,,gpon_1/1/6,up,2.4,nan,NKS01X2Q624,Recovered / Fixed,SFP inserted or port restored this week
NKS01034G00,ZTE,C320,,gpon_1/1/3,up,2.4,nan,NKS01X2Q5J7,Recovered / Fixed,SFP inserted or port restored this week
NKS02004G00,Fiberhome,AN6001-G16,,PON 1/3,up,2.4,nan,NKS02X2FZOL,Recovered / Fixed,SFP inserted or port restored this week
NKS05001GO0,ZTE,C320,,gpon_1/1/1,up,2.4,nan,NKS05X00009,Recovered / Fixed,SFP inserted or port restored this week
NKS05001GO0,ZTE,C320,,gpon_1/1/10,up,2.4,nan,NKS04X3IJWH,Recovered / Fixed,SFP inserted or port restored this week
NKS05001GO0,ZTE,C320,,gpon_1/1/11,up,2.4,nan,NKS04X3IJWF,Recovered / Fixed,SFP inserted or port restored this week
NKS05001GO0,ZTE,C320,,gpon_1/1/12,up,2.4,nan,NKS04X3IJR7,Recovered / Fixed,SFP inserted or port restored this week
NKS05001GO0,ZTE,C320,,gpon_1/1/2,up,2.4,nan,NKS05X0000I,Recovered / Fixed,SFP inserted or port restored this week
NKS05001GO0,ZTE,C320,,gpon_1/1/3,up,2.4,nan,NKS05X31K0S,Recovered / Fixed,SFP inserted or port restored this week
NKS05001GO0,ZTE,C320,,gpon_1/1/5,up,2.4,nan,NKS05X3E1C8,Recovered / Fixed,SFP inserted or port restored this week
NKS05001GO0,ZTE,C320,,gpon_1/1/6,up,2.4,nan,NKS05X3E1BR,Recovered / Fixed,SFP inserted or port restored this week
NKS05001GO0,ZTE,C320,,gpon_1/1/7,up,2.4,nan,NKS05X3E1AV,Recovered / Fixed,SFP inserted or port restored this week
NKS05001GO0,ZTE,C320,,gpon_1/1/8,up,2.4,nan,NKS05X3E1C9,Recovered / Fixed,SFP inserted or port restored this week
NKS05002G00,ZTE,C320,,gpon_1/1/3,up,2.4,nan,NKS05X2ER6P,Recovered / Fixed,SFP inserted or port restored this week
NKS06005GO0,ZTE,C320,,gpon_1/1/4,up,2.4,nan,NKS23X2ELOI,Recovered / Fixed,SFP inserted or port restored this week
NKS06005GO0,ZTE,C320,,gpon_1/2/1,up,2.4,nan,NKS06X390TG,Recovered / Fixed,SFP inserted or port restored this week
NKS07011GO0,ZTE,C320,,gpon_1/1/1,up,2.4,nan,NKS07X00009,Recovered / Fixed,SFP inserted or port restored this week
NKS07011GO0,ZTE,C320,,gpon_1/1/10,up,2.4,nan,NKS07X3B63F,Recovered / Fixed,SFP inserted or port restored this week
NKS07011GO0,ZTE,C320,,gpon_1/1/11,up,2.4,nan,NKS07X3DWAA,Recovered / Fixed,SFP inserted or port restored this week
NKS07011GO0,ZTE,C320,,gpon_1/1/12,up,2.4,nan,NKS07X3RJSY,Recovered / Fixed,SFP inserted or port restored this week
NKS07011GO0,ZTE,C320,,gpon_1/1/13,up,2.4,nan,NKS07X3RJTC,Recovered / Fixed,SFP inserted or port restored this week
NKS07011GO0,ZTE,C320,,gpon_1/1/14,up,2.4,nan,NKS07X3RJTM,Recovered / Fixed,SFP inserted or port restored this week
NKS07011GO0,ZTE,C320,,gpon_1/1/2,up,2.4,nan,NKS07X0000I,Recovered / Fixed,SFP inserted or port restored this week
NKS07011GO0,ZTE,C320,,gpon_1/1/3,up,2.4,nan,NKS07X0000R,Recovered / Fixed,SFP inserted or port restored this week
NKS07011GO0,ZTE,C320,,gpon_1/1/4,up,2.4,nan,NKS07X00010,Recovered / Fixed,SFP inserted or port restored this week
NKS07011GO0,ZTE,C320,,gpon_1/1/5,up,2.4,nan,NKS07X2UBEQ,Recovered / Fixed,SFP inserted or port restored this week
NKS07011GO0,ZTE,C320,,gpon_1/1/6,up,2.4,nan,NKS07X2UBBD,Recovered / Fixed,SFP inserted or port restored this week
NKS07011GO0,ZTE,C320,,gpon_1/1/7,up,2.4,nan,NKS07X2WOLA,Recovered / Fixed,SFP inserted or port restored this week
NKS07011GO0,ZTE,C320,,gpon_1/1/8,up,2.4,nan,NKS07X31RC4,Recovered / Fixed,SFP inserted or port restored this week
NKS07011GO0,ZTE,C320,,gpon_1/1/9,up,2.4,nan,NKS07X3B3TL,Recovered / Fixed,SFP inserted or port restored this week
NKS08005GO0,ZTE,C320,,gpon_1/1/4,up,2.4,nan,NKS08X2HPKA,Recovered / Fixed,SFP inserted or port restored this week
NKS08005GO0,ZTE,C320,,gpon_1/2/2,up,2.4,nan,NKS08X3S21V,Recovered / Fixed,SFP inserted or port restored this week
NKS08005GO0,ZTE,C320,,gpon_1/2/5,up,2.4,nan,NKS08X3SW22,Recovered / Fixed,SFP inserted or port restored this week
NKS09001G00,ZTE,C300,,gpon_1/2/1,up,2.4,nan,NKS09X00055,Recovered / Fixed,SFP inserted or port restored this week
NKS09001G00,ZTE,C300,,gpon_1/2/10,up,2.4,nan,NKS09X0006D,Recovered / Fixed,SFP inserted or port restored this week
NKS09001G00,ZTE,C300,,gpon_1/2/11,up,2.4,nan,NKS09X0006I,Recovered / Fixed,SFP inserted or port restored this week
NKS09001G00,ZTE,C300,,gpon_1/2/12,up,2.4,nan,NKS09X0006N,Recovered / Fixed,SFP inserted or port restored this week
NKS09001G00,ZTE,C300,,gpon_1/2/13,up,2.4,nan,NKS09X0006X,Recovered / Fixed,SFP inserted or port restored this week
NKS09001G00,ZTE,C300,,gpon_1/2/14,up,2.4,nan,NKS09X00071,Recovered / Fixed,SFP inserted or port restored this week
NKS09001G00,ZTE,C300,,gpon_1/2/15,up,2.4,nan,NKS09X00076,Recovered / Fixed,SFP inserted or port restored this week
NKS09001G00,ZTE,C300,,gpon_1/2/16,up,2.4,nan,NKS09X0007F,Recovered / Fixed,SFP inserted or port restored this week
NKS09001G00,ZTE,C300,,gpon_1/2/2,up,2.4,nan,NKS09X00059,Recovered / Fixed,SFP inserted or port restored this week
NKS09001G00,ZTE,C300,,gpon_1/2/3,up,2.4,nan,NKS09X0005D,Recovered / Fixed,SFP inserted or port restored this week
NKS09001G00,ZTE,C300,,gpon_1/2/4,up,2.4,nan,NKS09X0005H,Recovered / Fixed,SFP inserted or port restored this week
NKS09001G00,ZTE,C300,,gpon_1/2/5,up,2.4,nan,NKS09X0005M,Recovered / Fixed,SFP inserted or port restored this week
NKS09001G00,ZTE,C300,,gpon_1/2/6,up,2.4,nan,NKS09X0005R,Recovered / Fixed,SFP inserted or port restored this week
NKS09001G00,ZTE,C300,,gpon_1/2/7,up,2.4,nan,NKS09X0005W,Recovered / Fixed,SFP inserted or port restored this week
NKS09001G00,ZTE,C300,,gpon_1/2/8,up,2.4,nan,NKS09X00061,Recovered / Fixed,SFP inserted or port restored this week
NKS09001G00,ZTE,C300,,gpon_1/2/9,up,2.4,nan,NKS09X00064,Recovered / Fixed,SFP inserted or port restored this week
NKS09001G00,ZTE,C300,,gpon_1/3/1,up,2.4,nan,NKS09X0007N,Recovered / Fixed,SFP inserted or port restored this week
NKS09001G00,ZTE,C300,,gpon_1/3/10,up,2.4,nan,NKS09X00096,Recovered / Fixed,SFP inserted or port restored this week
NKS09001G00,ZTE,C300,,gpon_1/3/11,up,2.4,nan,NKS09X0009F,Recovered / Fixed,SFP inserted or port restored this week
NKS09001G00,ZTE,C300,,gpon_1/3/12,up,2.4,nan,NKS09X0009J,Recovered / Fixed,SFP inserted or port restored this week
NKS09001G00,ZTE,C300,,gpon_1/3/13,up,2.4,nan,NKS09X0009Q,Recovered / Fixed,SFP inserted or port restored this week
NKS09001G00,ZTE,C300,,gpon_1/3/14,up,2.4,nan,NKS09X00001,Recovered / Fixed,SFP inserted or port restored this week
NKS09001G00,ZTE,C300,,gpon_1/3/15,up,2.4,nan,NKS09X00006,Recovered / Fixed,SFP inserted or port restored this week
NKS09001G00,ZTE,C300,,gpon_1/3/16,up,2.4,nan,NKS09X0000B,Recovered / Fixed,SFP inserted or port restored this week
NKS09001G00,ZTE,C300,,gpon_1/3/2,up,2.4,nan,NKS09X0007X,Recovered / Fixed,SFP inserted or port restored this week
NKS09001G00,ZTE,C300,,gpon_1/3/3,up,2.4,nan,NKS09X00084,Recovered / Fixed,SFP inserted or port restored this week
NKS09001G00,ZTE,C300,,gpon_1/3/4,up,2.4,nan,NKS09X0009T,Recovered / Fixed,SFP inserted or port restored this week
NKS09001G00,ZTE,C300,,gpon_1/3/5,up,2.4,nan,NKS09X00089,Recovered / Fixed,SFP inserted or port restored this week
NKS09001G00,ZTE,C300,,gpon_1/3/6,up,2.4,nan,NKS09X0008H,Recovered / Fixed,SFP inserted or port restored this week
NKS09001G00,ZTE,C300,,gpon_1/3/7,up,2.4,nan,NKS09X0008M,Recovered / Fixed,SFP inserted or port restored this week
NKS09001G00,ZTE,C300,,gpon_1/3/8,up,2.4,nan,NKS09X0008W,Recovered / Fixed,SFP inserted or port restored this week
NKS09001G00,ZTE,C300,,gpon_1/3/9,up,2.4,nan,NKS09X00091,Recovered / Fixed,SFP inserted or port restored this week
NKS09001G00,ZTE,C300,,gpon_1/4/1,up,2.4,nan,NKS09X0000G,Recovered / Fixed,SFP inserted or port restored this week
NKS09001G00,ZTE,C300,,gpon_1/4/10,up,2.4,nan,NKS09X00026,Recovered / Fixed,SFP inserted or port restored this week
NKS09001G00,ZTE,C300,,gpon_1/4/11,up,2.4,nan,NKS09X0002E,Recovered / Fixed,SFP inserted or port restored this week
NKS09001G00,ZTE,C300,,gpon_1/4/12,up,2.4,nan,NKS09X0002J,Recovered / Fixed,SFP inserted or port restored this week
NKS09001G00,ZTE,C300,,gpon_1/4/13,up,2.4,nan,NKS09X0002O,Recovered / Fixed,SFP inserted or port restored this week
NKS09001G00,ZTE,C300,,gpon_1/4/14,up,2.4,nan,NKS09X0002X,Recovered / Fixed,SFP inserted or port restored this week
NKS09001G00,ZTE,C300,,gpon_1/4/15,up,2.4,nan,NKS09X00036,Recovered / Fixed,SFP inserted or port restored this week
NKS09001G00,ZTE,C300,,gpon_1/4/16,up,2.4,nan,NKS09X0003B,Recovered / Fixed,SFP inserted or port restored this week
NKS09001G00,ZTE,C300,,gpon_1/4/2,up,2.4,nan,NKS09X0000O,Recovered / Fixed,SFP inserted or port restored this week
NKS09001G00,ZTE,C300,,gpon_1/4/3,up,2.4,nan,NKS09X0000W,Recovered / Fixed,SFP inserted or port restored this week
NKS09001G00,ZTE,C300,,gpon_1/4/4,up,2.4,nan,NKS09X00013,Recovered / Fixed,SFP inserted or port restored this week
NKS09001G00,ZTE,C300,,gpon_1/4/5,up,2.4,nan,NKS09X00018,Recovered / Fixed,SFP inserted or port restored this week
NKS09001G00,ZTE,C300,,gpon_1/4/6,up,2.4,nan,NKS09X0001C,Recovered / Fixed,SFP inserted or port restored this week
NKS09001G00,ZTE,C300,,gpon_1/4/7,up,2.4,nan,NKS09X0001H,Recovered / Fixed,SFP inserted or port restored this week
NKS09001G00,ZTE,C300,,gpon_1/4/8,up,2.4,nan,NKS09X0001R,Recovered / Fixed,SFP inserted or port restored this week
NKS09001G00,ZTE,C300,,gpon_1/4/9,up,2.4,nan,NKS09X0001W,Recovered / Fixed,SFP inserted or port restored this week
NKS09001G00,ZTE,C300,,gpon_1/5/1,up,2.4,nan,NKS09X0003F,Recovered / Fixed,SFP inserted or port restored this week
NKS09001G00,ZTE,C300,,gpon_1/5/10,up,2.4,nan,NKS09X0004P,Recovered / Fixed,SFP inserted or port restored this week
NKS09001G00,ZTE,C300,,gpon_1/5/11,up,2.4,nan,NKS09X0004T,Recovered / Fixed,SFP inserted or port restored this week
NKS09001G00,ZTE,C300,,gpon_1/5/12,up,2.4,nan,NKS09X0004X,Recovered / Fixed,SFP inserted or port restored this week
NKS09001G00,ZTE,C300,,gpon_1/5/13,up,2.4,nan,NKS09X00051,Recovered / Fixed,SFP inserted or port restored this week
NKS09001G00,ZTE,C300,,gpon_1/5/14,up,2.4,nan,NKS09X0009V,Recovered / Fixed,SFP inserted or port restored this week
NKS09001G00,ZTE,C300,,gpon_1/5/15,up,2.4,nan,NKS09X000A0,Recovered / Fixed,SFP inserted or port restored this week
NKS09001G00,ZTE,C300,,gpon_1/5/16,up,2.4,nan,NKS09X000A4,Recovered / Fixed,SFP inserted or port restored this week
NKS09001G00,ZTE,C300,,gpon_1/5/2,up,2.4,nan,NKS09X0003K,Recovered / Fixed,SFP inserted or port restored this week
NKS09001G00,ZTE,C300,,gpon_1/5/3,up,2.4,nan,NKS09X0003O,Recovered / Fixed,SFP inserted or port restored this week
NKS09001G00,ZTE,C300,,gpon_1/5/4,up,2.4,nan,NKS09X0003R,Recovered / Fixed,SFP inserted or port restored this week
NKS09001G00,ZTE,C300,,gpon_1/5/5,up,2.4,nan,NKS09X0003W,Recovered / Fixed,SFP inserted or port restored this week
NKS09001G00,ZTE,C300,,gpon_1/5/6,up,2.4,nan,NKS09X00041,Recovered / Fixed,SFP inserted or port restored this week
NKS09001G00,ZTE,C300,,gpon_1/5/7,up,2.4,nan,NKS09X0004B,Recovered / Fixed,SFP inserted or port restored this week
NKS09001G00,ZTE,C300,,gpon_1/5/8,up,2.4,nan,NKS09X0004F,Recovered / Fixed,SFP inserted or port restored this week
NKS09001G00,ZTE,C300,,gpon_1/5/9,up,2.4,nan,NKS09X0004K,Recovered / Fixed,SFP inserted or port restored this week
NKS09001G00,ZTE,C300,,gpon_1/6/1,up,2.4,nan,NKS09X000A8,Recovered / Fixed,SFP inserted or port restored this week
NKS09001G00,ZTE,C300,,gpon_1/6/10,up,2.4,nan,NKS09X000BZ,Recovered / Fixed,SFP inserted or port restored this week
NKS09001G00,ZTE,C300,,gpon_1/6/11,up,2.4,nan,NKS09X000C4,Recovered / Fixed,SFP inserted or port restored this week
NKS09001G00,ZTE,C300,,gpon_1/6/12,up,2.4,nan,NKS09X000C7,Recovered / Fixed,SFP inserted or port restored this week
NKS09001G00,ZTE,C300,,gpon_1/6/13,up,2.4,nan,NKS09X000CB,Recovered / Fixed,SFP inserted or port restored this week
NKS09001G00,ZTE,C300,,gpon_1/6/14,up,2.4,nan,NKS09X000CF,Recovered / Fixed,SFP inserted or port restored this week
NKS09001G00,ZTE,C300,,gpon_1/6/15,up,2.4,nan,NKS09X000CK,Recovered / Fixed,SFP inserted or port restored this week
NKS09001G00,ZTE,C300,,gpon_1/6/16,up,2.4,nan,NKS09X000CP,Recovered / Fixed,SFP inserted or port restored this week
NKS09001G00,ZTE,C300,,gpon_1/6/2,up,2.4,nan,NKS09X000AD,Recovered / Fixed,SFP inserted or port restored this week
NKS09001G00,ZTE,C300,,gpon_1/6/3,up,2.4,nan,NKS09X000AI,Recovered / Fixed,SFP inserted or port restored this week
NKS09001G00,ZTE,C300,,gpon_1/6/4,up,2.4,nan,NKS09X000F4,Recovered / Fixed,SFP inserted or port restored this week
NKS09001G00,ZTE,C300,,gpon_1/6/5,up,2.4,nan,NKS09X000B2,Recovered / Fixed,SFP inserted or port restored this week
NKS09001G00,ZTE,C300,,gpon_1/6/6,up,2.4,nan,NKS09X000B7,Recovered / Fixed,SFP inserted or port restored this week
NKS09001G00,ZTE,C300,,gpon_1/6/7,up,2.4,nan,NKS09X000BH,Recovered / Fixed,SFP inserted or port restored this week
NKS09001G00,ZTE,C300,,gpon_1/6/8,up,2.4,nan,NKS09X000BM,Recovered / Fixed,SFP inserted or port restored this week
NKS09001G00,ZTE,C300,,gpon_1/6/9,up,2.4,nan,NKS09X000BV,Recovered / Fixed,SFP inserted or port restored this week
NKS09001G00,ZTE,C300,,gpon_1/7/1,up,2.4,nan,NKS09X000CS,Recovered / Fixed,SFP inserted or port restored this week
NKS09001G00,ZTE,C300,,gpon_1/7/10,up,2.4,nan,NKS09X000DX,Recovered / Fixed,SFP inserted or port restored this week
NKS09001G00,ZTE,C300,,gpon_1/7/11,up,2.4,nan,NKS09X000E0,Recovered / Fixed,SFP inserted or port restored this week
NKS09001G00,ZTE,C300,,gpon_1/7/12,up,2.4,nan,NKS09X000E4,Recovered / Fixed,SFP inserted or port restored this week
NKS09001G00,ZTE,C300,,gpon_1/7/13,up,2.4,nan,NKS09X000E9,Recovered / Fixed,SFP inserted or port restored this week
NKS09001G00,ZTE,C300,,gpon_1/7/14,up,2.4,nan,NKS09X000EE,Recovered / Fixed,SFP inserted or port restored this week
NKS09001G00,ZTE,C300,,gpon_1/7/15,up,2.4,nan,NKS09X000EJ,Recovered / Fixed,SFP inserted or port restored this week
NKS09001G00,ZTE,C300,,gpon_1/7/16,up,2.4,nan,NKS09X000ES,Recovered / Fixed,SFP inserted or port restored this week
NKS09001G00,ZTE,C300,,gpon_1/7/2,up,2.4,nan,NKS09X000CX,Recovered / Fixed,SFP inserted or port restored this week
NKS09001G00,ZTE,C300,,gpon_1/7/3,up,2.4,nan,NKS09X000D0,Recovered / Fixed,SFP inserted or port restored this week
NKS09001G00,ZTE,C300,,gpon_1/7/4,up,2.4,nan,NKS09X000D4,Recovered / Fixed,SFP inserted or port restored this week
NKS09001G00,ZTE,C300,,gpon_1/7/5,up,2.4,nan,NKS09X000D9,Recovered / Fixed,SFP inserted or port restored this week
NKS09001G00,ZTE,C300,,gpon_1/7/6,up,2.4,nan,NKS09X000DC,Recovered / Fixed,SFP inserted or port restored this week
NKS09001G00,ZTE,C300,,gpon_1/7/7,up,2.4,nan,NKS09X000DH,Recovered / Fixed,SFP inserted or port restored this week
NKS09001G00,ZTE,C300,,gpon_1/7/8,up,2.4,nan,NKS09X000DM,Recovered / Fixed,SFP inserted or port restored this week
NKS09001G00,ZTE,C300,,gpon_1/7/9,up,2.4,nan,NKS09X000DP,Recovered / Fixed,SFP inserted or port restored this week
NKS09004GO0,ZTE,C320,,gpon_1/1/1,up,2.4,nan,NKS09X000GD,Recovered / Fixed,SFP inserted or port restored this week
NKS09004GO0,ZTE,C320,,gpon_1/1/10,up,2.4,nan,NKS09X3BSXP,Recovered / Fixed,SFP inserted or port restored this week
NKS09004GO0,ZTE,C320,,gpon_1/1/11,up,2.4,nan,NKS09X3ACXJ,Recovered / Fixed,SFP inserted or port restored this week
NKS09004GO0,ZTE,C320,,gpon_1/1/2,up,2.4,nan,NKS09X000GM,Recovered / Fixed,SFP inserted or port restored this week
NKS09004GO0,ZTE,C320,,gpon_1/1/3,up,2.4,nan,NKS09X2FQMJ,Recovered / Fixed,SFP inserted or port restored this week
NKS09004GO0,ZTE,C320,,gpon_1/1/4,up,2.4,nan,NKS09X2SSY1,Recovered / Fixed,SFP inserted or port restored this week
NKS09004GO0,ZTE,C320,,gpon_1/1/5,up,2.4,nan,NKS09X3BSF3,Recovered / Fixed,SFP inserted or port restored this week
NKS09004GO0,ZTE,C320,,gpon_1/1/6,up,2.4,nan,NKS09X2XLLP,Recovered / Fixed,SFP inserted or port restored this week
NKS09004GO0,ZTE,C320,,gpon_1/1/7,up,2.4,nan,NKS09X30FUU,Recovered / Fixed,SFP inserted or port restored this week
NKS09004GO0,ZTE,C320,,gpon_1/1/8,up,2.4,nan,NKS09X30HIS,Recovered / Fixed,SFP inserted or port restored this week
NKS09004GO0,ZTE,C320,,gpon_1/1/9,up,2.4,nan,NKS09X3BSXO,Recovered / Fixed,SFP inserted or port restored this week
NKS09005GO0,ZTE,C320,,gpon_1/1/1,up,2.4,nan,NKS09X000HD,Recovered / Fixed,SFP inserted or port restored this week
NKS09005GO0,ZTE,C320,,gpon_1/1/10,up,2.4,nan,NKS09X3CHDZ,Recovered / Fixed,SFP inserted or port restored this week
NKS09005GO0,ZTE,C320,,gpon_1/1/2,up,2.4,nan,NKS09X000HM,Recovered / Fixed,SFP inserted or port restored this week
NKS09005GO0,ZTE,C320,,gpon_1/1/3,up,2.4,nan,NKS09X2DPW4,Recovered / Fixed,SFP inserted or port restored this week
NKS09005GO0,ZTE,C320,,gpon_1/1/4,up,2.4,nan,NKS09X325W6,Recovered / Fixed,SFP inserted or port restored this week
NKS09005GO0,ZTE,C320,,gpon_1/1/5,up,2.4,nan,NKS09X2YCIG,Recovered / Fixed,SFP inserted or port restored this week
NKS09005GO0,ZTE,C320,,gpon_1/1/6,up,2.4,nan,NKS09X328B7,Recovered / Fixed,SFP inserted or port restored this week
NKS09005GO0,ZTE,C320,,gpon_1/1/7,up,2.4,nan,NKS09X395O3,Recovered / Fixed,SFP inserted or port restored this week
NKS09005GO0,ZTE,C320,,gpon_1/1/8,up,2.4,nan,NKS09X2VKYT,Recovered / Fixed,SFP inserted or port restored this week
NKS09005GO0,ZTE,C320,,gpon_1/1/9,up,2.4,nan,NKS09X3CHDY,Recovered / Fixed,SFP inserted or port restored this week
NKS11003GO0,ZTE,C320,,gpon_1/1/1,up,2.4,nan,NKS11X00009,Recovered / Fixed,SFP inserted or port restored this week
NKS11003GO0,ZTE,C320,,gpon_1/1/10,up,2.4,nan,NKS11X3C6TL,Recovered / Fixed,SFP inserted or port restored this week
NKS11003GO0,ZTE,C320,,gpon_1/1/11,up,2.4,nan,NKS11X3C6V4,Recovered / Fixed,SFP inserted or port restored this week
NKS11003GO0,ZTE,C320,,gpon_1/1/12,up,2.4,nan,NKS11X3C6V9,Recovered / Fixed,SFP inserted or port restored this week
NKS11003GO0,ZTE,C320,,gpon_1/1/13,up,2.4,nan,NKS11X3C6VE,Recovered / Fixed,SFP inserted or port restored this week
NKS11003GO0,ZTE,C320,,gpon_1/1/14,up,2.4,nan,NKS11X3C6VH,Recovered / Fixed,SFP inserted or port restored this week
NKS11003GO0,ZTE,C320,,gpon_1/1/15,up,2.4,nan,NKS11X3L0PH,Recovered / Fixed,SFP inserted or port restored this week
NKS11003GO0,ZTE,C320,,gpon_1/1/16,up,2.4,nan,NKS11X3L0PI,Recovered / Fixed,SFP inserted or port restored this week
NKS11003GO0,ZTE,C320,,gpon_1/1/2,up,2.4,nan,NKS11X0000I,Recovered / Fixed,SFP inserted or port restored this week
NKS11003GO0,ZTE,C320,,gpon_1/1/3,up,2.4,nan,NKS11X0000R,Recovered / Fixed,SFP inserted or port restored this week
NKS11003GO0,ZTE,C320,,gpon_1/1/4,up,2.4,nan,NKS11X00010,Recovered / Fixed,SFP inserted or port restored this week
NKS11003GO0,ZTE,C320,,gpon_1/1/5,up,2.4,nan,NKS11X2HNYO,Recovered / Fixed,SFP inserted or port restored this week
NKS11003GO0,ZTE,C320,,gpon_1/1/6,up,2.4,nan,NKS11X2M1EN,Recovered / Fixed,SFP inserted or port restored this week
NKS11003GO0,ZTE,C320,,gpon_1/1/7,up,2.4,nan,NKS11X2WJW2,Recovered / Fixed,SFP inserted or port restored this week
NKS11003GO0,ZTE,C320,,gpon_1/1/8,up,2.4,nan,NKS11X2WKLU,Recovered / Fixed,SFP inserted or port restored this week
NKS11003GO0,ZTE,C320,,gpon_1/1/9,up,2.4,nan,NKS11X3C6TK,Recovered / Fixed,SFP inserted or port restored this week
NKS11003GO0,ZTE,C320,,gpon_1/2/1,up,2.4,nan,NKS11X2WKRF,Recovered / Fixed,SFP inserted or port restored this week
NKS11003GO0,ZTE,C320,,gpon_1/2/10,up,2.4,nan,NKS11X3J74Q,Recovered / Fixed,SFP inserted or port restored this week
NKS11003GO0,ZTE,C320,,gpon_1/2/11,up,2.4,nan,NKS11X3L0LP,Recovered / Fixed,SFP inserted or port restored this week
NKS11003GO0,ZTE,C320,,gpon_1/2/12,up,2.4,nan,NKS11X3L0LQ,Recovered / Fixed,SFP inserted or port restored this week
NKS11003GO0,ZTE,C320,,gpon_1/2/2,up,2.4,nan,NKS11X2ZRBO,Recovered / Fixed,SFP inserted or port restored this week
NKS11003GO0,ZTE,C320,,gpon_1/2/3,up,2.4,nan,NKS11X2WBL1,Recovered / Fixed,SFP inserted or port restored this week
NKS11003GO0,ZTE,C320,,gpon_1/2/4,up,2.4,nan,NKS11X31DYL,Recovered / Fixed,SFP inserted or port restored this week
NKS11003GO0,ZTE,C320,,gpon_1/2/5,up,2.4,nan,NKS11X3BUU1,Recovered / Fixed,SFP inserted or port restored this week
NKS11003GO0,ZTE,C320,,gpon_1/2/6,up,2.4,nan,NKS11X3BUU6,Recovered / Fixed,SFP inserted or port restored this week
NKS11003GO0,ZTE,C320,,gpon_1/2/7,up,2.4,nan,NKS11X3C6QD,Recovered / Fixed,SFP inserted or port restored this week
NKS11003GO0,ZTE,C320,,gpon_1/2/8,up,2.4,nan,NKS11X3C6RV,Recovered / Fixed,SFP inserted or port restored this week
NKS11003GO0,ZTE,C320,,gpon_1/2/9,up,2.4,nan,NKS11X3J74P,Recovered / Fixed,SFP inserted or port restored this week
NKS12002GO0,ZTE,C320,,gpon_1/1/1,up,2.4,nan,NKS12X0000R,Recovered / Fixed,SFP inserted or port restored this week
NKS12002GO0,ZTE,C320,,gpon_1/1/10,down,2.4,nan,NKS12X3DHTK,Recovered / Fixed,SFP inserted or port restored this week
NKS12002GO0,ZTE,C320,,gpon_1/1/12,up,2.4,nan,NKS12X3U2JZ,Recovered / Fixed,SFP inserted or port restored this week
NKS12002GO0,ZTE,C320,,gpon_1/1/2,up,2.4,nan,NKS12X00010,Recovered / Fixed,SFP inserted or port restored this week
NKS12002GO0,ZTE,C320,,gpon_1/1/3,up,2.4,nan,NKS12X00019,Recovered / Fixed,SFP inserted or port restored this week
NKS12002GO0,ZTE,C320,,gpon_1/1/4,up,2.4,nan,NKS12X0001I,Recovered / Fixed,SFP inserted or port restored this week
NKS12002GO0,ZTE,C320,,gpon_1/1/5,up,2.4,nan,NKS12X2IMZI,Recovered / Fixed,SFP inserted or port restored this week
NKS12002GO0,ZTE,C320,,gpon_1/1/6,up,2.4,nan,NKS12X2IMZ6,Recovered / Fixed,SFP inserted or port restored this week
NKS12002GO0,ZTE,C320,,gpon_1/1/7,up,2.4,nan,NKS12X2L84K,Recovered / Fixed,SFP inserted or port restored this week
NKS12002GO0,ZTE,C320,,gpon_1/1/8,up,2.4,nan,NKS12X2UH0P,Recovered / Fixed,SFP inserted or port restored this week
NKS12002GO0,ZTE,C320,,gpon_1/1/9,up,2.4,nan,NKS12X3DHTJ,Recovered / Fixed,SFP inserted or port restored this week
NKS12002GO0,ZTE,C320,,gpon_1/2/1,up,2.4,nan,NKS12X2VOEM,Recovered / Fixed,SFP inserted or port restored this week
NKS12002GO0,ZTE,C320,,gpon_1/2/2,up,2.4,nan,NKS12X2VOGT,Recovered / Fixed,SFP inserted or port restored this week
NKS12002GO0,ZTE,C320,,gpon_1/2/3,up,2.4,nan,NKS12X33K8Q,Recovered / Fixed,SFP inserted or port restored this week
NKS12002GO0,ZTE,C320,,gpon_1/2/4,up,2.4,nan,NKS12X374OD,Recovered / Fixed,SFP inserted or port restored this week
NKS12002GO0,ZTE,C320,,gpon_1/2/5,up,2.4,nan,NKS12X3CM3Q,Recovered / Fixed,SFP inserted or port restored this week
NKS12002GO0,ZTE,C320,,gpon_1/2/6,up,2.4,nan,NKS12X39WFC,Recovered / Fixed,SFP inserted or port restored this week
NKS12002GO0,ZTE,C320,,gpon_1/2/7,up,2.4,nan,NKS12X39NVU,Recovered / Fixed,SFP inserted or port restored this week
NKS12002GO0,ZTE,C320,,gpon_1/2/8,up,2.4,nan,NKS12X39NMQ,Recovered / Fixed,SFP inserted or port restored this week
NKS12003GO0,ZTE,C320,,gpon_1/1/1,up,2.4,nan,NKS12X00009,Recovered / Fixed,SFP inserted or port restored this week
NKS12003GO0,ZTE,C320,,gpon_1/1/10,up,2.4,nan,NKS12X3BXFX,Recovered / Fixed,SFP inserted or port restored this week
NKS12003GO0,ZTE,C320,,gpon_1/1/11,up,2.4,nan,NKS12X3BZBA,Recovered / Fixed,SFP inserted or port restored this week
NKS12003GO0,ZTE,C320,,gpon_1/1/12,up,2.4,nan,NKS12X3BZAP,Recovered / Fixed,SFP inserted or port restored this week
NKS12003GO0,ZTE,C320,,gpon_1/1/14,up,2.4,nan,NKS12X3CHZB,Recovered / Fixed,SFP inserted or port restored this week
NKS12003GO0,ZTE,C320,,gpon_1/1/15,up,2.4,nan,NKS12X3CHZC,Recovered / Fixed,SFP inserted or port restored this week
NKS12003GO0,ZTE,C320,,gpon_1/1/16,up,2.4,nan,NKS12X3DP0X,Recovered / Fixed,SFP inserted or port restored this week
NKS12003GO0,ZTE,C320,,gpon_1/1/2,up,2.4,nan,NKS12X0000I,Recovered / Fixed,SFP inserted or port restored this week
NKS12003GO0,ZTE,C320,,gpon_1/1/3,up,2.4,nan,NKS12X2UFR0,Recovered / Fixed,SFP inserted or port restored this week
NKS12003GO0,ZTE,C320,,gpon_1/1/4,up,2.4,nan,NKS12X2WLRH,Recovered / Fixed,SFP inserted or port restored this week
NKS12003GO0,ZTE,C320,,gpon_1/1/5,up,2.4,nan,NKS12X2VSXV,Recovered / Fixed,SFP inserted or port restored this week
NKS12003GO0,ZTE,C320,,gpon_1/1/6,up,2.4,nan,NKS12X39KUJ,Recovered / Fixed,SFP inserted or port restored this week
NKS12003GO0,ZTE,C320,,gpon_1/1/7,up,2.4,nan,NKS12X39KUI,Recovered / Fixed,SFP inserted or port restored this week
NKS12003GO0,ZTE,C320,,gpon_1/1/8,up,2.4,nan,NKS12X39HW2,Recovered / Fixed,SFP inserted or port restored this week
NKS12003GO0,ZTE,C320,,gpon_1/1/9,up,2.4,nan,NKS12X3BXG0,Recovered / Fixed,SFP inserted or port restored this week
NKS13008GO0,ZTE,C320,,gpon_1/2/1,up,2.4,nan,NKS13X3CZQW,Recovered / Fixed,SFP inserted or port restored this week
NKS13008GO0,ZTE,C320,,gpon_1/2/2,up,2.4,nan,NKS13X3R78A,Recovered / Fixed,SFP inserted or port restored this week
NKS14001G00,ZTE,C300,,gpon_1/2/3,up,2.4,nan,NKS14X0000K,Recovered / Fixed,SFP inserted or port restored this week
NKS14001G00,ZTE,C300,,gpon_1/3/5,up,2.4,nan,NKS14X00037,Recovered / Fixed,SFP inserted or port restored this week
NKS14001G00,ZTE,C300,,gpon_1/4/11,up,2.4,nan,NKS14X0005U,Recovered / Fixed,SFP inserted or port restored this week
NKS14002GO0,ZTE,C320,,gpon_1/1/8,up,2.4,nan,NKS14X3R5GM,Recovered / Fixed,SFP inserted or port restored this week
NKS16001GO0,ZTE,C320,,gpon_1/1/1,up,2.4,nan,NKS16X00009,Recovered / Fixed,SFP inserted or port restored this week
NKS16001GO0,ZTE,C320,,gpon_1/1/10,up,2.4,nan,NKS16X39T5M,Recovered / Fixed,SFP inserted or port restored this week
NKS16001GO0,ZTE,C320,,gpon_1/1/11,up,2.4,nan,NKS16X39UH4,Recovered / Fixed,SFP inserted or port restored this week
NKS16001GO0,ZTE,C320,,gpon_1/1/12,up,2.4,nan,NKS16X3BNNI,Recovered / Fixed,SFP inserted or port restored this week
NKS16001GO0,ZTE,C320,,gpon_1/1/13,up,2.4,nan,NKS16X3JGAS,Recovered / Fixed,SFP inserted or port restored this week
NKS16001GO0,ZTE,C320,,gpon_1/1/2,up,2.4,nan,NKS16X0000I,Recovered / Fixed,SFP inserted or port restored this week
NKS16001GO0,ZTE,C320,,gpon_1/1/3,up,2.4,nan,NKS16X2UA1N,Recovered / Fixed,SFP inserted or port restored this week
NKS16001GO0,ZTE,C320,,gpon_1/1/4,up,2.4,nan,NKS16X2UA1H,Recovered / Fixed,SFP inserted or port restored this week
NKS16001GO0,ZTE,C320,,gpon_1/1/5,up,2.4,nan,NKS16X31DZC,Recovered / Fixed,SFP inserted or port restored this week
NKS16001GO0,ZTE,C320,,gpon_1/1/6,up,2.4,nan,NKS16X37FV5,Recovered / Fixed,SFP inserted or port restored this week
NKS16001GO0,ZTE,C320,,gpon_1/1/7,up,2.4,nan,NKS16X37FX8,Recovered / Fixed,SFP inserted or port restored this week
NKS16001GO0,ZTE,C320,,gpon_1/1/8,up,2.4,nan,NKS16X39QRP,Recovered / Fixed,SFP inserted or port restored this week
NKS16001GO0,ZTE,C320,,gpon_1/1/9,up,2.4,nan,NKS16X39RKN,Recovered / Fixed,SFP inserted or port restored this week
NKS20001GO0,ZTE,C320,,gpon_1/2/1,up,2.4,nan,NKS20X39P71,Recovered / Fixed,SFP inserted or port restored this week
NKS20001GO0,ZTE,C320,,gpon_1/2/2,up,2.4,nan,NKS20X3A4A6,Recovered / Fixed,SFP inserted or port restored this week
NKS20001GO0,ZTE,C320,,gpon_1/2/3,up,2.4,nan,NKS20X3DXAB,Recovered / Fixed,SFP inserted or port restored this week
NKS20001GO0,ZTE,C320,,gpon_1/2/4,up,2.4,nan,NKS20X3BJIG,Recovered / Fixed,SFP inserted or port restored this week
NKS20001GO0,ZTE,C320,,gpon_1/2/5,up,2.4,nan,NKS20X3IJN9,Recovered / Fixed,SFP inserted or port restored this week
NKS20001GO0,ZTE,C320,,gpon_1/2/6,up,2.4,nan,NKS20X3RJJQ,Recovered / Fixed,SFP inserted or port restored this week
NKS20004GO0,ZTE,C320,,gpon_1/1/1,up,2.4,nan,NKS20X25S5H,Recovered / Fixed,SFP inserted or port restored this week
NKS20004GO0,ZTE,C320,,gpon_1/1/10,up,2.4,nan,NKS20X3DWTV,Recovered / Fixed,SFP inserted or port restored this week
NKS20004GO0,ZTE,C320,,gpon_1/1/11,up,2.4,nan,NKS20X3R4TA,Recovered / Fixed,SFP inserted or port restored this week
NKS20004GO0,ZTE,C320,,gpon_1/1/12,up,2.4,nan,NKS03X3QVSG,Recovered / Fixed,SFP inserted or port restored this week
NKS20004GO0,ZTE,C320,,gpon_1/1/2,up,2.4,nan,NKS20X25S6G,Recovered / Fixed,SFP inserted or port restored this week
NKS20004GO0,ZTE,C320,,gpon_1/1/3,up,2.4,nan,NKS20X2U6B7,Recovered / Fixed,SFP inserted or port restored this week
NKS20004GO0,ZTE,C320,,gpon_1/1/4,up,2.4,nan,NKS20XHPBAA,Recovered / Fixed,SFP inserted or port restored this week
NKS20004GO0,ZTE,C320,,gpon_1/1/5,up,2.4,nan,NKS20X2WVRR,Recovered / Fixed,SFP inserted or port restored this week
NKS20004GO0,ZTE,C320,,gpon_1/1/6,up,2.4,nan,NKS20X30GOD,Recovered / Fixed,SFP inserted or port restored this week
NKS20004GO0,ZTE,C320,,gpon_1/1/7,up,2.4,nan,NKS20X37E5H,Recovered / Fixed,SFP inserted or port restored this week
NKS20004GO0,ZTE,C320,,gpon_1/1/8,up,2.4,nan,NKS20X37E5J,Recovered / Fixed,SFP inserted or port restored this week
NKS20004GO0,ZTE,C320,,gpon_1/1/9,up,2.4,nan,NKS20X38FSB,Recovered / Fixed,SFP inserted or port restored this week
NKS20005G00,Fiberhome,AN6001-G16,,PON 1/10,up,2.4,nan,NKS20X3C19R,Recovered / Fixed,SFP inserted or port restored this week
NKS20005G00,Fiberhome,AN6001-G16,,PON 1/11,up,2.4,nan,NKS20X3C19P,Recovered / Fixed,SFP inserted or port restored this week
NKS20005G00,Fiberhome,AN6001-G16,,PON 1/12,up,2.4,nan,NKS20X3C1GT,Recovered / Fixed,SFP inserted or port restored this week
NKS20005G00,Fiberhome,AN6001-G16,,PON 1/2,up,2.4,nan,NKS20X25816,Recovered / Fixed,SFP inserted or port restored this week
NKS20005G00,Fiberhome,AN6001-G16,,PON 1/9,up,2.4,nan,NKS20X3C19T,Recovered / Fixed,SFP inserted or port restored this week
NKT01001GO0,ZTE,C320,,gpon_1/2/14,up,2.4,nan,NKT01X000D2,Recovered / Fixed,SFP inserted or port restored this week
NKT01001GO0,ZTE,C320,,gpon_1/2/8,up,2.4,nan,NKT01X000C2,Recovered / Fixed,SFP inserted or port restored this week
NKT01002GO0,ZTE,C320,,gpon_1/1/11,up,2.4,nan,NKT01X0001T,Recovered / Fixed,SFP inserted or port restored this week
NKT01003GO0,ZTE,C320,,gpon_1/1/15,up,2.4,nan,NKT01X2T5WK,Recovered / Fixed,SFP inserted or port restored this week
NKT01003GO0,ZTE,C320,,gpon_1/2/2,up,2.4,nan,NKT01X000CS,Recovered / Fixed,SFP inserted or port restored this week
NKT01005G00,ZTE,C300,,gpon_1/2/4,up,2.4,nan,NKT01X204S2,Recovered / Fixed,SFP inserted or port restored this week
NKT01005G00,ZTE,C300,,gpon_1/4/13,up,2.4,nan,NKT01X2BQXJ,Recovered / Fixed,SFP inserted or port restored this week
NKT01005G00,ZTE,C300,,gpon_1/5/9,up,2.4,nan,NKT01X2PS9P,Recovered / Fixed,SFP inserted or port restored this week
NKT01005G00,ZTE,C300,,gpon_1/6/1,up,2.4,nan,NKT01X2TM2B,Recovered / Fixed,SFP inserted or port restored this week
NKT01005G00,ZTE,C300,,gpon_1/6/10,up,2.4,nan,NKT01X2VFYT,Recovered / Fixed,SFP inserted or port restored this week
NKT01005G00,ZTE,C300,,gpon_1/6/11,up,2.4,nan,NKT01X2X2CS,Recovered / Fixed,SFP inserted or port restored this week
NKT01005G00,ZTE,C300,,gpon_1/6/12,up,2.4,nan,NKT01X2X1TR,Recovered / Fixed,SFP inserted or port restored this week
NKT01005G00,ZTE,C300,,gpon_1/6/13,up,2.4,nan,NKT01X2YWYR,Recovered / Fixed,SFP inserted or port restored this week
NKT01005G00,ZTE,C300,,gpon_1/6/14,up,2.4,nan,NKT01X2YWYV,Recovered / Fixed,SFP inserted or port restored this week
NKT01005G00,ZTE,C300,,gpon_1/6/15,up,2.4,nan,NKT01X2XKZK,Recovered / Fixed,SFP inserted or port restored this week
NKT01005G00,ZTE,C300,,gpon_1/6/16,up,2.4,nan,NKT01X34PK6,Recovered / Fixed,SFP inserted or port restored this week
NKT01005G00,ZTE,C300,,gpon_1/6/4,up,2.4,nan,NKT01X2ZV8Z,Recovered / Fixed,SFP inserted or port restored this week
NKT01005G00,ZTE,C300,,gpon_1/6/5,up,2.4,nan,NKT01X2VV1W,Recovered / Fixed,SFP inserted or port restored this week
NKT01005G00,ZTE,C300,,gpon_1/6/6,up,2.4,nan,NKT01X2VC3S,Recovered / Fixed,SFP inserted or port restored this week
NKT01005G00,ZTE,C300,,gpon_1/6/7,up,2.4,nan,NKT01X2VFRX,Recovered / Fixed,SFP inserted or port restored this week
NKT01005G00,ZTE,C300,,gpon_1/6/8,up,2.4,nan,NKT01X2VV6M,Recovered / Fixed,SFP inserted or port restored this week
NKT01005G00,ZTE,C300,,gpon_1/6/9,up,2.4,nan,NKT01X2VUMG,Recovered / Fixed,SFP inserted or port restored this week
NKT01005G00,ZTE,C300,,gpon_1/7/1,up,2.4,nan,NKT01X3GABJ,Recovered / Fixed,SFP inserted or port restored this week
NKT01005G00,ZTE,C300,,gpon_1/7/10,up,2.4,nan,NKT01X3IX1W,Recovered / Fixed,SFP inserted or port restored this week
NKT01005G00,ZTE,C300,,gpon_1/7/11,up,2.4,nan,NKT01X3IW4M,Recovered / Fixed,SFP inserted or port restored this week
NKT01005G00,ZTE,C300,,gpon_1/7/13,up,2.4,nan,NKT01X3IX4I,Recovered / Fixed,SFP inserted or port restored this week
NKT01005G00,ZTE,C300,,gpon_1/7/14,up,2.4,nan,NKT01X3IX7E,Recovered / Fixed,SFP inserted or port restored this week
NKT01005G00,ZTE,C300,,gpon_1/7/15,up,2.4,nan,NKT01X3IX1P,Recovered / Fixed,SFP inserted or port restored this week
NKT01005G00,ZTE,C300,,gpon_1/7/16,up,2.4,nan,NKT01X3LA90,Recovered / Fixed,SFP inserted or port restored this week
NKT01005G00,ZTE,C300,,gpon_1/7/4,up,2.4,nan,NKT01X3GTI8,Recovered / Fixed,SFP inserted or port restored this week
NKT01005G00,ZTE,C300,,gpon_1/7/6,up,2.4,nan,NKT01X3I1G4,Recovered / Fixed,SFP inserted or port restored this week
NKT01005G00,ZTE,C300,,gpon_1/7/7,up,2.4,nan,NKT01X3I1NV,Recovered / Fixed,SFP inserted or port restored this week
NKT01005G00,ZTE,C300,,gpon_1/7/8,up,2.4,nan,NKT01X3I1YB,Recovered / Fixed,SFP inserted or port restored this week
NKT01005G00,ZTE,C300,,gpon_1/7/9,up,2.4,nan,NKT01X3IFOX,Recovered / Fixed,SFP inserted or port restored this week
NKT01005G00,ZTE,C300,,gpon_1/8/10,up,2.4,nan,NKT01X3JPO5,Recovered / Fixed,SFP inserted or port restored this week
NKT01005G00,ZTE,C300,,gpon_1/8/11,up,2.4,nan,NKT01X3K1F9,Recovered / Fixed,SFP inserted or port restored this week
NKT01005G00,ZTE,C300,,gpon_1/8/12,up,2.4,nan,NKT01X3JPPN,Recovered / Fixed,SFP inserted or port restored this week
NKT01005G00,ZTE,C300,,gpon_1/8/13,up,2.4,nan,NKT01X3JPOM,Recovered / Fixed,SFP inserted or port restored this week
NKT01005G00,ZTE,C300,,gpon_1/8/14,up,2.4,nan,NKT01X3JZL0,Recovered / Fixed,SFP inserted or port restored this week
NKT01005G00,ZTE,C300,,gpon_1/8/15,up,2.4,nan,NKT01X3JZJ9,Recovered / Fixed,SFP inserted or port restored this week
NKT01005G00,ZTE,C300,,gpon_1/8/16,up,2.4,nan,NKT01X3K1FL,Recovered / Fixed,SFP inserted or port restored this week
NKT01005G00,ZTE,C300,,gpon_1/8/2,up,2.4,nan,NKT01X3J2P5,Recovered / Fixed,SFP inserted or port restored this week
NKT01005G00,ZTE,C300,,gpon_1/8/3,up,2.4,nan,NKT01X3J2P6,Recovered / Fixed,SFP inserted or port restored this week
NKT01005G00,ZTE,C300,,gpon_1/8/4,up,2.4,nan,NKT01X3JPS4,Recovered / Fixed,SFP inserted or port restored this week
NKT01005G00,ZTE,C300,,gpon_1/8/5,up,2.4,nan,NKT01X3JR2L,Recovered / Fixed,SFP inserted or port restored this week
NKT01005G00,ZTE,C300,,gpon_1/8/6,up,2.4,nan,NKT01X3K2JI,Recovered / Fixed,SFP inserted or port restored this week
NKT01005G00,ZTE,C300,,gpon_1/8/7,up,2.4,nan,NKT01X3JPR8,Recovered / Fixed,SFP inserted or port restored this week
NKT01005G00,ZTE,C300,,gpon_1/8/9,up,2.4,nan,NKT01X3RBZT,Recovered / Fixed,SFP inserted or port restored this week
NKT01073GO0,ZTE,C320,,gpon_1/2/1,up,2.4,nan,NKT01X3PF9K,Recovered / Fixed,SFP inserted or port restored this week
NKT01073GO0,ZTE,C320,,gpon_1/2/2,down,2.4,nan,NKT01X3PF9L,Recovered / Fixed,SFP inserted or port restored this week
NKT01073GO0,ZTE,C320,,gpon_1/2/3,up,2.4,nan,NKT01X3PF9V,Recovered / Fixed,SFP inserted or port restored this week
NKT01073GO0,ZTE,C320,,gpon_1/2/4,up,2.4,nan,NKT01X3QYOX,Recovered / Fixed,SFP inserted or port restored this week
NKT01074GO0,ZTE,C320,,gpon_1/1/1,up,2.4,nan,NKT01X28Y5Q,Recovered / Fixed,SFP inserted or port restored this week
NKT01080GO0,ZTE,C320,,gpon_1/1/3,up,2.4,nan,NKT01X3K6PJ,Recovered / Fixed,SFP inserted or port restored this week
NKT01084GO0,Fiberhome,AN5516-04,,PON 2/3,up,2.4,nan,NKT01X2ZPBK,Recovered / Fixed,SFP inserted or port restored this week
NKT01086GO0,ZTE,C320,,gpon_1/2/3,up,2.4,nan,NKT01X3538W,Recovered / Fixed,SFP inserted or port restored this week
NKT02017GO0,ZTE,C320,,gpon_1/2/1,up,2.4,nan,NKT02X2WI01,Recovered / Fixed,SFP inserted or port restored this week
NKT02017GO0,ZTE,C320,,gpon_1/2/2,up,2.4,nan,NKT02X32RP7,Recovered / Fixed,SFP inserted or port restored this week
NKT02017GO0,ZTE,C320,,gpon_1/2/3,up,2.4,nan,NKT02X39LZA,Recovered / Fixed,SFP inserted or port restored this week
NKT02017GO0,ZTE,C320,,gpon_1/2/4,up,2.4,nan,NKT02X3FC35,Recovered / Fixed,SFP inserted or port restored this week
NKT02017GO0,ZTE,C320,,gpon_1/2/5,up,2.4,nan,NKT02X3SDPH,Recovered / Fixed,SFP inserted or port restored this week
NKT03001G00,ZTE,C300,,gpon_1/3/5,up,2.4,nan,NKT03X0002O,Recovered / Fixed,SFP inserted or port restored this week
NKT03001G00,ZTE,C300,,gpon_1/3/6,up,2.4,nan,NKT03X0002T,Recovered / Fixed,SFP inserted or port restored this week
NKT03001G00,ZTE,C300,,gpon_1/5/1,up,2.4,nan,NKT03X000C6,Recovered / Fixed,SFP inserted or port restored this week
NKT03001G00,ZTE,C300,,gpon_1/5/5,up,2.4,nan,NKT03X000CZ,Recovered / Fixed,SFP inserted or port restored this week
NKT03001G00,ZTE,C300,,gpon_1/5/9,up,2.4,nan,NKT03X000EB,Recovered / Fixed,SFP inserted or port restored this week
NKT03001G00,ZTE,C300,,gpon_1/6/10,up,2.4,nan,NKT01X000VD,Recovered / Fixed,SFP inserted or port restored this week
NKT03001G00,ZTE,C300,,gpon_1/6/11,up,2.4,nan,NKT01X000VI,Recovered / Fixed,SFP inserted or port restored this week
NKT03001G00,ZTE,C300,,gpon_1/6/14,up,2.4,nan,NKT01X000V3,Recovered / Fixed,SFP inserted or port restored this week
NKT03001G00,ZTE,C300,,gpon_1/7/1,up,2.4,nan,NKT01X000U7,Recovered / Fixed,SFP inserted or port restored this week
NKT03001G00,ZTE,C300,,gpon_1/7/10,up,2.4,nan,NKT03X000FK,Recovered / Fixed,SFP inserted or port restored this week
NKT03001G00,ZTE,C300,,gpon_1/7/11,up,2.4,nan,NKT03X000FO,Recovered / Fixed,SFP inserted or port restored this week
NKT03001G00,ZTE,C300,,gpon_1/7/12,up,2.4,nan,NKT03X000FS,Recovered / Fixed,SFP inserted or port restored this week
NKT03001G00,ZTE,C300,,gpon_1/7/13,up,2.4,nan,NKT03X2EWMO,Recovered / Fixed,SFP inserted or port restored this week
NKT03001G00,ZTE,C300,,gpon_1/7/15,up,2.4,nan,NKT03X2EWQ8,Recovered / Fixed,SFP inserted or port restored this week
NKT03001G00,ZTE,C300,,gpon_1/7/16,up,2.4,nan,NKT03X2EWQJ,Recovered / Fixed,SFP inserted or port restored this week
NKT03001G00,ZTE,C300,,gpon_1/7/2,up,2.4,nan,NKT01X000U3,Recovered / Fixed,SFP inserted or port restored this week
NKT03001G00,ZTE,C300,,gpon_1/7/3,up,2.4,nan,NKT03X000E3,Recovered / Fixed,SFP inserted or port restored this week
NKT03001G00,ZTE,C300,,gpon_1/7/5,up,2.4,nan,NKT03X000DX,Recovered / Fixed,SFP inserted or port restored this week
NKT03001G00,ZTE,C300,,gpon_1/7/6,up,2.4,nan,NKT03X000DU,Recovered / Fixed,SFP inserted or port restored this week
NKT03001G00,ZTE,C300,,gpon_1/7/9,up,2.4,nan,NKT01X000VR,Recovered / Fixed,SFP inserted or port restored this week
NKT03001G00,ZTE,C300,,gpon_1/8/1,up,2.4,nan,NKT03X2TWTG,Recovered / Fixed,SFP inserted or port restored this week
NKT03001G00,ZTE,C300,,gpon_1/8/2,up,2.4,nan,NKT03X2VTPR,Recovered / Fixed,SFP inserted or port restored this week
NKT03001G00,ZTE,C300,,gpon_1/8/3,up,2.4,nan,NKT01X366PX,Recovered / Fixed,SFP inserted or port restored this week
NKT03001G00,ZTE,C300,,gpon_1/8/4,up,2.4,nan,NKT01X2YNNF,Recovered / Fixed,SFP inserted or port restored this week
NKT03001G00,ZTE,C300,,gpon_1/8/5,up,2.4,nan,NKT01X2YNNK,Recovered / Fixed,SFP inserted or port restored this week
NKT03001G00,ZTE,C300,,gpon_1/8/7,up,2.4,nan,NKT01X320QY,Recovered / Fixed,SFP inserted or port restored this week
NKT03001G00,ZTE,C300,,gpon_1/8/8,up,2.4,nan,NKT01X38GA1,Recovered / Fixed,SFP inserted or port restored this week
NKT03001G00,ZTE,C300,,gpon_1/8/9,up,2.4,nan,NKT03X3C9Z2,Recovered / Fixed,SFP inserted or port restored this week
NKT03002GO0,ZTE,C320,,gpon_1/1/15,up,2.4,nan,NKT07X0000A,Recovered / Fixed,SFP inserted or port restored this week
NKT03003G00,ZTE,C320,,gpon_1/1/1,up,2.4,nan,NKT03X1YJI0,Recovered / Fixed,SFP inserted or port restored this week
NKT03003G00,ZTE,C320,,gpon_1/1/8,up,2.4,nan,NKT03X1000O,Recovered / Fixed,SFP inserted or port restored this week
NKT03027GO0,ZTE,C320,,gpon_1/1/4,up,2.4,nan,NKT03X3AAMM,Recovered / Fixed,SFP inserted or port restored this week
NKT04001GO0,ZTE,C320,,gpon_1/1/3,up,2.4,nan,NKT04X0000D,Recovered / Fixed,SFP inserted or port restored this week
NKT04001GO0,ZTE,C320,,gpon_1/1/6,up,2.4,nan,NKT04X0000R,Recovered / Fixed,SFP inserted or port restored this week
NKT05001GO0,ZTE,C320,,gpon_1/1/12,up,2.4,nan,NKT05X0000Z,Recovered / Fixed,SFP inserted or port restored this week
NKT05001GO0,ZTE,C320,,gpon_1/1/13,up,2.4,nan,NKT05X0000H,Recovered / Fixed,SFP inserted or port restored this week
NKT05001GO0,ZTE,C320,,gpon_1/1/16,up,2.4,nan,NKT05X00004,Recovered / Fixed,SFP inserted or port restored this week
NKT05001GO0,ZTE,C320,,gpon_1/1/7,up,2.4,nan,NKT05X0001M,Recovered / Fixed,SFP inserted or port restored this week
NKT05001GO0,ZTE,C320,,gpon_1/2/12,up,2.4,nan,NKT05X2DQH7,Recovered / Fixed,SFP inserted or port restored this week
NKT05001GO0,ZTE,C320,,gpon_1/2/15,up,2.4,nan,NKT05X3G8ZX,Recovered / Fixed,SFP inserted or port restored this week
NKT05001GO0,ZTE,C320,,gpon_1/2/16,up,2.4,nan,NKT05X3LTO4,Recovered / Fixed,SFP inserted or port restored this week
NKT06002G00,ZTE,C300,,gpon_1/2/1,up,2.4,nan,NKT06O00010,Recovered / Fixed,SFP inserted or port restored this week
NKT06002G00,ZTE,C300,,gpon_1/2/10,up,2.4,nan,SMK02X2H0W3,Recovered / Fixed,SFP inserted or port restored this week
NKT06002G00,ZTE,C300,,gpon_1/2/11,up,2.4,nan,NKT06X2PNXY,Recovered / Fixed,SFP inserted or port restored this week
NKT06002G00,ZTE,C300,,gpon_1/2/12,up,2.4,nan,NKT06O0001G,Recovered / Fixed,SFP inserted or port restored this week
NKT06002G00,ZTE,C300,,gpon_1/2/13,up,2.4,nan,NKT06O0001K,Recovered / Fixed,SFP inserted or port restored this week
NKT06002G00,ZTE,C300,,gpon_1/2/14,up,2.4,nan,NKT06O0002P,Recovered / Fixed,SFP inserted or port restored this week
NKT06002G00,ZTE,C300,,gpon_1/2/15,up,2.4,nan,NKT06O0002S,Recovered / Fixed,SFP inserted or port restored this week
NKT06002G00,ZTE,C300,,gpon_1/2/16,up,2.4,nan,NKT06O0001O,Recovered / Fixed,SFP inserted or port restored this week
NKT06002G00,ZTE,C300,,gpon_1/2/2,up,2.4,nan,NKT06O00014,Recovered / Fixed,SFP inserted or port restored this week
NKT06002G00,ZTE,C300,,gpon_1/2/3,up,2.4,nan,NKT06O00018,Recovered / Fixed,SFP inserted or port restored this week
NKT06002G00,ZTE,C300,,gpon_1/2/4,up,2.4,nan,NKT06O0001C,Recovered / Fixed,SFP inserted or port restored this week
NKT06002G00,ZTE,C300,,gpon_1/2/5,up,2.4,nan,NKT06X1PD01,Recovered / Fixed,SFP inserted or port restored this week
NKT06002G00,ZTE,C300,,gpon_1/2/6,up,2.4,nan,NKT06X1P5ZA,Recovered / Fixed,SFP inserted or port restored this week
NKT06002G00,ZTE,C300,,gpon_1/2/7,up,2.4,nan,NKT06X1P5ZF,Recovered / Fixed,SFP inserted or port restored this week
NKT06002G00,ZTE,C300,,gpon_1/2/8,up,2.4,nan,NKT06X1PD70,Recovered / Fixed,SFP inserted or port restored this week
NKT06002G00,ZTE,C300,,gpon_1/2/9,up,2.4,nan,SMK02X2H0WF,Recovered / Fixed,SFP inserted or port restored this week
NKT06002G00,ZTE,C300,,gpon_1/3/1,up,2.4,nan,NKT06X2JH8N,Recovered / Fixed,SFP inserted or port restored this week
NKT06002G00,ZTE,C300,,gpon_1/3/10,up,2.4,nan,NKT06X0012V,Recovered / Fixed,SFP inserted or port restored this week
NKT06002G00,ZTE,C300,,gpon_1/3/11,up,2.4,nan,NKT06X00039,Recovered / Fixed,SFP inserted or port restored this week
NKT06002G00,ZTE,C300,,gpon_1/3/12,up,2.4,nan,NKT06X0003F,Recovered / Fixed,SFP inserted or port restored this week
NKT06002G00,ZTE,C300,,gpon_1/3/13,up,2.4,nan,NKT06X2PNXF,Recovered / Fixed,SFP inserted or port restored this week
NKT06002G00,ZTE,C300,,gpon_1/3/14,up,2.4,nan,NKT06X2PNWT,Recovered / Fixed,SFP inserted or port restored this week
NKT06002G00,ZTE,C300,,gpon_1/3/15,up,2.4,nan,NKT06X2PNWY,Recovered / Fixed,SFP inserted or port restored this week
NKT06002G00,ZTE,C300,,gpon_1/3/16,up,2.4,nan,NKT06X2PNXS,Recovered / Fixed,SFP inserted or port restored this week
NKT06002G00,ZTE,C300,,gpon_1/3/2,up,2.4,nan,NKT06X2PNGV,Recovered / Fixed,SFP inserted or port restored this week
NKT06002G00,ZTE,C300,,gpon_1/3/3,up,2.4,nan,NKT06X2PNH5,Recovered / Fixed,SFP inserted or port restored this week
NKT06002G00,ZTE,C300,,gpon_1/3/4,up,2.4,nan,NKT06X2PNHF,Recovered / Fixed,SFP inserted or port restored this week
NKT06002G00,ZTE,C300,,gpon_1/3/5,up,2.4,nan,NKT06X2PNHT,Recovered / Fixed,SFP inserted or port restored this week
NKT06002G00,ZTE,C300,,gpon_1/3/6,up,2.4,nan,NKT06X2PNI9,Recovered / Fixed,SFP inserted or port restored this week
NKT06002G00,ZTE,C300,,gpon_1/3/7,up,2.4,nan,NKT06X2QYJF,Recovered / Fixed,SFP inserted or port restored this week
NKT06002G00,ZTE,C300,,gpon_1/3/8,up,2.4,nan,NKT06X0012X,Recovered / Fixed,SFP inserted or port restored this week
NKT06002G00,ZTE,C300,,gpon_1/3/9,up,2.4,nan,NKT06X0012W,Recovered / Fixed,SFP inserted or port restored this week
NKT06002G00,ZTE,C300,,gpon_1/4/1,up,2.4,nan,NKT06X2VU10,Recovered / Fixed,SFP inserted or port restored this week
NKT06002G00,ZTE,C300,,gpon_1/4/14,up,2.4,nan,NKT06X3HVSU,Recovered / Fixed,SFP inserted or port restored this week
NKT06002G00,ZTE,C300,,gpon_1/4/15,up,2.4,nan,NKT06X3HVSV,Recovered / Fixed,SFP inserted or port restored this week
NKT06002G00,ZTE,C300,,gpon_1/4/2,up,2.4,nan,NKT06X2VU0V,Recovered / Fixed,SFP inserted or port restored this week
NKT06002G00,ZTE,C300,,gpon_1/4/3,up,2.4,nan,NKT06X30Y0T,Recovered / Fixed,SFP inserted or port restored this week
NKT06002G00,ZTE,C300,,gpon_1/4/4,up,2.4,nan,NKT06X32U0M,Recovered / Fixed,SFP inserted or port restored this week
NKT06002G00,ZTE,C300,,gpon_1/4/5,up,2.4,nan,NKT06X35J4P,Recovered / Fixed,SFP inserted or port restored this week
NKT06002G00,ZTE,C300,,gpon_1/5/1,up,2.4,nan,NKT06X3959J,Recovered / Fixed,SFP inserted or port restored this week
NKT06002G00,ZTE,C300,,gpon_1/5/10,up,2.4,nan,NKT06X395C0,Recovered / Fixed,SFP inserted or port restored this week
NKT06002G00,ZTE,C300,,gpon_1/5/11,up,2.4,nan,NKT06X395BP,Recovered / Fixed,SFP inserted or port restored this week
NKT06002G00,ZTE,C300,,gpon_1/5/12,up,2.4,nan,NKT06X3B0XA,Recovered / Fixed,SFP inserted or port restored this week
NKT06002G00,ZTE,C300,,gpon_1/5/13,up,2.4,nan,NKT06X3G2XR,Recovered / Fixed,SFP inserted or port restored this week
NKT06002G00,ZTE,C300,,gpon_1/5/14,up,2.4,nan,NKT06X3Q5X1,Recovered / Fixed,SFP inserted or port restored this week
NKT06002G00,ZTE,C300,,gpon_1/5/2,up,2.4,nan,NKT06X3959S,Recovered / Fixed,SFP inserted or port restored this week
NKT06002G00,ZTE,C300,,gpon_1/5/3,up,2.4,nan,NKT06X395A1,Recovered / Fixed,SFP inserted or port restored this week
NKT06002G00,ZTE,C300,,gpon_1/5/4,up,2.4,nan,NKT06X395A8,Recovered / Fixed,SFP inserted or port restored this week
NKT06002G00,ZTE,C300,,gpon_1/5/5,up,2.4,nan,NKT06X395AH,Recovered / Fixed,SFP inserted or port restored this week
NKT06002G00,ZTE,C300,,gpon_1/5/6,up,2.4,nan,NKT06X395AQ,Recovered / Fixed,SFP inserted or port restored this week
NKT06002G00,ZTE,C300,,gpon_1/5/7,up,2.4,nan,NKT06X395AZ,Recovered / Fixed,SFP inserted or port restored this week
NKT06002G00,ZTE,C300,,gpon_1/5/8,up,2.4,nan,NKT06X395B8,Recovered / Fixed,SFP inserted or port restored this week
NKT06002G00,ZTE,C300,,gpon_1/5/9,up,2.4,nan,NKT06X395BI,Recovered / Fixed,SFP inserted or port restored this week
NKT06003GO0,ZTE,C320,,gpon_1/2/2,up,2.4,nan,NKT06X00079,Recovered / Fixed,SFP inserted or port restored this week
NKT06008GO0,ZTE,C320,,gpon_1/2/9,up,2.4,nan,NKT06X1ZTEK,Recovered / Fixed,SFP inserted or port restored this week
NKT06025G00,ZTE,C320,,gpon_1/1/2,up,2.4,nan,NKT06X24S8Z,Recovered / Fixed,SFP inserted or port restored this week
NKT06025G00,ZTE,C320,,gpon_1/1/3,up,2.4,nan,NKT06X24SB5,Recovered / Fixed,SFP inserted or port restored this week
NKT06025G00,ZTE,C320,,gpon_1/1/8,up,2.4,nan,NKT06X2NO0U,Recovered / Fixed,SFP inserted or port restored this week
NKT06035GO0,ZTE,C320,,gpon_1/1/3,up,2.4,nan,NKT06X2EOKJ,Recovered / Fixed,SFP inserted or port restored this week
NKT06035GO0,ZTE,C320,,gpon_1/1/5,up,2.4,nan,NKT06X2T32A,Recovered / Fixed,SFP inserted or port restored this week
NKT06037GO0,ZTE,C320,,gpon_1/1/1,up,2.4,nan,NKT06X224LQ,Recovered / Fixed,SFP inserted or port restored this week
NKT06047GO0,ZTE,C320,,gpon_1/1/8,up,2.4,nan,NKT06X2PMW7,Recovered / Fixed,SFP inserted or port restored this week
NKT06047GO0,ZTE,C320,,gpon_1/2/1,up,2.4,nan,NKT06X38NQ5,Recovered / Fixed,SFP inserted or port restored this week
NKT06047GO0,ZTE,C320,,gpon_1/2/2,up,2.4,nan,NKT06X38MS8,Recovered / Fixed,SFP inserted or port restored this week
NKT06047GO0,ZTE,C320,,gpon_1/2/3,up,2.4,nan,NKT06X38R2X,Recovered / Fixed,SFP inserted or port restored this week
NKT06047GO0,ZTE,C320,,gpon_1/2/4,up,2.4,nan,NKT06X38R7O,Recovered / Fixed,SFP inserted or port restored this week
NKT06047GO0,ZTE,C320,,gpon_1/2/5,up,2.4,nan,NKT06X393ZG,Recovered / Fixed,SFP inserted or port restored this week
NKT06047GO0,ZTE,C320,,gpon_1/2/6,up,2.4,nan,NKT06X3I0GM,Recovered / Fixed,SFP inserted or port restored this week
NKT06048GO0,ZTE,C320,,gpon_1/1/7,up,2.4,nan,SMK02X2XA56,Recovered / Fixed,SFP inserted or port restored this week
NKT06048GO0,ZTE,C320,,gpon_1/2/1,up,2.4,nan,NKT06X3ECRN,Recovered / Fixed,SFP inserted or port restored this week
NKT06048GO0,ZTE,C320,,gpon_1/2/2,up,2.4,nan,NKT06X3FN50,Recovered / Fixed,SFP inserted or port restored this week
NKT06048GO0,ZTE,C320,,gpon_1/2/3,up,2.4,nan,NKT06X3FSB7,Recovered / Fixed,SFP inserted or port restored this week
NKT06048GO0,ZTE,C320,,gpon_1/2/4,up,2.4,nan,NKT06X3FXCG,Recovered / Fixed,SFP inserted or port restored this week
NKT06048GO0,ZTE,C320,,gpon_1/2/5,up,2.4,nan,NKT06X3HXJ7,Recovered / Fixed,SFP inserted or port restored this week
NKT06049GO0,ZTE,C320,,gpon_1/1/1,up,2.4,nan,NKT06X2RHKI,Recovered / Fixed,SFP inserted or port restored this week
NKT06049GO0,ZTE,C320,,gpon_1/1/2,up,2.4,nan,NKT06X2RG5J,Recovered / Fixed,SFP inserted or port restored this week
NKT06049GO0,ZTE,C320,,gpon_1/1/3,up,2.4,nan,NKT06X2RGGD,Recovered / Fixed,SFP inserted or port restored this week
NKT06049GO0,ZTE,C320,,gpon_1/1/4,up,2.4,nan,NKT06X2RGGI,Recovered / Fixed,SFP inserted or port restored this week
NKT06049GO0,ZTE,C320,,gpon_1/1/5,up,2.4,nan,NKT06X2TPWC,Recovered / Fixed,SFP inserted or port restored this week
NKT06049GO0,ZTE,C320,,gpon_1/1/6,up,2.4,nan,NKT06X2TPWL,Recovered / Fixed,SFP inserted or port restored this week
NKT06049GO0,ZTE,C320,,gpon_1/1/7,up,2.4,nan,NKT06X3ED5S,Recovered / Fixed,SFP inserted or port restored this week
NKT07002GO0,ZTE,C320,,gpon_1/1/10,up,2.4,nan,NKT07X0001Y,Recovered / Fixed,SFP inserted or port restored this week
NKT07002GO0,ZTE,C320,,gpon_1/1/8,up,2.4,nan,NKT07X0002S,Recovered / Fixed,SFP inserted or port restored this week
NKT07002GO0,ZTE,C320,,gpon_1/2/11,up,2.4,nan,NKT07X00052,Recovered / Fixed,SFP inserted or port restored this week
NKT07002GO0,ZTE,C320,,gpon_1/2/13,up,2.4,nan,NKT07X00044,Recovered / Fixed,SFP inserted or port restored this week
NKT07002GO0,ZTE,C320,,gpon_1/2/6,up,2.4,nan,NKT07X0004E,Recovered / Fixed,SFP inserted or port restored this week
NKT07003GO0,ZTE,C320,,gpon_1/2/4,up,2.4,nan,NKT07X20LB0,Recovered / Fixed,SFP inserted or port restored this week
NKW01055GO0,Fiberhome,AN5516-04,,PON 2/4,up,2.4,nan,NKW06X32SVO,Recovered / Fixed,SFP inserted or port restored this week
NKW01056GO0,Fiberhome,AN5516-04,,PON 1/4,up,2.4,nan,NKW01X322C1,Recovered / Fixed,SFP inserted or port restored this week
NRT01001G00,ZTE,C300,,gpon_1/3/1,up,2.4,nan,NRT01X00020,Recovered / Fixed,SFP inserted or port restored this week
NRT01001G00,ZTE,C300,,gpon_1/3/10,up,2.4,nan,NRT01X0001E,Recovered / Fixed,SFP inserted or port restored this week
NRT01001G00,ZTE,C300,,gpon_1/3/11,up,2.4,nan,NRT01X00016,Recovered / Fixed,SFP inserted or port restored this week
NRT01001G00,ZTE,C300,,gpon_1/3/12,up,2.4,nan,NRT01X00022,Recovered / Fixed,SFP inserted or port restored this week
NRT01001G00,ZTE,C300,,gpon_1/3/13,up,2.4,nan,NRT01X00024,Recovered / Fixed,SFP inserted or port restored this week
NRT01001G00,ZTE,C300,,gpon_1/3/14,up,2.4,nan,NRT01X00028,Recovered / Fixed,SFP inserted or port restored this week
NRT01001G00,ZTE,C300,,gpon_1/3/15,up,2.4,nan,NRT01X0002B,Recovered / Fixed,SFP inserted or port restored this week
NRT01001G00,ZTE,C300,,gpon_1/3/16,up,2.4,nan,NRT01X0003U,Recovered / Fixed,SFP inserted or port restored this week
NRT01001G00,ZTE,C300,,gpon_1/3/2,up,2.4,nan,NRT01X0000D,Recovered / Fixed,SFP inserted or port restored this week
NRT01001G00,ZTE,C300,,gpon_1/3/3,up,2.4,nan,NRT01X0000A,Recovered / Fixed,SFP inserted or port restored this week
NRT01001G00,ZTE,C300,,gpon_1/3/4,up,2.4,nan,NRT01X00005,Recovered / Fixed,SFP inserted or port restored this week
NRT01001G00,ZTE,C300,,gpon_1/3/5,up,2.4,nan,NRT01X0001F,Recovered / Fixed,SFP inserted or port restored this week
NRT01001G00,ZTE,C300,,gpon_1/3/6,up,2.4,nan,NRT01X00011,Recovered / Fixed,SFP inserted or port restored this week
NRT01001G00,ZTE,C300,,gpon_1/3/7,up,2.4,nan,NRT01X0000W,Recovered / Fixed,SFP inserted or port restored this week
NRT01001G00,ZTE,C300,,gpon_1/3/8,up,2.4,nan,NRT01X0001I,Recovered / Fixed,SFP inserted or port restored this week
NRT01001G00,ZTE,C300,,gpon_1/3/9,up,2.4,nan,NRT01X0001N,Recovered / Fixed,SFP inserted or port restored this week
NRT01001G00,ZTE,C300,,gpon_1/6/1,up,2.4,nan,NRT01X376YD,Recovered / Fixed,SFP inserted or port restored this week
NRT01001G00,ZTE,C300,,gpon_1/6/10,up,2.4,nan,NRT01X3ORBT,Recovered / Fixed,SFP inserted or port restored this week
NRT01001G00,ZTE,C300,,gpon_1/6/11,up,2.4,nan,NRT01X3IJVO,Recovered / Fixed,SFP inserted or port restored this week
NRT01001G00,ZTE,C300,,gpon_1/6/12,up,2.4,nan,NRT01X3ORBS,Recovered / Fixed,SFP inserted or port restored this week
NRT01001G00,ZTE,C300,,gpon_1/6/14,up,2.4,nan,NRT01X3ORBU,Recovered / Fixed,SFP inserted or port restored this week
NRT01001G00,ZTE,C300,,gpon_1/6/15,up,2.4,nan,NRT01X3ORBX,Recovered / Fixed,SFP inserted or port restored this week
NRT01001G00,ZTE,C300,,gpon_1/6/16,up,2.4,nan,NRT01X3PS5L,Recovered / Fixed,SFP inserted or port restored this week
NRT01001G00,ZTE,C300,,gpon_1/6/2,up,2.4,nan,NRT01X36S1J,Recovered / Fixed,SFP inserted or port restored this week
NRT01001G00,ZTE,C300,,gpon_1/6/3,up,2.4,nan,NRT01XHPBAA,Recovered / Fixed,SFP inserted or port restored this week
NRT01001G00,ZTE,C300,,gpon_1/6/5,up,2.4,nan,NRT01X36XVF,Recovered / Fixed,SFP inserted or port restored this week
NRT01001G00,ZTE,C300,,gpon_1/6/6,up,2.4,nan,NRT01X3BM2S,Recovered / Fixed,SFP inserted or port restored this week
NRT01001G00,ZTE,C300,,gpon_1/6/7,up,2.4,nan,NRT01X3IE98,Recovered / Fixed,SFP inserted or port restored this week
NRT01001G00,ZTE,C300,,gpon_1/6/8,up,2.4,nan,NRT01X3IE99,Recovered / Fixed,SFP inserted or port restored this week
NRT01001G00,ZTE,C300,,gpon_1/6/9,up,2.4,nan,NRT01X3IJEZ,Recovered / Fixed,SFP inserted or port restored this week
NRT12001GO0,ZTE,C320,,gpon_1/2/1,up,2.4,nan,NRT05X3PSDI,Recovered / Fixed,SFP inserted or port restored this week
NTB01001G00,ZTE,C300,,gpon_1/16/1,up,2.4,nan,NTB01X1Q4KZ,Recovered / Fixed,SFP inserted or port restored this week
NTB01001G00,ZTE,C300,,gpon_1/16/11,up,2.4,nan,NTB06X2MBXO,Recovered / Fixed,SFP inserted or port restored this week
NTB01001G00,ZTE,C300,,gpon_1/4/16,up,2.4,nan,BKK41X0605D,Recovered / Fixed,SFP inserted or port restored this week
NTB01001G01,ZTE,C300,,gpon_1/19/8,up,2.4,nan,NTB06X28RKH,Recovered / Fixed,SFP inserted or port restored this week
NTB01001G01,ZTE,C300,,gpon_1/2/11,up,2.4,nan,NTB06X1DK9A,Recovered / Fixed,SFP inserted or port restored this week
NTB01001G01,ZTE,C300,,gpon_1/2/8,up,2.4,nan,NTB06X1DK8Q,Recovered / Fixed,SFP inserted or port restored this week
NTB01001G01,ZTE,C300,,gpon_1/3/12,up,2.4,nan,NTB01X19MEU,Recovered / Fixed,SFP inserted or port restored this week
NTB01001G01,ZTE,C300,,gpon_1/4/6,up,2.4,nan,NTB01X19LOE,Recovered / Fixed,SFP inserted or port restored this week
NTB01001G01,ZTE,C300,,gpon_1/8/11,up,2.4,nan,BKK30X168MR,Recovered / Fixed,SFP inserted or port restored this week
NTB01004G00,ZTE,C300,,gpon_1/12/1,up,2.4,nan,NTB01X1AL9Y,Recovered / Fixed,SFP inserted or port restored this week
NTB01004G00,ZTE,C300,,gpon_1/12/10,up,2.4,nan,NTB01X1JEVU,Recovered / Fixed,SFP inserted or port restored this week
NTB01004G00,ZTE,C300,,gpon_1/12/11,up,2.4,nan,NTB01X1ALF5,Recovered / Fixed,SFP inserted or port restored this week
NTB01004G00,ZTE,C300,,gpon_1/12/12,up,2.4,nan,NTB01X1ALF7,Recovered / Fixed,SFP inserted or port restored this week
NTB01004G00,ZTE,C300,,gpon_1/12/14,up,2.4,nan,NTB01X1ALHA,Recovered / Fixed,SFP inserted or port restored this week
NTB01004G00,ZTE,C300,,gpon_1/12/15,up,2.4,nan,NTB01X1JEWB,Recovered / Fixed,SFP inserted or port restored this week
NTB01004G00,ZTE,C300,,gpon_1/12/16,up,2.4,nan,NTB01X1ALJA,Recovered / Fixed,SFP inserted or port restored this week
NTB01004G00,ZTE,C300,,gpon_1/12/2,up,2.4,nan,NTB01X1JETW,Recovered / Fixed,SFP inserted or port restored this week
NTB01004G00,ZTE,C300,,gpon_1/12/4,up,2.4,nan,NTB01X1ALC8,Recovered / Fixed,SFP inserted or port restored this week
NTB01004G00,ZTE,C300,,gpon_1/12/5,up,2.4,nan,NTB01X1ALCZ,Recovered / Fixed,SFP inserted or port restored this week
NTB01004G00,ZTE,C300,,gpon_1/12/6,up,2.4,nan,NTB01X1ALD2,Recovered / Fixed,SFP inserted or port restored this week
NTB01004G00,ZTE,C300,,gpon_1/12/7,up,2.4,nan,NTB01X1ALD8,Recovered / Fixed,SFP inserted or port restored this week
NTB01004G00,ZTE,C300,,gpon_1/12/8,up,2.4,nan,NTB01X1ALDA,Recovered / Fixed,SFP inserted or port restored this week
NTB01004G00,ZTE,C300,,gpon_1/12/9,up,2.4,nan,NTB01X1JEVR,Recovered / Fixed,SFP inserted or port restored this week
NTB01004G00,ZTE,C300,,gpon_1/13/1,up,2.4,nan,NTB01X1ALJC,Recovered / Fixed,SFP inserted or port restored this week
NTB01004G00,ZTE,C300,,gpon_1/13/11,up,2.4,nan,NTB01X1ALOQ,Recovered / Fixed,SFP inserted or port restored this week
NTB01004G00,ZTE,C300,,gpon_1/13/12,up,2.4,nan,NTB01X1JEYC,Recovered / Fixed,SFP inserted or port restored this week
NTB01004G00,ZTE,C300,,gpon_1/13/14,up,2.4,nan,NTB01X1JEY5,Recovered / Fixed,SFP inserted or port restored this week
NTB01004G00,ZTE,C300,,gpon_1/13/15,up,2.4,nan,NTB01X1ALQO,Recovered / Fixed,SFP inserted or port restored this week
NTB01004G00,ZTE,C300,,gpon_1/13/16,up,2.4,nan,NTB01X1ALQR,Recovered / Fixed,SFP inserted or port restored this week
NTB01004G00,ZTE,C300,,gpon_1/13/2,up,2.4,nan,NTB01X1ALJY,Recovered / Fixed,SFP inserted or port restored this week
NTB01004G00,ZTE,C300,,gpon_1/13/3,up,2.4,nan,NTB01X1JEKD,Recovered / Fixed,SFP inserted or port restored this week
NTB01004G00,ZTE,C300,,gpon_1/13/4,up,2.4,nan,NTB01X1JEJX,Recovered / Fixed,SFP inserted or port restored this week
NTB01004G00,ZTE,C300,,gpon_1/13/5,up,2.4,nan,NTB01X1JEJY,Recovered / Fixed,SFP inserted or port restored this week
NTB01004G00,ZTE,C300,,gpon_1/13/6,up,2.4,nan,NTB01X1JEK2,Recovered / Fixed,SFP inserted or port restored this week
NTB01004G00,ZTE,C300,,gpon_1/13/7,up,2.4,nan,NTB01X1JEK4,Recovered / Fixed,SFP inserted or port restored this week
NTB01004G00,ZTE,C300,,gpon_1/13/8,up,2.4,nan,NTB01X1ALM4,Recovered / Fixed,SFP inserted or port restored this week
NTB01004G00,ZTE,C300,,gpon_1/13/9,up,2.4,nan,NTB01X1ALN4,Recovered / Fixed,SFP inserted or port restored this week
NTB01004G00,ZTE,C300,,gpon_1/17/1,up,2.4,nan,NTB01X2BISL,Recovered / Fixed,SFP inserted or port restored this week
NTB01004G00,ZTE,C300,,gpon_1/18/1,up,2.4,nan,NTB01X2HQCP,Recovered / Fixed,SFP inserted or port restored this week
NTB01004G00,ZTE,C300,,gpon_1/18/2,up,2.4,nan,NTB01X2HQCN,Recovered / Fixed,SFP inserted or port restored this week
NTB01004G00,ZTE,C300,,gpon_1/18/3,up,2.4,nan,NTB01X2HQCO,Recovered / Fixed,SFP inserted or port restored this week
NTB01004G00,ZTE,C300,,gpon_1/18/4,up,2.4,nan,NTB01X2L1RI,Recovered / Fixed,SFP inserted or port restored this week
NTB01004G00,ZTE,C300,,gpon_1/18/5,up,2.4,nan,NTB01X2L1T8,Recovered / Fixed,SFP inserted or port restored this week
NTB01004G00,ZTE,C300,,gpon_1/18/7,up,2.4,nan,NTB01X2L1UV,Recovered / Fixed,SFP inserted or port restored this week
NTB01004G00,ZTE,C300,,gpon_1/18/8,up,2.4,nan,NTB01X2L1VO,Recovered / Fixed,SFP inserted or port restored this week
NTB01004G00,ZTE,C300,,gpon_1/18/9,up,2.4,nan,NTB01X2L1VP,Recovered / Fixed,SFP inserted or port restored this week
NTB01004G00,ZTE,C300,,gpon_1/19/5,up,2.4,nan,NTB01X2L10T,Recovered / Fixed,SFP inserted or port restored this week
NTB01004G00,ZTE,C300,,gpon_1/4/8,up,2.4,nan,NTB01X1D84S,Recovered / Fixed,SFP inserted or port restored this week
NTB01004G00,ZTE,C300,,gpon_1/6/1,up,2.4,nan,NTB01X1JCXM,Recovered / Fixed,SFP inserted or port restored this week
NTB01004G00,ZTE,C300,,gpon_1/6/10,up,2.4,nan,NTB01X1JD1C,Recovered / Fixed,SFP inserted or port restored this week
NTB01004G00,ZTE,C300,,gpon_1/6/11,up,2.4,nan,NTB01X1JD1D,Recovered / Fixed,SFP inserted or port restored this week
NTB01004G00,ZTE,C300,,gpon_1/6/12,up,2.4,nan,NTB01X1JD1V,Recovered / Fixed,SFP inserted or port restored this week
NTB01004G00,ZTE,C300,,gpon_1/6/13,up,2.4,nan,NTB01X1JD1W,Recovered / Fixed,SFP inserted or port restored this week
NTB01004G00,ZTE,C300,,gpon_1/6/14,up,2.4,nan,NTB01X1JD27,Recovered / Fixed,SFP inserted or port restored this week
NTB01004G00,ZTE,C300,,gpon_1/6/15,up,2.4,nan,NTB01X1JD2G,Recovered / Fixed,SFP inserted or port restored this week
NTB01004G00,ZTE,C300,,gpon_1/6/16,up,2.4,nan,NTB01X1JD28,Recovered / Fixed,SFP inserted or port restored this week
NTB01004G00,ZTE,C300,,gpon_1/6/2,up,2.4,nan,NTB01X1JCY7,Recovered / Fixed,SFP inserted or port restored this week
NTB01004G00,ZTE,C300,,gpon_1/6/3,up,2.4,nan,NTB01X1JCY8,Recovered / Fixed,SFP inserted or port restored this week
NTB01004G00,ZTE,C300,,gpon_1/6/5,up,2.4,nan,NTB01X1JCYI,Recovered / Fixed,SFP inserted or port restored this week
NTB01004G00,ZTE,C300,,gpon_1/6/6,up,2.4,nan,NTB01X1JCYR,Recovered / Fixed,SFP inserted or port restored this week
NTB01004G00,ZTE,C300,,gpon_1/6/7,up,2.4,nan,NTB01X1JCYT,Recovered / Fixed,SFP inserted or port restored this week
NTB01004G00,ZTE,C300,,gpon_1/6/8,up,2.4,nan,NTB01X1JCZ5,Recovered / Fixed,SFP inserted or port restored this week
NTB01004G00,ZTE,C300,,gpon_1/6/9,up,2.4,nan,NTB01X1JCZ6,Recovered / Fixed,SFP inserted or port restored this week
NTB01004G00,ZTE,C300,,gpon_1/7/1,up,2.4,nan,NTB01X1JD2Y,Recovered / Fixed,SFP inserted or port restored this week
NTB01004G00,ZTE,C300,,gpon_1/7/11,up,2.4,nan,NTB01X1A52E,Recovered / Fixed,SFP inserted or port restored this week
NTB01004G00,ZTE,C300,,gpon_1/7/13,up,2.4,nan,NTB01X1A522,Recovered / Fixed,SFP inserted or port restored this week
NTB01004G00,ZTE,C300,,gpon_1/7/14,up,2.4,nan,NTB01X1JP5E,Recovered / Fixed,SFP inserted or port restored this week
NTB01004G00,ZTE,C300,,gpon_1/7/16,up,2.4,nan,NTB01X1A5GG,Recovered / Fixed,SFP inserted or port restored this week
NTB01004G00,ZTE,C300,,gpon_1/7/2,up,2.4,nan,NTB01X1JD2Z,Recovered / Fixed,SFP inserted or port restored this week
NTB01004G00,ZTE,C300,,gpon_1/7/3,up,2.4,nan,NTB01X1JD37,Recovered / Fixed,SFP inserted or port restored this week
NTB01004G00,ZTE,C300,,gpon_1/7/4,up,2.4,nan,NTB01X1JD38,Recovered / Fixed,SFP inserted or port restored this week
NTB01004G00,ZTE,C300,,gpon_1/7/5,up,2.4,nan,NTB01X1JCWR,Recovered / Fixed,SFP inserted or port restored this week
NTB01004G00,ZTE,C300,,gpon_1/7/6,up,2.4,nan,NTB01X1A4TJ,Recovered / Fixed,SFP inserted or port restored this week
NTB01004G00,ZTE,C300,,gpon_1/7/8,up,2.4,nan,NTB01X1A4VN,Recovered / Fixed,SFP inserted or port restored this week
NTB01004G00,ZTE,C300,,gpon_1/7/9,up,2.4,nan,NTB01X1A4W6,Recovered / Fixed,SFP inserted or port restored this week
NTB01004G00,ZTE,C300,,gpon_1/8/1,up,2.4,nan,NTB01X1JP64,Recovered / Fixed,SFP inserted or port restored this week
NTB01004G00,ZTE,C300,,gpon_1/8/10,up,2.4,nan,NTB01X1A5TS,Recovered / Fixed,SFP inserted or port restored this week
NTB01004G00,ZTE,C300,,gpon_1/8/11,up,2.4,nan,NTB01X1A5TX,Recovered / Fixed,SFP inserted or port restored this week
NTB01004G00,ZTE,C300,,gpon_1/8/13,up,2.4,nan,NTB01X1A5O1,Recovered / Fixed,SFP inserted or port restored this week
NTB01004G00,ZTE,C300,,gpon_1/8/14,up,2.4,nan,NTB01X1A5O5,Recovered / Fixed,SFP inserted or port restored this week
NTB01004G00,ZTE,C300,,gpon_1/8/15,up,2.4,nan,NTB01X1A5MH,Recovered / Fixed,SFP inserted or port restored this week
NTB01004G00,ZTE,C300,,gpon_1/8/16,up,2.4,nan,NTB01X1A5MK,Recovered / Fixed,SFP inserted or port restored this week
NTB01004G00,ZTE,C300,,gpon_1/8/2,down,2.4,nan,NTB01X1JP65,Recovered / Fixed,SFP inserted or port restored this week
NTB01004G00,ZTE,C300,,gpon_1/8/3,up,2.4,nan,NTB01X1A62Z,Recovered / Fixed,SFP inserted or port restored this week
NTB01004G00,ZTE,C300,,gpon_1/8/4,up,2.4,nan,NTB01X1A631,Recovered / Fixed,SFP inserted or port restored this week
NTB01004G00,ZTE,C300,,gpon_1/8/5,up,2.4,nan,NTB01X1JP6H,Recovered / Fixed,SFP inserted or port restored this week
NTB01004G00,ZTE,C300,,gpon_1/8/7,up,2.4,nan,NTB01X1A60Y,Recovered / Fixed,SFP inserted or port restored this week
NTB01004G00,ZTE,C300,,gpon_1/8/8,up,2.4,nan,NTB01X1A5XB,Recovered / Fixed,SFP inserted or port restored this week
NTB01004G00,ZTE,C300,,gpon_1/8/9,up,2.4,nan,NTB01X1A5XF,Recovered / Fixed,SFP inserted or port restored this week
NTB01004G00,ZTE,C300,,gpon_1/9/1,up,2.4,nan,NTB01X1A5AD,Recovered / Fixed,SFP inserted or port restored this week
NTB01004G00,ZTE,C300,,gpon_1/9/10,up,2.4,nan,NTB01X1JF3Z,Recovered / Fixed,SFP inserted or port restored this week
NTB01004G00,ZTE,C300,,gpon_1/9/11,down,2.4,nan,NTB01X1AL82,Recovered / Fixed,SFP inserted or port restored this week
NTB01004G00,ZTE,C300,,gpon_1/9/12,up,2.4,nan,NTB01X1AL83,Recovered / Fixed,SFP inserted or port restored this week
NTB01004G00,ZTE,C300,,gpon_1/9/13,up,2.4,nan,NTB01X1AL8Z,Recovered / Fixed,SFP inserted or port restored this week
NTB01004G00,ZTE,C300,,gpon_1/9/14,up,2.4,nan,NTB01X1AL91,Recovered / Fixed,SFP inserted or port restored this week
NTB01004G00,ZTE,C300,,gpon_1/9/15,up,2.4,nan,NTB01X1AL9J,Recovered / Fixed,SFP inserted or port restored this week
NTB01004G00,ZTE,C300,,gpon_1/9/16,up,2.4,nan,NTB01X1AL9W,Recovered / Fixed,SFP inserted or port restored this week
NTB01004G00,ZTE,C300,,gpon_1/9/2,up,2.4,nan,NTB01X1A5AG,Recovered / Fixed,SFP inserted or port restored this week
NTB01004G00,ZTE,C300,,gpon_1/9/3,up,2.4,nan,NTB01X1A5F9,Recovered / Fixed,SFP inserted or port restored this week
NTB01004G00,ZTE,C300,,gpon_1/9/4,up,2.4,nan,NTB01X1JP5I,Recovered / Fixed,SFP inserted or port restored this week
NTB01004G00,ZTE,C300,,gpon_1/9/5,up,2.4,nan,NTB01X1P232,Recovered / Fixed,SFP inserted or port restored this week
NTB01004G00,ZTE,C300,,gpon_1/9/6,up,2.4,nan,NTB01X1JELT,Recovered / Fixed,SFP inserted or port restored this week
NTB01004G00,ZTE,C300,,gpon_1/9/7,up,2.4,nan,NTB01X1AL7C,Recovered / Fixed,SFP inserted or port restored this week
NTB01004G00,ZTE,C300,,gpon_1/9/8,up,2.4,nan,NTB01X1AL7D,Recovered / Fixed,SFP inserted or port restored this week
NTB01004G00,ZTE,C300,,gpon_1/9/9,up,2.4,nan,NTB01X1AL7M,Recovered / Fixed,SFP inserted or port restored this week
NTB01004G01,ZTE,C300,,gpon_1/2/7,up,2.4,nan,NTB01X1EI8O,Recovered / Fixed,SFP inserted or port restored this week
NTB01004G01,ZTE,C300,,gpon_1/2/9,up,2.4,nan,NTB01X1EIA5,Recovered / Fixed,SFP inserted or port restored this week
NTB01004G01,ZTE,C300,,gpon_1/4/1,up,2.4,nan,NTB01X1E6N6,Recovered / Fixed,SFP inserted or port restored this week
NTB01004G01,ZTE,C300,,gpon_1/8/1,up,2.4,nan,NTB01X3TNVF,Recovered / Fixed,SFP inserted or port restored this week
NTB01004G01,ZTE,C300,,gpon_1/8/2,up,2.4,nan,NTB01X3S5FX,Recovered / Fixed,SFP inserted or port restored this week
NTB01004G01,ZTE,C300,,gpon_1/8/3,up,2.4,nan,NTB01X3S5GA,Recovered / Fixed,SFP inserted or port restored this week
NTB01004G01,ZTE,C300,,gpon_1/8/4,up,2.4,nan,NTB01X3U82G,Recovered / Fixed,SFP inserted or port restored this week
NTB01005G00,ZTE,C300,,gpon_1/13/1,up,2.4,nan,NTB01X19N4B,Recovered / Fixed,SFP inserted or port restored this week
NTB01005G00,ZTE,C300,,gpon_1/13/13,up,2.4,nan,NTB01X19MQM,Recovered / Fixed,SFP inserted or port restored this week
NTB01005G00,ZTE,C300,,gpon_1/13/14,up,2.4,nan,NTB01X19MQC,Recovered / Fixed,SFP inserted or port restored this week
NTB01005G00,ZTE,C300,,gpon_1/13/15,up,2.4,nan,NTB01X19MQ7,Recovered / Fixed,SFP inserted or port restored this week
NTB01005G00,ZTE,C300,,gpon_1/13/16,up,2.4,nan,NTB01X19MPU,Recovered / Fixed,SFP inserted or port restored this week
NTB01005G00,ZTE,C300,,gpon_1/13/5,up,2.4,nan,NTB01X19N3G,Recovered / Fixed,SFP inserted or port restored this week
NTB01005G00,ZTE,C300,,gpon_1/13/6,up,2.4,nan,NTB01X19N3D,Recovered / Fixed,SFP inserted or port restored this week
NTB01005G00,ZTE,C300,,gpon_1/13/7,up,2.4,nan,NTB01X19N3B,Recovered / Fixed,SFP inserted or port restored this week
NTB01005G00,ZTE,C300,,gpon_1/13/8,up,2.4,nan,NTB01X19N3C,Recovered / Fixed,SFP inserted or port restored this week
NTB01005G00,ZTE,C300,,gpon_1/13/9,up,2.4,nan,NTB01X19N3A,Recovered / Fixed,SFP inserted or port restored this week
NTB01005G00,ZTE,C300,,gpon_1/14/1,up,2.4,nan,NTB01X19MPR,Recovered / Fixed,SFP inserted or port restored this week
NTB01005G00,ZTE,C300,,gpon_1/14/10,up,2.4,nan,NTB01X19MMT,Recovered / Fixed,SFP inserted or port restored this week
NTB01005G00,ZTE,C300,,gpon_1/14/11,up,2.4,nan,NTB01X19MMV,Recovered / Fixed,SFP inserted or port restored this week
NTB01005G00,ZTE,C300,,gpon_1/14/12,up,2.4,nan,NTB01X19ML6,Recovered / Fixed,SFP inserted or port restored this week
NTB01005G00,ZTE,C300,,gpon_1/14/13,up,2.4,nan,NTB01X19ML0,Recovered / Fixed,SFP inserted or port restored this week
NTB01005G00,ZTE,C300,,gpon_1/14/14,up,2.4,nan,NTB01X19MNG,Recovered / Fixed,SFP inserted or port restored this week
NTB01005G00,ZTE,C300,,gpon_1/14/15,up,2.4,nan,NTB01X19MNB,Recovered / Fixed,SFP inserted or port restored this week
NTB01005G00,ZTE,C300,,gpon_1/14/16,up,2.4,nan,NTB01X19N51,Recovered / Fixed,SFP inserted or port restored this week
NTB01005G00,ZTE,C300,,gpon_1/14/2,up,2.4,nan,NTB01X19MPA,Recovered / Fixed,SFP inserted or port restored this week
NTB01005G00,ZTE,C300,,gpon_1/14/3,up,2.4,nan,NTB01X19MPH,Recovered / Fixed,SFP inserted or port restored this week
NTB01005G00,ZTE,C300,,gpon_1/14/4,up,2.4,nan,NTB01X19MOM,Recovered / Fixed,SFP inserted or port restored this week
NTB01005G00,ZTE,C300,,gpon_1/14/5,up,2.4,nan,NTB01X19MOK,Recovered / Fixed,SFP inserted or port restored this week
NTB01005G00,ZTE,C300,,gpon_1/14/6,up,2.4,nan,NTB01X19MO2,Recovered / Fixed,SFP inserted or port restored this week
NTB01005G00,ZTE,C300,,gpon_1/14/7,up,2.4,nan,NTB01X19MO5,Recovered / Fixed,SFP inserted or port restored this week
NTB01005G00,ZTE,C300,,gpon_1/14/8,up,2.4,nan,NTB01X19MNM,Recovered / Fixed,SFP inserted or port restored this week
NTB01005G00,ZTE,C300,,gpon_1/14/9,up,2.4,nan,NTB01X19MNN,Recovered / Fixed,SFP inserted or port restored this week
NTB01005G00,ZTE,C300,,gpon_1/15/1,up,2.4,nan,NTB01X19N52,Recovered / Fixed,SFP inserted or port restored this week
NTB01005G00,ZTE,C300,,gpon_1/15/10,up,2.4,nan,NTB01X19N4Q,Recovered / Fixed,SFP inserted or port restored this week
NTB01005G00,ZTE,C300,,gpon_1/15/11,up,2.4,nan,NTB01X19N33,Recovered / Fixed,SFP inserted or port restored this week
NTB01005G00,ZTE,C300,,gpon_1/15/12,up,2.4,nan,NTB01X1HVQJ,Recovered / Fixed,SFP inserted or port restored this week
NTB01005G00,ZTE,C300,,gpon_1/15/13,up,2.4,nan,NTB01X1HWCD,Recovered / Fixed,SFP inserted or port restored this week
NTB01005G00,ZTE,C300,,gpon_1/15/14,up,2.4,nan,NTB01X1HVSQ,Recovered / Fixed,SFP inserted or port restored this week
NTB01005G00,ZTE,C300,,gpon_1/15/15,up,2.4,nan,NTB01X1HVSR,Recovered / Fixed,SFP inserted or port restored this week
NTB01005G00,ZTE,C300,,gpon_1/15/16,up,2.4,nan,NTB01X19N35,Recovered / Fixed,SFP inserted or port restored this week
NTB01005G00,ZTE,C300,,gpon_1/15/2,up,2.4,nan,NTB01X19N4Y,Recovered / Fixed,SFP inserted or port restored this week
NTB01005G00,ZTE,C300,,gpon_1/15/3,up,2.4,nan,NTB01X19N4Z,Recovered / Fixed,SFP inserted or port restored this week
NTB01005G00,ZTE,C300,,gpon_1/15/4,up,2.4,nan,NTB01X19N4R,Recovered / Fixed,SFP inserted or port restored this week
NTB01005G00,ZTE,C300,,gpon_1/15/5,up,2.4,nan,NTB01X19N4K,Recovered / Fixed,SFP inserted or port restored this week
NTB01005G00,ZTE,C300,,gpon_1/15/6,up,2.4,nan,NTB01X19N4L,Recovered / Fixed,SFP inserted or port restored this week
NTB01005G00,ZTE,C300,,gpon_1/15/7,up,2.4,nan,NTB01X19N4N,Recovered / Fixed,SFP inserted or port restored this week
NTB01005G00,ZTE,C300,,gpon_1/15/8,up,2.4,nan,NTB01X19N40,Recovered / Fixed,SFP inserted or port restored this week
NTB01005G00,ZTE,C300,,gpon_1/15/9,up,2.4,nan,NTB01X19N4P,Recovered / Fixed,SFP inserted or port restored this week
NTB01005G00,ZTE,C300,,gpon_1/16/1,up,2.4,nan,NTB01X19N36,Recovered / Fixed,SFP inserted or port restored this week
NTB01005G00,ZTE,C300,,gpon_1/16/10,up,2.4,nan,NTB01X1P9YI,Recovered / Fixed,SFP inserted or port restored this week
NTB01005G00,ZTE,C300,,gpon_1/16/11,up,2.4,nan,NTB01X1P2EI,Recovered / Fixed,SFP inserted or port restored this week
NTB01005G00,ZTE,C300,,gpon_1/16/12,up,2.4,nan,NTB01X1P2A6,Recovered / Fixed,SFP inserted or port restored this week
NTB01005G00,ZTE,C300,,gpon_1/16/13,up,2.4,nan,NTB01X1P2BY,Recovered / Fixed,SFP inserted or port restored this week
NTB01005G00,ZTE,C300,,gpon_1/16/14,up,2.4,nan,NTB01X1P2C0,Recovered / Fixed,SFP inserted or port restored this week
NTB01005G00,ZTE,C300,,gpon_1/16/15,up,2.4,nan,NTB01X1AQ9S,Recovered / Fixed,SFP inserted or port restored this week
NTB01005G00,ZTE,C300,,gpon_1/16/2,up,2.4,nan,NTB01X19N4T,Recovered / Fixed,SFP inserted or port restored this week
NTB01005G00,ZTE,C300,,gpon_1/16/3,up,2.4,nan,NTB01X19N4U,Recovered / Fixed,SFP inserted or port restored this week
NTB01005G00,ZTE,C300,,gpon_1/16/4,up,2.4,nan,NTB01X19N4V,Recovered / Fixed,SFP inserted or port restored this week
NTB01005G00,ZTE,C300,,gpon_1/16/5,up,2.4,nan,NTB01X19N4W,Recovered / Fixed,SFP inserted or port restored this week
NTB01005G00,ZTE,C300,,gpon_1/16/6,up,2.4,nan,NTB01X1OJ4R,Recovered / Fixed,SFP inserted or port restored this week
NTB01005G00,ZTE,C300,,gpon_1/16/7,up,2.4,nan,NTB01X1OJ4S,Recovered / Fixed,SFP inserted or port restored this week
NTB01005G00,ZTE,C300,,gpon_1/16/8,up,2.4,nan,NTB01X1P9WF,Recovered / Fixed,SFP inserted or port restored this week
NTB01005G00,ZTE,C300,,gpon_1/16/9,up,2.4,nan,NTB01X1PA13,Recovered / Fixed,SFP inserted or port restored this week
NTB01005G00,ZTE,C300,,gpon_1/17/10,up,2.4,nan,NTB01X1AQ9X,Recovered / Fixed,SFP inserted or port restored this week
NTB01005G00,ZTE,C300,,gpon_1/5/8,up,2.4,nan,NTB01X1976S,Recovered / Fixed,SFP inserted or port restored this week
NTB01005G00,ZTE,C300,,gpon_1/6/5,up,2.4,nan,NTB01X1977V,Recovered / Fixed,SFP inserted or port restored this week
NTB01005G00,ZTE,C300,,gpon_1/7/6,up,2.4,nan,NTB01X1GDJB,Recovered / Fixed,SFP inserted or port restored this week
NTB01005G00,ZTE,C300,,gpon_1/9/8,up,2.4,nan,NTB01X1B43E,Recovered / Fixed,SFP inserted or port restored this week
NTB01005G01,ZTE,C300,,gpon_1/16/1,up,2.4,nan,NTB01X3ATNQ,Recovered / Fixed,SFP inserted or port restored this week
NTB01005G01,ZTE,C300,,gpon_1/16/10,up,2.4,nan,NTB01X3O08W,Recovered / Fixed,SFP inserted or port restored this week
NTB01005G01,ZTE,C300,,gpon_1/16/11,up,2.4,nan,NTB01X3QX8J,Recovered / Fixed,SFP inserted or port restored this week
NTB01005G01,ZTE,C300,,gpon_1/16/12,up,2.4,nan,NTB01X3QX8A,Recovered / Fixed,SFP inserted or port restored this week
NTB01005G01,ZTE,C300,,gpon_1/16/13,up,2.4,nan,NTB01X3OHOZ,Recovered / Fixed,SFP inserted or port restored this week
NTB01005G01,ZTE,C300,,gpon_1/16/14,up,2.4,nan,NTB01X3PDGK,Recovered / Fixed,SFP inserted or port restored this week
NTB01005G01,ZTE,C300,,gpon_1/16/16,up,2.4,nan,NTB01X3S0IM,Recovered / Fixed,SFP inserted or port restored this week
NTB01005G01,ZTE,C300,,gpon_1/16/2,up,2.4,nan,NTB01X3DNSX,Recovered / Fixed,SFP inserted or port restored this week
NTB01005G01,ZTE,C300,,gpon_1/16/3,up,2.4,nan,NTB01X3GZG0,Recovered / Fixed,SFP inserted or port restored this week
NTB01005G01,ZTE,C300,,gpon_1/16/4,up,2.4,nan,NTB01X3QONQ,Recovered / Fixed,SFP inserted or port restored this week
NTB01005G01,ZTE,C300,,gpon_1/16/5,up,2.4,nan,NTB01X3JTOX,Recovered / Fixed,SFP inserted or port restored this week
NTB01005G01,ZTE,C300,,gpon_1/16/6,up,2.4,nan,NTB01X3P3W2,Recovered / Fixed,SFP inserted or port restored this week
NTB01005G01,ZTE,C300,,gpon_1/16/7,up,2.4,nan,NTB01X3QX90,Recovered / Fixed,SFP inserted or port restored this week
NTB01005G01,ZTE,C300,,gpon_1/16/8,up,2.4,nan,NTB01X3P7XY,Recovered / Fixed,SFP inserted or port restored this week
NTB01005G01,ZTE,C300,,gpon_1/16/9,down,2.4,nan,NTB01X3OHNZ,Recovered / Fixed,SFP inserted or port restored this week
NTB01005G01,ZTE,C300,,gpon_1/17/1,up,2.4,nan,NTB01X3SAPH,Recovered / Fixed,SFP inserted or port restored this week
NTB01005G01,ZTE,C300,,gpon_1/17/2,up,2.4,nan,NTB01X3SAPO,Recovered / Fixed,SFP inserted or port restored this week
NTB01005G01,ZTE,C300,,gpon_1/17/3,up,2.4,nan,NTB01X3SAQ0,Recovered / Fixed,SFP inserted or port restored this week
NTB01005G01,ZTE,C300,,gpon_1/17/4,up,2.4,nan,NTB01X3SAOI,Recovered / Fixed,SFP inserted or port restored this week
NTB01005G01,ZTE,C300,,gpon_1/17/5,up,2.4,nan,NTB01X3SAQ5,Recovered / Fixed,SFP inserted or port restored this week
NTB01005G01,ZTE,C300,,gpon_1/17/6,down,2.4,nan,NTB01X3SAQB,Recovered / Fixed,SFP inserted or port restored this week
NTB01005G01,ZTE,C300,,gpon_1/17/7,up,2.4,nan,NTB01X3U9G0,Recovered / Fixed,SFP inserted or port restored this week
NTB01005G01,ZTE,C300,,gpon_1/17/8,down,2.4,nan,NTB01X3U9G3,Recovered / Fixed,SFP inserted or port restored this week
NTB01005G01,ZTE,C300,,gpon_1/8/1,up,2.4,nan,NTB01X29K8V,Recovered / Fixed,SFP inserted or port restored this week
NTB01005G01,ZTE,C300,,gpon_1/9/8,up,2.4,nan,NTB01X16B28,Recovered / Fixed,SFP inserted or port restored this week
NTB01006G00,ZTE,C300,,gpon_1/12/1,up,2.4,nan,NTB01X1B7DJ,Recovered / Fixed,SFP inserted or port restored this week
NTB01006G00,ZTE,C300,,gpon_1/12/10,up,2.4,nan,NTB01X1B6IR,Recovered / Fixed,SFP inserted or port restored this week
NTB01006G00,ZTE,C300,,gpon_1/12/11,up,2.4,nan,NTB01X1B6IT,Recovered / Fixed,SFP inserted or port restored this week
NTB01006G00,ZTE,C300,,gpon_1/12/12,up,2.4,nan,NTB01X1B6J4,Recovered / Fixed,SFP inserted or port restored this week
NTB01006G00,ZTE,C300,,gpon_1/12/13,up,2.4,nan,NTB01X1B6J5,Recovered / Fixed,SFP inserted or port restored this week
NTB01006G00,ZTE,C300,,gpon_1/12/14,up,2.4,nan,NTB01X1B6JG,Recovered / Fixed,SFP inserted or port restored this week
NTB01006G00,ZTE,C300,,gpon_1/12/15,up,2.4,nan,NTB01X1B6JH,Recovered / Fixed,SFP inserted or port restored this week
NTB01006G00,ZTE,C300,,gpon_1/12/16,up,2.4,nan,NTB01X1B6K0,Recovered / Fixed,SFP inserted or port restored this week
NTB01006G00,ZTE,C300,,gpon_1/12/3,up,2.4,nan,NTB01X1BISB,Recovered / Fixed,SFP inserted or port restored this week
NTB01006G00,ZTE,C300,,gpon_1/12/4,up,2.4,nan,NTB01X1BISE,Recovered / Fixed,SFP inserted or port restored this week
NTB01006G00,ZTE,C300,,gpon_1/12/5,up,2.4,nan,NTB01X1B7GL,Recovered / Fixed,SFP inserted or port restored this week
NTB01006G00,ZTE,C300,,gpon_1/12/6,up,2.4,nan,NTB01X1B7GN,Recovered / Fixed,SFP inserted or port restored this week
NTB01006G00,ZTE,C300,,gpon_1/12/7,up,2.4,nan,NTB01X1B7IZ,Recovered / Fixed,SFP inserted or port restored this week
NTB01006G00,ZTE,C300,,gpon_1/12/9,up,2.4,nan,NTB01X1B7JN,Recovered / Fixed,SFP inserted or port restored this week
NTB01006G00,ZTE,C300,,gpon_1/13/1,up,2.4,nan,NTB01X1B6K1,Recovered / Fixed,SFP inserted or port restored this week
NTB01006G00,ZTE,C300,,gpon_1/13/10,up,2.4,nan,NTB01X1B6OG,Recovered / Fixed,SFP inserted or port restored this week
NTB01006G00,ZTE,C300,,gpon_1/13/11,up,2.4,nan,NTB01X1B6OH,Recovered / Fixed,SFP inserted or port restored this week
NTB01006G00,ZTE,C300,,gpon_1/13/12,up,2.4,nan,NTB01X1B6XS,Recovered / Fixed,SFP inserted or port restored this week
NTB01006G00,ZTE,C300,,gpon_1/13/13,up,2.4,nan,NTB01X1B6XU,Recovered / Fixed,SFP inserted or port restored this week
NTB01006G00,ZTE,C300,,gpon_1/13/14,up,2.4,nan,NTB01X1B6YM,Recovered / Fixed,SFP inserted or port restored this week
NTB01006G00,ZTE,C300,,gpon_1/13/15,up,2.4,nan,NTB01X1B6YN,Recovered / Fixed,SFP inserted or port restored this week
NTB01006G00,ZTE,C300,,gpon_1/13/16,up,2.4,nan,NTB01X1B71E,Recovered / Fixed,SFP inserted or port restored this week
NTB01006G00,ZTE,C300,,gpon_1/13/2,up,2.4,nan,NTB01X1B6KF,Recovered / Fixed,SFP inserted or port restored this week
NTB01006G00,ZTE,C300,,gpon_1/13/3,up,2.4,nan,NTB01X1B6KG,Recovered / Fixed,SFP inserted or port restored this week
NTB01006G00,ZTE,C300,,gpon_1/13/4,up,2.4,nan,NTB01X1B6KR,Recovered / Fixed,SFP inserted or port restored this week
NTB01006G00,ZTE,C300,,gpon_1/13/5,up,2.4,nan,NTB01X1B6NB,Recovered / Fixed,SFP inserted or port restored this week
NTB01006G00,ZTE,C300,,gpon_1/13/6,up,2.4,nan,NTB01X1B6ND,Recovered / Fixed,SFP inserted or port restored this week
NTB01006G00,ZTE,C300,,gpon_1/13/7,up,2.4,nan,NTB01X1BKWI,Recovered / Fixed,SFP inserted or port restored this week
NTB01006G00,ZTE,C300,,gpon_1/13/8,up,2.4,nan,NTB01X1B6O2,Recovered / Fixed,SFP inserted or port restored this week
NTB01006G00,ZTE,C300,,gpon_1/13/9,up,2.4,nan,NTB01X1B6O3,Recovered / Fixed,SFP inserted or port restored this week
NTB01006G00,ZTE,C300,,gpon_1/14/1,up,2.4,nan,NTB01X1B71H,Recovered / Fixed,SFP inserted or port restored this week
NTB01006G00,ZTE,C300,,gpon_1/14/10,up,2.4,nan,NTB01X1B78X,Recovered / Fixed,SFP inserted or port restored this week
NTB01006G00,ZTE,C300,,gpon_1/14/11,up,2.4,nan,NTB01X1B79E,Recovered / Fixed,SFP inserted or port restored this week
NTB01006G00,ZTE,C300,,gpon_1/14/12,up,2.4,nan,NTB01X1B7KX,Recovered / Fixed,SFP inserted or port restored this week
NTB01006G00,ZTE,C300,,gpon_1/14/13,up,2.4,nan,NTB01X1B7L1,Recovered / Fixed,SFP inserted or port restored this week
NTB01006G00,ZTE,C300,,gpon_1/14/14,up,2.4,nan,NTB01X1B7LY,Recovered / Fixed,SFP inserted or port restored this week
NTB01006G00,ZTE,C300,,gpon_1/14/15,up,2.4,nan,NTB01X1B7M0,Recovered / Fixed,SFP inserted or port restored this week
NTB01006G00,ZTE,C300,,gpon_1/14/16,up,2.4,nan,NTB01X1B4V2,Recovered / Fixed,SFP inserted or port restored this week
NTB01006G00,ZTE,C300,,gpon_1/14/2,up,2.4,nan,NTB01X1B72M,Recovered / Fixed,SFP inserted or port restored this week
NTB01006G00,ZTE,C300,,gpon_1/14/3,up,2.4,nan,NTB01X1B72N,Recovered / Fixed,SFP inserted or port restored this week
NTB01006G00,ZTE,C300,,gpon_1/14/4,up,2.4,nan,NTB01X1B742,Recovered / Fixed,SFP inserted or port restored this week
NTB01006G00,ZTE,C300,,gpon_1/14/5,up,2.4,nan,NTB01X1B745,Recovered / Fixed,SFP inserted or port restored this week
NTB01006G00,ZTE,C300,,gpon_1/14/6,up,2.4,nan,NTB01X1BKYB,Recovered / Fixed,SFP inserted or port restored this week
NTB01006G00,ZTE,C300,,gpon_1/14/7,up,2.4,nan,NTB01X1B782,Recovered / Fixed,SFP inserted or port restored this week
NTB01006G00,ZTE,C300,,gpon_1/14/8,up,2.4,nan,NTB01X1B784,Recovered / Fixed,SFP inserted or port restored this week
NTB01006G00,ZTE,C300,,gpon_1/14/9,up,2.4,nan,NTB01X1B78W,Recovered / Fixed,SFP inserted or port restored this week
NTB01006G00,ZTE,C300,,gpon_1/15/1,up,2.4,nan,NTB01X1B31G,Recovered / Fixed,SFP inserted or port restored this week
NTB01006G00,ZTE,C300,,gpon_1/15/10,up,2.4,nan,NTB01X1B7OK,Recovered / Fixed,SFP inserted or port restored this week
NTB01006G00,ZTE,C300,,gpon_1/15/11,up,2.4,nan,NTB01X1B4P7,Recovered / Fixed,SFP inserted or port restored this week
NTB01006G00,ZTE,C300,,gpon_1/15/12,up,2.4,nan,NTB01X1B4P8,Recovered / Fixed,SFP inserted or port restored this week
NTB01006G00,ZTE,C300,,gpon_1/15/14,up,2.4,nan,NTB01X1B4OJ,Recovered / Fixed,SFP inserted or port restored this week
NTB01006G00,ZTE,C300,,gpon_1/15/15,up,2.4,nan,NTB01X1BG95,Recovered / Fixed,SFP inserted or port restored this week
NTB01006G00,ZTE,C300,,gpon_1/15/16,up,2.4,nan,NTB01X1BG96,Recovered / Fixed,SFP inserted or port restored this week
NTB01006G00,ZTE,C300,,gpon_1/15/2,up,2.4,nan,NTB01X1B31H,Recovered / Fixed,SFP inserted or port restored this week
NTB01006G00,ZTE,C300,,gpon_1/15/3,up,2.4,nan,NTB01X1B429,Recovered / Fixed,SFP inserted or port restored this week
NTB01006G00,ZTE,C300,,gpon_1/15/4,up,2.4,nan,NTB01X1B42A,Recovered / Fixed,SFP inserted or port restored this week
NTB01006G00,ZTE,C300,,gpon_1/15/5,up,2.4,nan,NTB01X1B7OV,Recovered / Fixed,SFP inserted or port restored this week
NTB01006G00,ZTE,C300,,gpon_1/15/6,up,2.4,nan,NTB01X1B7O4,Recovered / Fixed,SFP inserted or port restored this week
NTB01006G00,ZTE,C300,,gpon_1/15/7,up,2.4,nan,NTB01X1B7N0,Recovered / Fixed,SFP inserted or port restored this week
NTB01006G00,ZTE,C300,,gpon_1/15/8,up,2.4,nan,NTB01X1B7N2,Recovered / Fixed,SFP inserted or port restored this week
NTB01006G00,ZTE,C300,,gpon_1/15/9,up,2.4,nan,NTB01X1B7OL,Recovered / Fixed,SFP inserted or port restored this week
NTB01006G00,ZTE,C300,,gpon_1/16/1,up,2.4,nan,NTB01X1B4SF,Recovered / Fixed,SFP inserted or port restored this week
NTB01006G00,ZTE,C300,,gpon_1/16/10,up,2.4,nan,NTB01X1FBZ7,Recovered / Fixed,SFP inserted or port restored this week
NTB01006G00,ZTE,C300,,gpon_1/16/11,up,2.4,nan,NTB01X1BEQX,Recovered / Fixed,SFP inserted or port restored this week
NTB01006G00,ZTE,C300,,gpon_1/16/12,up,2.4,nan,NTB01X1BGF6,Recovered / Fixed,SFP inserted or port restored this week
NTB01006G00,ZTE,C300,,gpon_1/16/13,up,2.4,nan,NTB01X3PWVR,Recovered / Fixed,SFP inserted or port restored this week
NTB01006G00,ZTE,C300,,gpon_1/16/16,up,2.4,nan,NTB01X1B7J0,Recovered / Fixed,SFP inserted or port restored this week
NTB01006G00,ZTE,C300,,gpon_1/16/2,up,2.4,nan,NTB01X1B4SP,Recovered / Fixed,SFP inserted or port restored this week
NTB01006G00,ZTE,C300,,gpon_1/16/3,up,2.4,nan,NTB01X1B4SQ,Recovered / Fixed,SFP inserted or port restored this week
NTB01006G00,ZTE,C300,,gpon_1/16/4,up,2.4,nan,NTB01X1B4Q3,Recovered / Fixed,SFP inserted or port restored this week
NTB01006G00,ZTE,C300,,gpon_1/16/5,up,2.4,nan,NTB01X1B4Q4,Recovered / Fixed,SFP inserted or port restored this week
NTB01006G00,ZTE,C300,,gpon_1/16/6,up,2.4,nan,NTB01X1B4PR,Recovered / Fixed,SFP inserted or port restored this week
NTB01006G00,ZTE,C300,,gpon_1/16/7,up,2.4,nan,NTB01X1B4PS,Recovered / Fixed,SFP inserted or port restored this week
NTB01006G00,ZTE,C300,,gpon_1/16/8,up,2.4,nan,NTB01X1B4TW,Recovered / Fixed,SFP inserted or port restored this week
NTB01006G00,ZTE,C300,,gpon_1/16/9,up,2.4,nan,NTB01X1FBZ6,Recovered / Fixed,SFP inserted or port restored this week
NTB01006G00,ZTE,C300,,gpon_1/17/1,up,2.4,nan,NTB01X1B4V3,Recovered / Fixed,SFP inserted or port restored this week
NTB01006G00,ZTE,C300,,gpon_1/17/10,up,2.4,nan,NTB01X17NLW,Recovered / Fixed,SFP inserted or port restored this week
NTB01006G00,ZTE,C300,,gpon_1/17/11,up,2.4,nan,NTB01X17NR3,Recovered / Fixed,SFP inserted or port restored this week
NTB01006G00,ZTE,C300,,gpon_1/17/12,up,2.4,nan,NTB01X17NR5,Recovered / Fixed,SFP inserted or port restored this week
NTB01006G00,ZTE,C300,,gpon_1/17/13,up,2.4,nan,NTB01X17NU3,Recovered / Fixed,SFP inserted or port restored this week
NTB01006G00,ZTE,C300,,gpon_1/17/14,up,2.4,nan,NTB01X17NY3,Recovered / Fixed,SFP inserted or port restored this week
NTB01006G00,ZTE,C300,,gpon_1/17/15,up,2.4,nan,NTB01X17NY5,Recovered / Fixed,SFP inserted or port restored this week
NTB01006G00,ZTE,C300,,gpon_1/17/16,up,2.4,nan,NTB01X17VN2,Recovered / Fixed,SFP inserted or port restored this week
NTB01006G00,ZTE,C300,,gpon_1/17/2,up,2.4,nan,NTB01X17NX8,Recovered / Fixed,SFP inserted or port restored this week
NTB01006G00,ZTE,C300,,gpon_1/17/3,up,2.4,nan,NTB01X17NX9,Recovered / Fixed,SFP inserted or port restored this week
NTB01006G00,ZTE,C300,,gpon_1/17/4,up,2.4,nan,NTB01X17NGY,Recovered / Fixed,SFP inserted or port restored this week
NTB01006G00,ZTE,C300,,gpon_1/17/5,up,2.4,nan,NTB01X17NGZ,Recovered / Fixed,SFP inserted or port restored this week
NTB01006G00,ZTE,C300,,gpon_1/17/6,up,2.4,nan,NTB01X17NIM,Recovered / Fixed,SFP inserted or port restored this week
NTB01006G00,ZTE,C300,,gpon_1/17/7,up,2.4,nan,NTB01X17NIN,Recovered / Fixed,SFP inserted or port restored this week
NTB01006G00,ZTE,C300,,gpon_1/17/8,up,2.4,nan,NTB01X17NRO,Recovered / Fixed,SFP inserted or port restored this week
NTB01006G00,ZTE,C300,,gpon_1/17/9,up,2.4,nan,NTB01X17NLV,Recovered / Fixed,SFP inserted or port restored this week
NTB01006G00,ZTE,C300,,gpon_1/18/13,up,2.4,nan,NTB01X2LKE5,Recovered / Fixed,SFP inserted or port restored this week
NTB01006G00,ZTE,C300,,gpon_1/18/9,up,2.4,nan,NTB01X2LKD0,Recovered / Fixed,SFP inserted or port restored this week
NTB01006G00,ZTE,C300,,gpon_1/19/13,up,2.4,nan,NTB01X3FH0Z,Recovered / Fixed,SFP inserted or port restored this week
NTB01006G00,ZTE,C300,,gpon_1/6/1,up,2.4,nan,NTB01X199SW,Recovered / Fixed,SFP inserted or port restored this week
NTB01006G00,ZTE,C300,,gpon_1/6/10,up,2.4,nan,NTB01X174XR,Recovered / Fixed,SFP inserted or port restored this week
NTB01006G00,ZTE,C300,,gpon_1/6/11,up,2.4,nan,NTB01X17LSL,Recovered / Fixed,SFP inserted or port restored this week
NTB01006G00,ZTE,C300,,gpon_1/6/12,up,2.4,nan,NTB01X174IR,Recovered / Fixed,SFP inserted or port restored this week
NTB01006G00,ZTE,C300,,gpon_1/6/13,up,2.4,nan,NTB01X174IW,Recovered / Fixed,SFP inserted or port restored this week
NTB01006G00,ZTE,C300,,gpon_1/6/14,up,2.4,nan,NTB01X174GZ,Recovered / Fixed,SFP inserted or port restored this week
NTB01006G00,ZTE,C300,,gpon_1/6/15,up,2.4,nan,NTB01X174H2,Recovered / Fixed,SFP inserted or port restored this week
NTB01006G00,ZTE,C300,,gpon_1/6/2,up,2.4,nan,NTB01X199SX,Recovered / Fixed,SFP inserted or port restored this week
NTB01006G00,ZTE,C300,,gpon_1/6/3,up,2.4,nan,NTB01X1B8CP,Recovered / Fixed,SFP inserted or port restored this week
NTB01006G00,ZTE,C300,,gpon_1/6/4,up,2.4,nan,NTB01X19BYP,Recovered / Fixed,SFP inserted or port restored this week
NTB01006G00,ZTE,C300,,gpon_1/6/6,up,2.4,nan,NTB01X1PRSD,Recovered / Fixed,SFP inserted or port restored this week
NTB01006G00,ZTE,C300,,gpon_1/6/7,up,2.4,nan,NTB01X1PRVY,Recovered / Fixed,SFP inserted or port restored this week
NTB01006G00,ZTE,C300,,gpon_1/6/8,up,2.4,nan,NTB01X3VMJ2,Recovered / Fixed,SFP inserted or port restored this week
NTB01006G00,ZTE,C300,,gpon_1/7/1,up,2.4,nan,NTB01X174D5,Recovered / Fixed,SFP inserted or port restored this week
NTB01006G00,ZTE,C300,,gpon_1/7/10,up,2.4,nan,NTB01X17466,Recovered / Fixed,SFP inserted or port restored this week
NTB01006G00,ZTE,C300,,gpon_1/7/12,up,2.4,nan,NTB01X1745O,Recovered / Fixed,SFP inserted or port restored this week
NTB01006G00,ZTE,C300,,gpon_1/7/13,up,2.4,nan,NTB01X173LN,Recovered / Fixed,SFP inserted or port restored this week
NTB01006G00,ZTE,C300,,gpon_1/7/14,up,2.4,nan,NTB01X173LQ,Recovered / Fixed,SFP inserted or port restored this week
NTB01006G00,ZTE,C300,,gpon_1/7/15,up,2.4,nan,NTB01X173GA,Recovered / Fixed,SFP inserted or port restored this week
NTB01006G00,ZTE,C300,,gpon_1/7/16,up,2.4,nan,NTB01X173HL,Recovered / Fixed,SFP inserted or port restored this week
NTB01006G00,ZTE,C300,,gpon_1/7/2,up,2.4,nan,NTB01X174KL,Recovered / Fixed,SFP inserted or port restored this week
NTB01006G00,ZTE,C300,,gpon_1/7/4,up,2.4,nan,NTB01X174CT,Recovered / Fixed,SFP inserted or port restored this week
NTB01006G00,ZTE,C300,,gpon_1/7/5,down,2.4,nan,NTB01X3U9GG,Recovered / Fixed,SFP inserted or port restored this week
NTB01006G00,ZTE,C300,,gpon_1/7/7,up,2.4,nan,NTB01X17479,Recovered / Fixed,SFP inserted or port restored this week
NTB01006G00,ZTE,C300,,gpon_1/7/8,up,2.4,nan,NTB01X1747B,Recovered / Fixed,SFP inserted or port restored this week
NTB01006G00,ZTE,C300,,gpon_1/7/9,up,2.4,nan,NTB01X17465,Recovered / Fixed,SFP inserted or port restored this week
NTB01006G00,ZTE,C300,,gpon_1/8/1,up,2.4,nan,NTB01X1739R,Recovered / Fixed,SFP inserted or port restored this week
NTB01006G00,ZTE,C300,,gpon_1/8/10,up,2.4,nan,NTB01X1732G,Recovered / Fixed,SFP inserted or port restored this week
NTB01006G00,ZTE,C300,,gpon_1/8/11,up,2.4,nan,NTB01X1732I,Recovered / Fixed,SFP inserted or port restored this week
NTB01006G00,ZTE,C300,,gpon_1/8/12,up,2.4,nan,NTB01X172KB,Recovered / Fixed,SFP inserted or port restored this week
NTB01006G00,ZTE,C300,,gpon_1/8/13,up,2.4,nan,NTB01X172MQ,Recovered / Fixed,SFP inserted or port restored this week
NTB01006G00,ZTE,C300,,gpon_1/8/14,up,2.4,nan,NTB01X172MR,Recovered / Fixed,SFP inserted or port restored this week
NTB01006G00,ZTE,C300,,gpon_1/8/15,up,2.4,nan,NTB01X172MX,Recovered / Fixed,SFP inserted or port restored this week
NTB01006G00,ZTE,C300,,gpon_1/8/16,up,2.4,nan,NTB01X173RY,Recovered / Fixed,SFP inserted or port restored this week
NTB01006G00,ZTE,C300,,gpon_1/8/2,up,2.4,nan,NTB01X1739T,Recovered / Fixed,SFP inserted or port restored this week
NTB01006G00,ZTE,C300,,gpon_1/8/3,up,2.4,nan,NTB01X173R3,Recovered / Fixed,SFP inserted or port restored this week
NTB01006G00,ZTE,C300,,gpon_1/8/5,up,2.4,nan,NTB01X172U9,Recovered / Fixed,SFP inserted or port restored this week
NTB01006G00,ZTE,C300,,gpon_1/8/6,up,2.4,nan,NTB01X172UH,Recovered / Fixed,SFP inserted or port restored this week
NTB01006G00,ZTE,C300,,gpon_1/8/7,up,2.4,nan,NTB01X172WC,Recovered / Fixed,SFP inserted or port restored this week
NTB01006G00,ZTE,C300,,gpon_1/8/8,up,2.4,nan,NTB01X172YO,Recovered / Fixed,SFP inserted or port restored this week
NTB01006G00,ZTE,C300,,gpon_1/8/9,up,2.4,nan,NTB01X173SV,Recovered / Fixed,SFP inserted or port restored this week
NTB01006G00,ZTE,C300,,gpon_1/9/1,up,2.4,nan,NTB01X173RV,Recovered / Fixed,SFP inserted or port restored this week
NTB01006G00,ZTE,C300,,gpon_1/9/10,up,2.4,nan,NTB01X1B7AX,Recovered / Fixed,SFP inserted or port restored this week
NTB01006G00,ZTE,C300,,gpon_1/9/11,up,2.4,nan,NTB01X1B7BU,Recovered / Fixed,SFP inserted or port restored this week
NTB01006G00,ZTE,C300,,gpon_1/9/12,up,2.4,nan,NTB01X1B7BV,Recovered / Fixed,SFP inserted or port restored this week
NTB01006G00,ZTE,C300,,gpon_1/9/13,up,2.4,nan,NTB01X1B7CF,Recovered / Fixed,SFP inserted or port restored this week
NTB01006G00,ZTE,C300,,gpon_1/9/14,up,2.4,nan,NTB01X1B7EG,Recovered / Fixed,SFP inserted or port restored this week
NTB01006G00,ZTE,C300,,gpon_1/9/15,up,2.4,nan,NTB01X1B7EH,Recovered / Fixed,SFP inserted or port restored this week
NTB01006G00,ZTE,C300,,gpon_1/9/16,up,2.4,nan,NTB01X1B7DI,Recovered / Fixed,SFP inserted or port restored this week
NTB01006G00,ZTE,C300,,gpon_1/9/2,up,2.4,nan,NTB01X19ADS,Recovered / Fixed,SFP inserted or port restored this week
NTB01006G00,ZTE,C300,,gpon_1/9/3,up,2.4,nan,NTB01X1B8DV,Recovered / Fixed,SFP inserted or port restored this week
NTB01006G00,ZTE,C300,,gpon_1/9/4,up,2.4,nan,NTB01X1FBH0,Recovered / Fixed,SFP inserted or port restored this week
NTB01006G00,ZTE,C300,,gpon_1/9/5,up,2.4,nan,NTB01X1FBH1,Recovered / Fixed,SFP inserted or port restored this week
NTB01006G00,ZTE,C300,,gpon_1/9/6,up,2.4,nan,NTB01X1FBFY,Recovered / Fixed,SFP inserted or port restored this week
NTB01006G00,ZTE,C300,,gpon_1/9/7,up,2.4,nan,NTB01X1B7A0,Recovered / Fixed,SFP inserted or port restored this week
NTB01006G00,ZTE,C300,,gpon_1/9/8,up,2.4,nan,NTB01X1B7A1,Recovered / Fixed,SFP inserted or port restored this week
NTB01006G00,ZTE,C300,,gpon_1/9/9,up,2.4,nan,NTB01X1B7AV,Recovered / Fixed,SFP inserted or port restored this week
NTB01006G01,ZTE,C300,,gpon_1/15/12,up,2.4,nan,NTB01X1LV29,Recovered / Fixed,SFP inserted or port restored this week
NTB01006G01,ZTE,C300,,gpon_1/4/10,up,2.4,nan,NTB01X17YJI,Recovered / Fixed,SFP inserted or port restored this week
NTB01008GO0,ZTE,C320,,gpon_1/1/11,up,2.4,nan,NTB01X16Z3U,Recovered / Fixed,SFP inserted or port restored this week
NTB01009GO0,ZTE,C320,,gpon_1/1/12,up,2.4,nan,NTB01X16ZGU,Recovered / Fixed,SFP inserted or port restored this week
NTB01009GO0,ZTE,C320,,gpon_1/1/2,up,2.4,nan,NTB01X16Z9B,Recovered / Fixed,SFP inserted or port restored this week
NTB01009GO0,ZTE,C320,,gpon_1/1/5,up,2.4,nan,NTB01X16ZBV,Recovered / Fixed,SFP inserted or port restored this week
NTB01009GO0,ZTE,C320,,gpon_1/1/7,up,2.4,nan,NTB01X16ZD0,Recovered / Fixed,SFP inserted or port restored this week
NTB01009GO0,ZTE,C320,,gpon_1/2/10,up,2.4,nan,NTB01X2LQIT,Recovered / Fixed,SFP inserted or port restored this week
NTB01009GO0,ZTE,C320,,gpon_1/2/11,up,2.4,nan,NTB01X1OQ8C,Recovered / Fixed,SFP inserted or port restored this week
NTB01009GO0,ZTE,C320,,gpon_1/2/12,up,2.4,nan,NTB01X2B6G3,Recovered / Fixed,SFP inserted or port restored this week
NTB01009GO0,ZTE,C320,,gpon_1/2/13,up,2.4,nan,NTB01X2B6GI,Recovered / Fixed,SFP inserted or port restored this week
NTB01009GO0,ZTE,C320,,gpon_1/2/3,up,2.4,nan,NTB01X16ZQD,Recovered / Fixed,SFP inserted or port restored this week
NTB01009GO0,ZTE,C320,,gpon_1/2/6,up,2.4,nan,NTB01X16ZS5,Recovered / Fixed,SFP inserted or port restored this week
NTB01025GO0,Fiberhome,AN5516-04,,PON 2/8,up,2.4,nan,NTB03X3U9F0,Recovered / Fixed,SFP inserted or port restored this week
NTB02001G00,ZTE,C300,,gpon_1/12/1,up,2.4,nan,NTB02X21AMW,Recovered / Fixed,SFP inserted or port restored this week
NTB02001G00,ZTE,C300,,gpon_1/14/11,up,2.4,nan,NTB02X2MD1T,Recovered / Fixed,SFP inserted or port restored this week
NTB02001G00,ZTE,C300,,gpon_1/14/2,up,2.4,nan,NTB02X2HMR6,Recovered / Fixed,SFP inserted or port restored this week
NTB02001G00,ZTE,C300,,gpon_1/16/1,up,2.4,nan,NTB02X3L4D7,Recovered / Fixed,SFP inserted or port restored this week
NTB02001G00,ZTE,C300,,gpon_1/16/11,up,2.4,nan,NTB02X3LJBN,Recovered / Fixed,SFP inserted or port restored this week
NTB02001G00,ZTE,C300,,gpon_1/16/12,up,2.4,nan,NTB02X3LJBR,Recovered / Fixed,SFP inserted or port restored this week
NTB02001G00,ZTE,C300,,gpon_1/16/13,up,2.4,nan,NTB03X3RCJ4,Recovered / Fixed,SFP inserted or port restored this week
NTB02001G00,ZTE,C300,,gpon_1/16/14,up,2.4,nan,NTB03X3RCJ0,Recovered / Fixed,SFP inserted or port restored this week
NTB02001G00,ZTE,C300,,gpon_1/16/2,up,2.4,nan,NTB02X3L4CL,Recovered / Fixed,SFP inserted or port restored this week
NTB02001G00,ZTE,C300,,gpon_1/16/3,up,2.4,nan,NTB02X3L4CM,Recovered / Fixed,SFP inserted or port restored this week
NTB02001G00,ZTE,C300,,gpon_1/16/4,up,2.4,nan,NTB02X3L4CF,Recovered / Fixed,SFP inserted or port restored this week
NTB02001G00,ZTE,C300,,gpon_1/16/5,up,2.4,nan,NTB02X3L4CB,Recovered / Fixed,SFP inserted or port restored this week
NTB02001G00,ZTE,C300,,gpon_1/16/7,up,2.4,nan,NTB02X3L4DY,Recovered / Fixed,SFP inserted or port restored this week
NTB02001G00,ZTE,C300,,gpon_1/16/8,up,2.4,nan,NTB02X3L3HX,Recovered / Fixed,SFP inserted or port restored this week
NTB02001G00,ZTE,C300,,gpon_1/16/9,up,2.4,nan,NTB02X3LIZA,Recovered / Fixed,SFP inserted or port restored this week
NTB02001G00,ZTE,C300,,gpon_1/17/1,down,2.4,nan,NTB03X3NBNG,Recovered / Fixed,SFP inserted or port restored this week
NTB02001G00,ZTE,C300,,gpon_1/17/10,up,2.4,nan,NTB02X3RUVP,Recovered / Fixed,SFP inserted or port restored this week
NTB02001G00,ZTE,C300,,gpon_1/17/11,up,2.4,nan,NTB02X3RCIL,Recovered / Fixed,SFP inserted or port restored this week
NTB02001G00,ZTE,C300,,gpon_1/17/13,up,2.4,nan,NTB02X3RUVG,Recovered / Fixed,SFP inserted or port restored this week
NTB02001G00,ZTE,C300,,gpon_1/17/2,up,2.4,nan,NTB03X3NBNF,Recovered / Fixed,SFP inserted or port restored this week
NTB02001G00,ZTE,C300,,gpon_1/17/3,up,2.4,nan,NTB03X3NBND,Recovered / Fixed,SFP inserted or port restored this week
NTB02001G00,ZTE,C300,,gpon_1/17/4,up,2.4,nan,NTB03X14E5J,Recovered / Fixed,SFP inserted or port restored this week
NTB02001G00,ZTE,C300,,gpon_1/17/6,up,2.4,nan,NTB03X14E6U,Recovered / Fixed,SFP inserted or port restored this week
NTB02001G00,ZTE,C300,,gpon_1/17/7,up,2.4,nan,NTB03X14E6Y,Recovered / Fixed,SFP inserted or port restored this week
NTB02001G00,ZTE,C300,,gpon_1/17/8,up,2.4,nan,NTB03X14E88,Recovered / Fixed,SFP inserted or port restored this week
NTB02001G00,ZTE,C300,,gpon_1/17/9,up,2.4,nan,NTB03X14WKU,Recovered / Fixed,SFP inserted or port restored this week
NTB02001G00,ZTE,C300,,gpon_1/18/1,up,2.4,nan,NTB02X3TP6A,Recovered / Fixed,SFP inserted or port restored this week
NTB02001G00,ZTE,C300,,gpon_1/18/2,up,2.4,nan,NTB02X3TP5J,Recovered / Fixed,SFP inserted or port restored this week
NTB02001G00,ZTE,C300,,gpon_1/18/3,up,2.4,nan,NTB02X3TP5A,Recovered / Fixed,SFP inserted or port restored this week
NTB02001G00,ZTE,C300,,gpon_1/18/4,up,2.4,nan,NTB02X3TP50,Recovered / Fixed,SFP inserted or port restored this week
NTB02001G00,ZTE,C300,,gpon_1/18/5,up,2.4,nan,NTB02X3TP5S,Recovered / Fixed,SFP inserted or port restored this week
NTB02001G00,ZTE,C300,,gpon_1/18/6,up,2.4,nan,NTB02X3TP60,Recovered / Fixed,SFP inserted or port restored this week
NTB02001G00,ZTE,C300,,gpon_1/18/8,up,2.4,nan,NTB02X3U9FJ,Recovered / Fixed,SFP inserted or port restored this week
NTB02001G00,ZTE,C300,,gpon_1/4/3,up,2.4,nan,NTB02X184YC,Recovered / Fixed,SFP inserted or port restored this week
NTB02001G00,ZTE,C300,,gpon_1/5/16,up,2.4,nan,NTB02X10TUG,Recovered / Fixed,SFP inserted or port restored this week
NTB02001G00,ZTE,C300,,gpon_1/6/1,up,2.4,nan,NTB02X10TUH,Recovered / Fixed,SFP inserted or port restored this week
NTB02001G00,ZTE,C300,,gpon_1/6/10,up,2.4,nan,NTB02X1HUEX,Recovered / Fixed,SFP inserted or port restored this week
NTB02001G00,ZTE,C300,,gpon_1/6/11,up,2.4,nan,NTB02X1HUEY,Recovered / Fixed,SFP inserted or port restored this week
NTB02001G00,ZTE,C300,,gpon_1/6/14,up,2.4,nan,NTB02X1M8T8,Recovered / Fixed,SFP inserted or port restored this week
NTB02001G00,ZTE,C300,,gpon_1/6/15,up,2.4,nan,NTB02X1M8T9,Recovered / Fixed,SFP inserted or port restored this week
NTB02001G00,ZTE,C300,,gpon_1/6/16,up,2.4,nan,NTB02X1MBYE,Recovered / Fixed,SFP inserted or port restored this week
NTB02001G00,ZTE,C300,,gpon_1/6/2,up,2.4,nan,NTB02X11SS2,Recovered / Fixed,SFP inserted or port restored this week
NTB02001G00,ZTE,C300,,gpon_1/6/3,up,2.4,nan,NTB02X10TUX,Recovered / Fixed,SFP inserted or port restored this week
NTB02001G00,ZTE,C300,,gpon_1/6/4,up,2.4,nan,NTB02X10TUY,Recovered / Fixed,SFP inserted or port restored this week
NTB02001G00,ZTE,C300,,gpon_1/6/5,up,2.4,nan,NTB02X10TVD,Recovered / Fixed,SFP inserted or port restored this week
NTB02001G00,ZTE,C300,,gpon_1/6/6,up,2.4,nan,NTB02X10TVF,Recovered / Fixed,SFP inserted or port restored this week
NTB02001G00,ZTE,C300,,gpon_1/6/7,up,2.4,nan,NTB02X10TX6,Recovered / Fixed,SFP inserted or port restored this week
NTB02001G00,ZTE,C300,,gpon_1/6/8,up,2.4,nan,NTB02X10TX7,Recovered / Fixed,SFP inserted or port restored this week
NTB02001G00,ZTE,C300,,gpon_1/6/9,up,2.4,nan,NTB02X11UF4,Recovered / Fixed,SFP inserted or port restored this week
NTB02001G00,ZTE,C300,,gpon_1/7/1,up,2.4,nan,NTB02X1N0PJ,Recovered / Fixed,SFP inserted or port restored this week
NTB02001G00,ZTE,C300,,gpon_1/7/10,up,2.4,nan,NTB02X1MXZB,Recovered / Fixed,SFP inserted or port restored this week
NTB02001G00,ZTE,C300,,gpon_1/7/11,up,2.4,nan,NTB02X1MXS3,Recovered / Fixed,SFP inserted or port restored this week
NTB02001G00,ZTE,C300,,gpon_1/7/12,up,2.4,nan,NTB02X1MXS5,Recovered / Fixed,SFP inserted or port restored this week
NTB02001G00,ZTE,C300,,gpon_1/7/13,up,2.4,nan,NTB02X1MXRE,Recovered / Fixed,SFP inserted or port restored this week
NTB02001G00,ZTE,C300,,gpon_1/7/14,down,2.4,nan,NTB02X1MXQY,Recovered / Fixed,SFP inserted or port restored this week
NTB02001G00,ZTE,C300,,gpon_1/7/15,up,2.4,nan,NTB02X1QB8C,Recovered / Fixed,SFP inserted or port restored this week
NTB02001G00,ZTE,C300,,gpon_1/7/2,up,2.4,nan,NTB02X1MEA7,Recovered / Fixed,SFP inserted or port restored this week
NTB02001G00,ZTE,C300,,gpon_1/7/3,up,2.4,nan,NTB02X1MK2E,Recovered / Fixed,SFP inserted or port restored this week
NTB02001G00,ZTE,C300,,gpon_1/7/4,up,2.4,nan,NTB02X1MK5P,Recovered / Fixed,SFP inserted or port restored this week
NTB02001G00,ZTE,C300,,gpon_1/7/5,down,2.4,nan,NTB02X1MK65,Recovered / Fixed,SFP inserted or port restored this week
NTB02001G00,ZTE,C300,,gpon_1/7/6,up,2.4,nan,NTB02X1MK7N,Recovered / Fixed,SFP inserted or port restored this week
NTB02001G00,ZTE,C300,,gpon_1/7/7,up,2.4,nan,NTB02X1N0V1,Recovered / Fixed,SFP inserted or port restored this week
NTB02001G00,ZTE,C300,,gpon_1/7/8,up,2.4,nan,NTB02X1N0V2,Recovered / Fixed,SFP inserted or port restored this week
NTB02001G00,ZTE,C300,,gpon_1/7/9,up,2.4,nan,NTB02X1N0X6,Recovered / Fixed,SFP inserted or port restored this week
NTB02001G00,ZTE,C300,,gpon_1/8/1,up,2.4,nan,NTB02X1MZEY,Recovered / Fixed,SFP inserted or port restored this week
NTB02001G00,ZTE,C300,,gpon_1/8/11,up,2.4,nan,NTB02X1SKEF,Recovered / Fixed,SFP inserted or port restored this week
NTB02001G00,ZTE,C300,,gpon_1/8/12,up,2.4,nan,NTB02X1SKF0,Recovered / Fixed,SFP inserted or port restored this week
NTB02001G00,ZTE,C300,,gpon_1/8/13,up,2.4,nan,NTB02X1RWNO,Recovered / Fixed,SFP inserted or port restored this week
NTB02001G00,ZTE,C300,,gpon_1/8/14,up,2.4,nan,NTB02X1SR9T,Recovered / Fixed,SFP inserted or port restored this week
NTB02001G00,ZTE,C300,,gpon_1/8/15,up,2.4,nan,NTB02X1XXRN,Recovered / Fixed,SFP inserted or port restored this week
NTB02001G00,ZTE,C300,,gpon_1/8/16,up,2.4,nan,NTB02X1XXRO,Recovered / Fixed,SFP inserted or port restored this week
NTB02001G00,ZTE,C300,,gpon_1/8/2,up,2.4,nan,NTB02X1MZEZ,Recovered / Fixed,SFP inserted or port restored this week
NTB02001G00,ZTE,C300,,gpon_1/8/3,up,2.4,nan,NTB02X1MZF3,Recovered / Fixed,SFP inserted or port restored this week
NTB02001G00,ZTE,C300,,gpon_1/8/4,up,2.4,nan,NTB02X1MZGY,Recovered / Fixed,SFP inserted or port restored this week
NTB02001G00,ZTE,C300,,gpon_1/8/5,up,2.4,nan,NTB02X1M8RD,Recovered / Fixed,SFP inserted or port restored this week
NTB02001G00,ZTE,C300,,gpon_1/8/6,up,2.4,nan,NTB02X1MZI8,Recovered / Fixed,SFP inserted or port restored this week
NTB02001G00,ZTE,C300,,gpon_1/8/7,up,2.4,nan,NTB02X1SKCC,Recovered / Fixed,SFP inserted or port restored this week
NTB02001G00,ZTE,C300,,gpon_1/8/8,up,2.4,nan,NTB02X1SKDM,Recovered / Fixed,SFP inserted or port restored this week
NTB02001G00,ZTE,C300,,gpon_1/8/9,up,2.4,nan,NTB02X1SKDO,Recovered / Fixed,SFP inserted or port restored this week
NTB02001G00,ZTE,C300,,gpon_1/9/1,up,2.4,nan,NTB02X1XXPW,Recovered / Fixed,SFP inserted or port restored this week
NTB02001G00,ZTE,C300,,gpon_1/9/10,up,2.4,nan,NTB02X1SY2E,Recovered / Fixed,SFP inserted or port restored this week
NTB02001G00,ZTE,C300,,gpon_1/9/11,up,2.4,nan,NTB02X1SY32,Recovered / Fixed,SFP inserted or port restored this week
NTB02001G00,ZTE,C300,,gpon_1/9/12,up,2.4,nan,NTB02X1SY33,Recovered / Fixed,SFP inserted or port restored this week
NTB02001G00,ZTE,C300,,gpon_1/9/13,up,2.4,nan,NTB02X2157T,Recovered / Fixed,SFP inserted or port restored this week
NTB02001G00,ZTE,C300,,gpon_1/9/14,up,2.4,nan,NTB02X2157U,Recovered / Fixed,SFP inserted or port restored this week
NTB02001G00,ZTE,C300,,gpon_1/9/15,up,2.4,nan,NTB02X215YR,Recovered / Fixed,SFP inserted or port restored this week
NTB02001G00,ZTE,C300,,gpon_1/9/2,up,2.4,nan,NTB02X1XXTF,Recovered / Fixed,SFP inserted or port restored this week
NTB02001G00,ZTE,C300,,gpon_1/9/3,up,2.4,nan,NTB02X1XXTG,Recovered / Fixed,SFP inserted or port restored this week
NTB02001G00,ZTE,C300,,gpon_1/9/5,up,2.4,nan,NTB02X1Y0CG,Recovered / Fixed,SFP inserted or port restored this week
NTB02001G00,ZTE,C300,,gpon_1/9/6,up,2.4,nan,NTB02X1Y0CH,Recovered / Fixed,SFP inserted or port restored this week
NTB02001G00,ZTE,C300,,gpon_1/9/7,up,2.4,nan,NTB02X1SY27,Recovered / Fixed,SFP inserted or port restored this week
NTB02001G00,ZTE,C300,,gpon_1/9/8,up,2.4,nan,NTB02X1SY28,Recovered / Fixed,SFP inserted or port restored this week
NTB02001G00,ZTE,C300,,gpon_1/9/9,up,2.4,nan,NTB02X1SY29,Recovered / Fixed,SFP inserted or port restored this week
NTB02002GO1,Fiberhome,AN5516-04,,PON 1/3,up,2.4,nan,NTB02X2FXSD,Recovered / Fixed,SFP inserted or port restored this week
NTB03001G00,ZTE,C300,,gpon_1/16/12,up,2.4,nan,NTB03X19CO1,Recovered / Fixed,SFP inserted or port restored this week
NTB03001G00,ZTE,C300,,gpon_1/16/5,up,2.4,nan,NTB03X19CFB,Recovered / Fixed,SFP inserted or port restored this week
NTB03001G00,ZTE,C300,,gpon_1/17/1,up,2.4,nan,NTB03X19CXK,Recovered / Fixed,SFP inserted or port restored this week
NTB03001G00,ZTE,C300,,gpon_1/17/10,up,2.4,nan,NTB03X1OB91,Recovered / Fixed,SFP inserted or port restored this week
NTB03001G00,ZTE,C300,,gpon_1/17/11,up,2.4,nan,NTB03X1O8E4,Recovered / Fixed,SFP inserted or port restored this week
NTB03001G00,ZTE,C300,,gpon_1/17/12,up,2.4,nan,NTB03X1O80B,Recovered / Fixed,SFP inserted or port restored this week
NTB03001G00,ZTE,C300,,gpon_1/17/13,up,2.4,nan,NTB03X1PEO3,Recovered / Fixed,SFP inserted or port restored this week
NTB03001G00,ZTE,C300,,gpon_1/17/14,up,2.4,nan,NTB03X1PEAV,Recovered / Fixed,SFP inserted or port restored this week
NTB03001G00,ZTE,C300,,gpon_1/17/15,up,2.4,nan,NTB03X1QACD,Recovered / Fixed,SFP inserted or port restored this week
NTB03001G00,ZTE,C300,,gpon_1/17/16,up,2.4,nan,NTB04X1ZBV4,Recovered / Fixed,SFP inserted or port restored this week
NTB03001G00,ZTE,C300,,gpon_1/17/2,up,2.4,nan,NTB03X19CXO,Recovered / Fixed,SFP inserted or port restored this week
NTB03001G00,ZTE,C300,,gpon_1/17/3,up,2.4,nan,NTB03X19D33,Recovered / Fixed,SFP inserted or port restored this week
NTB03001G00,ZTE,C300,,gpon_1/17/4,up,2.4,nan,NTB03X1I8GR,Recovered / Fixed,SFP inserted or port restored this week
NTB03001G00,ZTE,C300,,gpon_1/17/5,up,2.4,nan,NTB03X1I8GT,Recovered / Fixed,SFP inserted or port restored this week
NTB03001G00,ZTE,C300,,gpon_1/17/6,up,2.4,nan,NTB03X1I8HA,Recovered / Fixed,SFP inserted or port restored this week
NTB03001G00,ZTE,C300,,gpon_1/17/7,up,2.4,nan,NTB03X1I8HY,Recovered / Fixed,SFP inserted or port restored this week
NTB03001G00,ZTE,C300,,gpon_1/17/8,up,2.4,nan,NTB03X1I8HZ,Recovered / Fixed,SFP inserted or port restored this week
NTB03001G00,ZTE,C300,,gpon_1/17/9,up,2.4,nan,NTB03X1O8D6,Recovered / Fixed,SFP inserted or port restored this week
NTB03001G00,ZTE,C300,,gpon_1/18/15,up,2.4,nan,NTB03X3G84S,Recovered / Fixed,SFP inserted or port restored this week
NTB03001G00,ZTE,C300,,gpon_1/2/13,up,2.4,nan,NTB04X18B9R,Recovered / Fixed,SFP inserted or port restored this week
NTB03001G00,ZTE,C300,,gpon_1/5/9,up,2.4,nan,NTB03X17NKB,Recovered / Fixed,SFP inserted or port restored this week
NTB03001G00,ZTE,C300,,gpon_1/6/8,up,2.4,nan,NTB03X17O5H,Recovered / Fixed,SFP inserted or port restored this week
NTB03001G00,ZTE,C300,,gpon_1/9/1,up,2.4,nan,NTB01X11D7E,Recovered / Fixed,SFP inserted or port restored this week
NTB03001G01,ZTE,C300,,gpon_1/14/11,up,2.4,nan,NTB03X2LQMG,Recovered / Fixed,SFP inserted or port restored this week
NTB03001G01,ZTE,C300,,gpon_1/15/1,up,2.4,nan,NTB03X3I02I,Recovered / Fixed,SFP inserted or port restored this week
NTB03001G01,ZTE,C300,,gpon_1/15/2,up,2.4,nan,NTB03X3IN5C,Recovered / Fixed,SFP inserted or port restored this week
NTB03001G01,ZTE,C300,,gpon_1/15/4,up,2.4,nan,NTB03X3J9CF,Recovered / Fixed,SFP inserted or port restored this week
NTB03001G01,ZTE,C300,,gpon_1/15/6,up,2.4,nan,NTB01X3OQYH,Recovered / Fixed,SFP inserted or port restored this week
NTB03001G01,ZTE,C300,,gpon_1/15/7,up,2.4,nan,NTB03X3POZ2,Recovered / Fixed,SFP inserted or port restored this week
NTB03001G01,ZTE,C300,,gpon_1/15/8,up,2.4,nan,NTB03X3RUWD,Recovered / Fixed,SFP inserted or port restored this week
NTB03001G01,ZTE,C300,,gpon_1/2/10,up,2.4,nan,NTB01X11BO6,Recovered / Fixed,SFP inserted or port restored this week
NTB03001G01,ZTE,C300,,gpon_1/2/11,up,2.4,nan,NTB01X11BPX,Recovered / Fixed,SFP inserted or port restored this week
NTB03001G01,ZTE,C300,,gpon_1/2/12,up,2.4,nan,NTB01X11BQX,Recovered / Fixed,SFP inserted or port restored this week
NTB03001G01,ZTE,C300,,gpon_1/2/13,up,2.4,nan,NTB01X11BS4,Recovered / Fixed,SFP inserted or port restored this week
NTB03001G01,ZTE,C300,,gpon_1/2/14,up,2.4,nan,NTB01X11BTH,Recovered / Fixed,SFP inserted or port restored this week
NTB03001G01,ZTE,C300,,gpon_1/2/15,up,2.4,nan,NTB01X11BTJ,Recovered / Fixed,SFP inserted or port restored this week
NTB03001G01,ZTE,C300,,gpon_1/2/16,up,2.4,nan,NTB01X11BWV,Recovered / Fixed,SFP inserted or port restored this week
NTB03001G01,ZTE,C300,,gpon_1/2/8,up,2.4,nan,NTB01X11BMJ,Recovered / Fixed,SFP inserted or port restored this week
NTB03001G01,ZTE,C300,,gpon_1/2/9,up,2.4,nan,NTB01X11BMX,Recovered / Fixed,SFP inserted or port restored this week
NTB03001G01,ZTE,C300,,gpon_1/3/1,up,2.4,nan,NTB01X11BWX,Recovered / Fixed,SFP inserted or port restored this week
NTB03001G01,ZTE,C300,,gpon_1/3/10,up,2.4,nan,NTB01X11BZ3,Recovered / Fixed,SFP inserted or port restored this week
NTB03001G01,ZTE,C300,,gpon_1/3/11,up,2.4,nan,NTB01X11BZ4,Recovered / Fixed,SFP inserted or port restored this week
NTB03001G01,ZTE,C300,,gpon_1/3/12,up,2.4,nan,NTB01X11C0A,Recovered / Fixed,SFP inserted or port restored this week
NTB03001G01,ZTE,C300,,gpon_1/3/13,up,2.4,nan,NTB01X11C0B,Recovered / Fixed,SFP inserted or port restored this week
NTB03001G01,ZTE,C300,,gpon_1/3/14,up,2.4,nan,NTB01X1DOH4,Recovered / Fixed,SFP inserted or port restored this week
NTB03001G01,ZTE,C300,,gpon_1/3/15,up,2.4,nan,NTB01X11C14,Recovered / Fixed,SFP inserted or port restored this week
NTB03001G01,ZTE,C300,,gpon_1/3/16,up,2.4,nan,NTB01X11C15,Recovered / Fixed,SFP inserted or port restored this week
NTB03001G01,ZTE,C300,,gpon_1/3/2,up,2.4,nan,NTB01X11BV0,Recovered / Fixed,SFP inserted or port restored this week
NTB03001G01,ZTE,C300,,gpon_1/3/3,up,2.4,nan,NTB01X11BU6,Recovered / Fixed,SFP inserted or port restored this week
NTB03001G01,ZTE,C300,,gpon_1/3/4,up,2.4,nan,NTB01X11BU8,Recovered / Fixed,SFP inserted or port restored this week
NTB03001G01,ZTE,C300,,gpon_1/3/5,up,2.4,nan,NTB01X11BVQ,Recovered / Fixed,SFP inserted or port restored this week
NTB03001G01,ZTE,C300,,gpon_1/3/6,up,2.4,nan,NTB01X11BVR,Recovered / Fixed,SFP inserted or port restored this week
NTB03001G01,ZTE,C300,,gpon_1/3/7,up,2.4,nan,NTB01X11BX8,Recovered / Fixed,SFP inserted or port restored this week
NTB03001G01,ZTE,C300,,gpon_1/3/8,up,2.4,nan,NTB01X11BY4,Recovered / Fixed,SFP inserted or port restored this week
NTB03001G01,ZTE,C300,,gpon_1/3/9,up,2.4,nan,NTB01X11BY6,Recovered / Fixed,SFP inserted or port restored this week
NTB03001G01,ZTE,C300,,gpon_1/4/1,up,2.4,nan,NTB01X11C1F,Recovered / Fixed,SFP inserted or port restored this week
NTB03001G01,ZTE,C300,,gpon_1/4/10,up,2.4,nan,NTB01X11CCR,Recovered / Fixed,SFP inserted or port restored this week
NTB03001G01,ZTE,C300,,gpon_1/4/11,up,2.4,nan,NTB01X11CCT,Recovered / Fixed,SFP inserted or port restored this week
NTB03001G01,ZTE,C300,,gpon_1/4/12,up,2.4,nan,NTB01X11C8B,Recovered / Fixed,SFP inserted or port restored this week
NTB03001G01,ZTE,C300,,gpon_1/4/13,up,2.4,nan,NTB01X11C8D,Recovered / Fixed,SFP inserted or port restored this week
NTB03001G01,ZTE,C300,,gpon_1/4/14,up,2.4,nan,NTB01X11CAD,Recovered / Fixed,SFP inserted or port restored this week
NTB03001G01,ZTE,C300,,gpon_1/4/15,up,2.4,nan,NTB01X11CAE,Recovered / Fixed,SFP inserted or port restored this week
NTB03001G01,ZTE,C300,,gpon_1/4/16,up,2.4,nan,NTB01X11CAW,Recovered / Fixed,SFP inserted or port restored this week
NTB03001G01,ZTE,C300,,gpon_1/4/2,up,2.4,nan,NTB01X11C1V,Recovered / Fixed,SFP inserted or port restored this week
NTB03001G01,ZTE,C300,,gpon_1/4/3,up,2.4,nan,NTB01X1G3WX,Recovered / Fixed,SFP inserted or port restored this week
NTB03001G01,ZTE,C300,,gpon_1/4/4,up,2.4,nan,NTB01X1F3V5,Recovered / Fixed,SFP inserted or port restored this week
NTB03001G01,ZTE,C300,,gpon_1/4/5,up,2.4,nan,NTB01X11C2D,Recovered / Fixed,SFP inserted or port restored this week
NTB03001G01,ZTE,C300,,gpon_1/4/6,up,2.4,nan,NTB01X1G3TH,Recovered / Fixed,SFP inserted or port restored this week
NTB03001G01,ZTE,C300,,gpon_1/4/7,up,2.4,nan,NTB01X11CFE,Recovered / Fixed,SFP inserted or port restored this week
NTB03001G01,ZTE,C300,,gpon_1/4/8,up,2.4,nan,NTB01X11CGF,Recovered / Fixed,SFP inserted or port restored this week
NTB03001G01,ZTE,C300,,gpon_1/4/9,up,2.4,nan,NTB01X11CGH,Recovered / Fixed,SFP inserted or port restored this week
NTB03001G01,ZTE,C300,,gpon_1/5/1,up,2.4,nan,NTB01X11CAX,Recovered / Fixed,SFP inserted or port restored this week
NTB03001G01,ZTE,C300,,gpon_1/5/10,up,2.4,nan,NTB04X1N355,Recovered / Fixed,SFP inserted or port restored this week
NTB03001G01,ZTE,C300,,gpon_1/5/11,up,2.4,nan,NTB04X1Q7RM,Recovered / Fixed,SFP inserted or port restored this week
NTB03001G01,ZTE,C300,,gpon_1/5/12,up,2.4,nan,NTB04X1N37E,Recovered / Fixed,SFP inserted or port restored this week
NTB03001G01,ZTE,C300,,gpon_1/5/14,up,2.4,nan,NTB04X1N35S,Recovered / Fixed,SFP inserted or port restored this week
NTB03001G01,ZTE,C300,,gpon_1/5/15,up,2.4,nan,NTB04X1N35V,Recovered / Fixed,SFP inserted or port restored this week
NTB03001G01,ZTE,C300,,gpon_1/5/16,up,2.4,nan,NTB04X1N35W,Recovered / Fixed,SFP inserted or port restored this week
NTB03001G01,ZTE,C300,,gpon_1/5/2,up,2.4,nan,NTB01X11CBR,Recovered / Fixed,SFP inserted or port restored this week
NTB03001G01,ZTE,C300,,gpon_1/5/3,up,2.4,nan,NTB04X1N2C1,Recovered / Fixed,SFP inserted or port restored this week
NTB03001G01,ZTE,C300,,gpon_1/5/4,up,2.4,nan,NTB04X1N33V,Recovered / Fixed,SFP inserted or port restored this week
NTB03001G01,ZTE,C300,,gpon_1/5/5,up,2.4,nan,NTB04X1N4TO,Recovered / Fixed,SFP inserted or port restored this week
NTB03001G01,ZTE,C300,,gpon_1/5/6,up,2.4,nan,NTB04X1Q73M,Recovered / Fixed,SFP inserted or port restored this week
NTB03001G01,ZTE,C300,,gpon_1/5/7,up,2.4,nan,NTB04X1N34J,Recovered / Fixed,SFP inserted or port restored this week
NTB03001G01,ZTE,C300,,gpon_1/5/8,up,2.4,nan,NTB04X1N34S,Recovered / Fixed,SFP inserted or port restored this week
NTB03001G01,ZTE,C300,,gpon_1/5/9,up,2.4,nan,NTB04X1N354,Recovered / Fixed,SFP inserted or port restored this week
NTB03001G01,ZTE,C300,,gpon_1/6/1,up,2.4,nan,NTB04X1N35B,Recovered / Fixed,SFP inserted or port restored this week
NTB03001G01,ZTE,C300,,gpon_1/6/10,up,2.4,nan,NTB01X1OP7Z,Recovered / Fixed,SFP inserted or port restored this week
NTB03001G01,ZTE,C300,,gpon_1/6/11,up,2.4,nan,NTB01X1RQWZ,Recovered / Fixed,SFP inserted or port restored this week
NTB03001G01,ZTE,C300,,gpon_1/6/12,up,2.4,nan,NTB01X1RQX0,Recovered / Fixed,SFP inserted or port restored this week
NTB03001G01,ZTE,C300,,gpon_1/6/14,up,2.4,nan,NTB03X1QQIR,Recovered / Fixed,SFP inserted or port restored this week
NTB03001G01,ZTE,C300,,gpon_1/6/15,up,2.4,nan,NTB01X1PY1Q,Recovered / Fixed,SFP inserted or port restored this week
NTB03001G01,ZTE,C300,,gpon_1/6/16,up,2.4,nan,NTB01X1PY1S,Recovered / Fixed,SFP inserted or port restored this week
NTB03001G01,ZTE,C300,,gpon_1/6/2,up,2.4,nan,NTB04X1N35K,Recovered / Fixed,SFP inserted or port restored this week
NTB03001G01,ZTE,C300,,gpon_1/6/3,up,2.4,nan,NTB04X1QAB7,Recovered / Fixed,SFP inserted or port restored this week
NTB03001G01,ZTE,C300,,gpon_1/6/4,up,2.4,nan,NTB01X11C36,Recovered / Fixed,SFP inserted or port restored this week
NTB03001G01,ZTE,C300,,gpon_1/6/5,up,2.4,nan,NTB01X11C37,Recovered / Fixed,SFP inserted or port restored this week
NTB03001G01,ZTE,C300,,gpon_1/6/6,up,2.4,nan,NTB01X11C3S,Recovered / Fixed,SFP inserted or port restored this week
NTB03001G01,ZTE,C300,,gpon_1/6/7,up,2.4,nan,NTB01X11C3T,Recovered / Fixed,SFP inserted or port restored this week
NTB03001G01,ZTE,C300,,gpon_1/6/8,up,2.4,nan,NTB04X1RT6M,Recovered / Fixed,SFP inserted or port restored this week
NTB03001G01,ZTE,C300,,gpon_1/6/9,up,2.4,nan,NTB01X1OP7Y,Recovered / Fixed,SFP inserted or port restored this week
NTB03001G01,ZTE,C300,,gpon_1/7/1,up,2.4,nan,NTB03X1S8ID,Recovered / Fixed,SFP inserted or port restored this week
NTB03001G01,ZTE,C300,,gpon_1/7/10,up,2.4,nan,NTB01X1RCJT,Recovered / Fixed,SFP inserted or port restored this week
NTB03001G01,ZTE,C300,,gpon_1/7/11,up,2.4,nan,NTB01X1RG40,Recovered / Fixed,SFP inserted or port restored this week
NTB03001G01,ZTE,C300,,gpon_1/7/12,up,2.4,nan,NTB01X1RG4X,Recovered / Fixed,SFP inserted or port restored this week
NTB03001G01,ZTE,C300,,gpon_1/7/13,up,2.4,nan,NTB01X1REGU,Recovered / Fixed,SFP inserted or port restored this week
NTB03001G01,ZTE,C300,,gpon_1/7/14,up,2.4,nan,NTB01X1RFB9,Recovered / Fixed,SFP inserted or port restored this week
NTB03001G01,ZTE,C300,,gpon_1/7/15,up,2.4,nan,NTB01X1RH1S,Recovered / Fixed,SFP inserted or port restored this week
NTB03001G01,ZTE,C300,,gpon_1/7/16,down,2.4,nan,NTB01X1L8RE,Recovered / Fixed,SFP inserted or port restored this week
NTB03001G01,ZTE,C300,,gpon_1/7/2,up,2.4,nan,NTB03X1S8IF,Recovered / Fixed,SFP inserted or port restored this week
NTB03001G01,ZTE,C300,,gpon_1/7/3,up,2.4,nan,NTB03X1OYQ9,Recovered / Fixed,SFP inserted or port restored this week
NTB03001G01,ZTE,C300,,gpon_1/7/4,up,2.4,nan,NTB03X1OYQA,Recovered / Fixed,SFP inserted or port restored this week
NTB03001G01,ZTE,C300,,gpon_1/7/5,up,2.4,nan,NTB04X2B46Q,Recovered / Fixed,SFP inserted or port restored this week
NTB03001G01,ZTE,C300,,gpon_1/7/6,up,2.4,nan,NTB03X1OYQ7,Recovered / Fixed,SFP inserted or port restored this week
NTB03001G01,ZTE,C300,,gpon_1/7/7,up,2.4,nan,NTB03X1OYQD,Recovered / Fixed,SFP inserted or port restored this week
NTB03001G01,ZTE,C300,,gpon_1/7/8,up,2.4,nan,NTB03X1OYQE,Recovered / Fixed,SFP inserted or port restored this week
NTB03001G01,ZTE,C300,,gpon_1/7/9,up,2.4,nan,NTB01X1RCIL,Recovered / Fixed,SFP inserted or port restored this week
NTB03002G00,ZTE,C300,,gpon_1/12/1,up,2.4,nan,NTB03X1C1LX,Recovered / Fixed,SFP inserted or port restored this week
NTB03002G00,ZTE,C300,,gpon_1/12/10,up,2.4,nan,NTB03X1AGEC,Recovered / Fixed,SFP inserted or port restored this week
NTB03002G00,ZTE,C300,,gpon_1/12/11,up,2.4,nan,NTB03X1AGHL,Recovered / Fixed,SFP inserted or port restored this week
NTB03002G00,ZTE,C300,,gpon_1/12/12,up,2.4,nan,NTB03X1AGHQ,Recovered / Fixed,SFP inserted or port restored this week
NTB03002G00,ZTE,C300,,gpon_1/12/13,up,2.4,nan,NTB03X1LCU8,Recovered / Fixed,SFP inserted or port restored this week
NTB03002G00,ZTE,C300,,gpon_1/12/14,up,2.4,nan,NTB03X1LCU9,Recovered / Fixed,SFP inserted or port restored this week
NTB03002G00,ZTE,C300,,gpon_1/12/15,up,2.4,nan,NTB03X1LCT9,Recovered / Fixed,SFP inserted or port restored this week
NTB03002G00,ZTE,C300,,gpon_1/12/16,up,2.4,nan,NTB03X1LCWK,Recovered / Fixed,SFP inserted or port restored this week
NTB03002G00,ZTE,C300,,gpon_1/12/2,up,2.4,nan,NTB03X1AGZC,Recovered / Fixed,SFP inserted or port restored this week
NTB03002G00,ZTE,C300,,gpon_1/12/3,up,2.4,nan,NTB03X1OW16,Recovered / Fixed,SFP inserted or port restored this week
NTB03002G00,ZTE,C300,,gpon_1/12/4,up,2.4,nan,NTB03X1P032,Recovered / Fixed,SFP inserted or port restored this week
NTB03002G00,ZTE,C300,,gpon_1/12/5,up,2.4,nan,NTB03X1AH0Q,Recovered / Fixed,SFP inserted or port restored this week
NTB03002G00,ZTE,C300,,gpon_1/12/6,up,2.4,nan,NTB03X1AH0S,Recovered / Fixed,SFP inserted or port restored this week
NTB03002G00,ZTE,C300,,gpon_1/12/7,up,2.4,nan,NTB03X1P014,Recovered / Fixed,SFP inserted or port restored this week
NTB03002G00,ZTE,C300,,gpon_1/12/8,up,2.4,nan,NTB03X1OZYF,Recovered / Fixed,SFP inserted or port restored this week
NTB03002G00,ZTE,C300,,gpon_1/13/1,up,2.4,nan,NTB03X1LCWU,Recovered / Fixed,SFP inserted or port restored this week
NTB03002G00,ZTE,C300,,gpon_1/13/10,up,2.4,nan,NTB03X1LKYK,Recovered / Fixed,SFP inserted or port restored this week
NTB03002G00,ZTE,C300,,gpon_1/13/11,up,2.4,nan,NTB03X1AHYS,Recovered / Fixed,SFP inserted or port restored this week
NTB03002G00,ZTE,C300,,gpon_1/13/12,up,2.4,nan,NTB03X1AI0O,Recovered / Fixed,SFP inserted or port restored this week
NTB03002G00,ZTE,C300,,gpon_1/13/13,up,2.4,nan,NTB03X1AI0R,Recovered / Fixed,SFP inserted or port restored this week
NTB03002G00,ZTE,C300,,gpon_1/13/14,up,2.4,nan,NTB03X1AI1F,Recovered / Fixed,SFP inserted or port restored this week
NTB03002G00,ZTE,C300,,gpon_1/13/15,up,2.4,nan,NTB03X1B20J,Recovered / Fixed,SFP inserted or port restored this week
NTB03002G00,ZTE,C300,,gpon_1/13/16,up,2.4,nan,NTB03X1LM3E,Recovered / Fixed,SFP inserted or port restored this week
NTB03002G00,ZTE,C300,,gpon_1/13/2,up,2.4,nan,NTB03X1AICK,Recovered / Fixed,SFP inserted or port restored this week
NTB03002G00,ZTE,C300,,gpon_1/13/3,up,2.4,nan,NTB03X1PIHB,Recovered / Fixed,SFP inserted or port restored this week
NTB03002G00,ZTE,C300,,gpon_1/13/4,up,2.4,nan,NTB03X1LKET,Recovered / Fixed,SFP inserted or port restored this week
NTB03002G00,ZTE,C300,,gpon_1/13/5,up,2.4,nan,NTB03X1LKEU,Recovered / Fixed,SFP inserted or port restored this week
NTB03002G00,ZTE,C300,,gpon_1/13/6,up,2.4,nan,NTB03X1LCX1,Recovered / Fixed,SFP inserted or port restored this week
NTB03002G00,ZTE,C300,,gpon_1/13/7,up,2.4,nan,NTB03X1LKFC,Recovered / Fixed,SFP inserted or port restored this week
NTB03002G00,ZTE,C300,,gpon_1/13/8,up,2.4,nan,NTB03X1AHXO,Recovered / Fixed,SFP inserted or port restored this week
NTB03002G00,ZTE,C300,,gpon_1/13/9,up,2.4,nan,NTB03X1AHXR,Recovered / Fixed,SFP inserted or port restored this week
NTB03002G00,ZTE,C300,,gpon_1/14/1,up,2.4,nan,NTB03X1OVDJ,Recovered / Fixed,SFP inserted or port restored this week
NTB03002G00,ZTE,C300,,gpon_1/14/10,up,2.4,nan,NTB03X1AH8J,Recovered / Fixed,SFP inserted or port restored this week
NTB03002G00,ZTE,C300,,gpon_1/14/11,up,2.4,nan,NTB03X1AH8M,Recovered / Fixed,SFP inserted or port restored this week
NTB03002G00,ZTE,C300,,gpon_1/14/12,up,2.4,nan,NTB03X1OVPF,Recovered / Fixed,SFP inserted or port restored this week
NTB03002G00,ZTE,C300,,gpon_1/14/13,up,2.4,nan,NTB03X1AHAL,Recovered / Fixed,SFP inserted or port restored this week
NTB03002G00,ZTE,C300,,gpon_1/14/14,up,2.4,nan,NTB03X1AHAM,Recovered / Fixed,SFP inserted or port restored this week
NTB03002G00,ZTE,C300,,gpon_1/14/15,up,2.4,nan,NTB03X1AHDF,Recovered / Fixed,SFP inserted or port restored this week
NTB03002G00,ZTE,C300,,gpon_1/14/16,up,2.4,nan,NTB03X1AHDG,Recovered / Fixed,SFP inserted or port restored this week
NTB03002G00,ZTE,C300,,gpon_1/14/2,up,2.4,nan,NTB03X1AI1Z,Recovered / Fixed,SFP inserted or port restored this week
NTB03002G00,ZTE,C300,,gpon_1/14/3,up,2.4,nan,NTB03X1AI1X,Recovered / Fixed,SFP inserted or port restored this week
NTB03002G00,ZTE,C300,,gpon_1/14/4,up,2.4,nan,NTB03X1OVLB,Recovered / Fixed,SFP inserted or port restored this week
NTB03002G00,ZTE,C300,,gpon_1/14/5,up,2.4,nan,NTB03X1AI2P,Recovered / Fixed,SFP inserted or port restored this week
NTB03002G00,ZTE,C300,,gpon_1/14/6,up,2.4,nan,NTB03X1AI2Q,Recovered / Fixed,SFP inserted or port restored this week
NTB03002G00,ZTE,C300,,gpon_1/14/7,up,2.4,nan,NTB03X1AI2Z,Recovered / Fixed,SFP inserted or port restored this week
NTB03002G00,ZTE,C300,,gpon_1/14/8,up,2.4,nan,NTB03X1PIQS,Recovered / Fixed,SFP inserted or port restored this week
NTB03002G00,ZTE,C300,,gpon_1/14/9,up,2.4,nan,NTB03X1AHFD,Recovered / Fixed,SFP inserted or port restored this week
NTB03002G00,ZTE,C300,,gpon_1/15/1,up,2.4,nan,NTB03X1AHE4,Recovered / Fixed,SFP inserted or port restored this week
NTB03002G00,ZTE,C300,,gpon_1/15/10,up,2.4,nan,NTB03X1AH5K,Recovered / Fixed,SFP inserted or port restored this week
NTB03002G00,ZTE,C300,,gpon_1/15/11,down,2.4,nan,NTB03X1OVXV,Recovered / Fixed,SFP inserted or port restored this week
NTB03002G00,ZTE,C300,,gpon_1/15/12,up,2.4,nan,NTB03X1LMBQ,Recovered / Fixed,SFP inserted or port restored this week
NTB03002G00,ZTE,C300,,gpon_1/15/13,up,2.4,nan,NTB03X1LMBR,Recovered / Fixed,SFP inserted or port restored this week
NTB03002G00,ZTE,C300,,gpon_1/15/14,up,2.4,nan,NTB03X1AH3I,Recovered / Fixed,SFP inserted or port restored this week
NTB03002G00,ZTE,C300,,gpon_1/15/15,up,2.4,nan,NTB03X1AH3E,Recovered / Fixed,SFP inserted or port restored this week
NTB03002G00,ZTE,C300,,gpon_1/15/16,up,2.4,nan,NTB03X1AH24,Recovered / Fixed,SFP inserted or port restored this week
NTB03002G00,ZTE,C300,,gpon_1/15/2,up,2.4,nan,NTB03X1AHE5,Recovered / Fixed,SFP inserted or port restored this week
NTB03002G00,ZTE,C300,,gpon_1/15/3,up,2.4,nan,NTB03X1B5QW,Recovered / Fixed,SFP inserted or port restored this week
NTB03002G00,ZTE,C300,,gpon_1/15/4,up,2.4,nan,NTB03X1B5QZ,Recovered / Fixed,SFP inserted or port restored this week
NTB03002G00,ZTE,C300,,gpon_1/15/5,up,2.4,nan,NTB03X1AHEY,Recovered / Fixed,SFP inserted or port restored this week
NTB03002G00,ZTE,C300,,gpon_1/15/6,up,2.4,nan,NTB03X1OVUV,Recovered / Fixed,SFP inserted or port restored this week
NTB03002G00,ZTE,C300,,gpon_1/15/7,up,2.4,nan,NTB03X1AH4E,Recovered / Fixed,SFP inserted or port restored this week
NTB03002G00,ZTE,C300,,gpon_1/15/8,up,2.4,nan,NTB03X1AH4I,Recovered / Fixed,SFP inserted or port restored this week
NTB03002G00,ZTE,C300,,gpon_1/15/9,up,2.4,nan,NTB03X1AH5C,Recovered / Fixed,SFP inserted or port restored this week
NTB03002G00,ZTE,C300,,gpon_1/16/10,up,2.4,nan,NTB02X1QFLN,Recovered / Fixed,SFP inserted or port restored this week
NTB03002G00,ZTE,C300,,gpon_1/16/12,up,2.4,nan,NTB02X1QFKD,Recovered / Fixed,SFP inserted or port restored this week
NTB03002G00,ZTE,C300,,gpon_1/16/13,up,2.4,nan,NTB02X1QFL7,Recovered / Fixed,SFP inserted or port restored this week
NTB03002G00,ZTE,C300,,gpon_1/16/14,up,2.4,nan,NTB02X1QFL8,Recovered / Fixed,SFP inserted or port restored this week
NTB03002G00,ZTE,C300,,gpon_1/16/15,up,2.4,nan,NTB02X1QFL2,Recovered / Fixed,SFP inserted or port restored this week
NTB03002G00,ZTE,C300,,gpon_1/16/16,up,2.4,nan,NTB02X1QFKQ,Recovered / Fixed,SFP inserted or port restored this week
NTB03002G00,ZTE,C300,,gpon_1/16/2,up,2.4,nan,NTB03X1AH27,Recovered / Fixed,SFP inserted or port restored this week
NTB03002G00,ZTE,C300,,gpon_1/16/3,up,2.4,nan,NTB02X1QFPF,Recovered / Fixed,SFP inserted or port restored this week
NTB03002G00,ZTE,C300,,gpon_1/16/4,up,2.4,nan,NTB02X1QFPT,Recovered / Fixed,SFP inserted or port restored this week
NTB03002G00,ZTE,C300,,gpon_1/16/5,up,2.4,nan,NTB02X1QFPP,Recovered / Fixed,SFP inserted or port restored this week
NTB03002G00,ZTE,C300,,gpon_1/16/6,up,2.4,nan,NTB02X1QFPV,Recovered / Fixed,SFP inserted or port restored this week
NTB03002G00,ZTE,C300,,gpon_1/16/7,down,2.4,nan,NTB02X1QFQB,Recovered / Fixed,SFP inserted or port restored this week
NTB03002G00,ZTE,C300,,gpon_1/16/8,up,2.4,nan,NTB02X1QFJU,Recovered / Fixed,SFP inserted or port restored this week
NTB03002G00,ZTE,C300,,gpon_1/16/9,up,2.4,nan,NTB02X1QFJV,Recovered / Fixed,SFP inserted or port restored this week
NTB03002G00,ZTE,C300,,gpon_1/17/1,up,2.4,nan,NTB02X1QFKR,Recovered / Fixed,SFP inserted or port restored this week
NTB03002G00,ZTE,C300,,gpon_1/17/10,up,2.4,nan,NTB01X1OZU6,Recovered / Fixed,SFP inserted or port restored this week
NTB03002G00,ZTE,C300,,gpon_1/17/11,up,2.4,nan,NTB02X1PL3O,Recovered / Fixed,SFP inserted or port restored this week
NTB03002G00,ZTE,C300,,gpon_1/17/12,up,2.4,nan,NTB02X1PL3P,Recovered / Fixed,SFP inserted or port restored this week
NTB03002G00,ZTE,C300,,gpon_1/17/13,up,2.4,nan,NTB02X1LU7H,Recovered / Fixed,SFP inserted or port restored this week
NTB03002G00,ZTE,C300,,gpon_1/17/15,up,2.4,nan,NTB02X1PLAE,Recovered / Fixed,SFP inserted or port restored this week
NTB03002G00,ZTE,C300,,gpon_1/17/16,up,2.4,nan,NTB02X1PLAG,Recovered / Fixed,SFP inserted or port restored this week
NTB03002G00,ZTE,C300,,gpon_1/17/3,up,2.4,nan,NTB02X1QFNB,Recovered / Fixed,SFP inserted or port restored this week
NTB03002G00,ZTE,C300,,gpon_1/17/4,up,2.4,nan,NTB02X1PL1A,Recovered / Fixed,SFP inserted or port restored this week
NTB03002G00,ZTE,C300,,gpon_1/17/5,up,2.4,nan,NTB02X1PL1B,Recovered / Fixed,SFP inserted or port restored this week
NTB03002G00,ZTE,C300,,gpon_1/17/6,up,2.4,nan,NTB02X1PL1C,Recovered / Fixed,SFP inserted or port restored this week
NTB03002G00,ZTE,C300,,gpon_1/17/7,up,2.4,nan,NTB02X1LU6G,Recovered / Fixed,SFP inserted or port restored this week
NTB03002G00,ZTE,C300,,gpon_1/17/8,up,2.4,nan,NTB02X1LU6I,Recovered / Fixed,SFP inserted or port restored this week
NTB03002G00,ZTE,C300,,gpon_1/17/9,up,2.4,nan,NTB01X1OZTL,Recovered / Fixed,SFP inserted or port restored this week
NTB03002G00,ZTE,C300,,gpon_1/2/4,up,2.4,nan,NTB02X1BE4W,Recovered / Fixed,SFP inserted or port restored this week
NTB03002G00,ZTE,C300,,gpon_1/3/2,up,2.4,nan,NTB02X1BX54,Recovered / Fixed,SFP inserted or port restored this week
NTB03002G00,ZTE,C300,,gpon_1/6/3,up,2.4,nan,NTB02X1BG08,Recovered / Fixed,SFP inserted or port restored this week
NTB03002G00,ZTE,C300,,gpon_1/7/13,up,2.4,nan,NTB02X1BE62,Recovered / Fixed,SFP inserted or port restored this week
NTB03002G00,ZTE,C300,,gpon_1/7/8,up,2.4,nan,NTB02X1BDXH,Recovered / Fixed,SFP inserted or port restored this week
NTB03002G00,ZTE,C300,,gpon_1/7/9,up,2.4,nan,NTB02X1BDY4,Recovered / Fixed,SFP inserted or port restored this week
NTB03002G00,ZTE,C300,,gpon_1/8/10,up,2.4,nan,NTB03X1I8PZ,Recovered / Fixed,SFP inserted or port restored this week
NTB03002G00,ZTE,C300,,gpon_1/8/11,up,2.4,nan,NTB03X1I8Q0,Recovered / Fixed,SFP inserted or port restored this week
NTB03002G00,ZTE,C300,,gpon_1/8/12,up,2.4,nan,NTB03X1I8PP,Recovered / Fixed,SFP inserted or port restored this week
NTB03002G00,ZTE,C300,,gpon_1/8/13,up,2.4,nan,NTB03X1I8PQ,Recovered / Fixed,SFP inserted or port restored this week
NTB03002G00,ZTE,C300,,gpon_1/8/14,up,2.4,nan,NTB03X1I8PU,Recovered / Fixed,SFP inserted or port restored this week
NTB03002G00,ZTE,C300,,gpon_1/8/15,up,2.4,nan,NTB03X1PSBI,Recovered / Fixed,SFP inserted or port restored this week
NTB03002G00,ZTE,C300,,gpon_1/8/16,up,2.4,nan,NTB03X1PSBJ,Recovered / Fixed,SFP inserted or port restored this week
NTB03002G00,ZTE,C300,,gpon_1/8/2,up,2.4,nan,NTB02X1BG97,Recovered / Fixed,SFP inserted or port restored this week
NTB03002G00,ZTE,C300,,gpon_1/8/5,up,2.4,nan,NTB02X1I5J3,Recovered / Fixed,SFP inserted or port restored this week
NTB03002G00,ZTE,C300,,gpon_1/8/6,up,2.4,nan,NTB02X1I5J6,Recovered / Fixed,SFP inserted or port restored this week
NTB03002G00,ZTE,C300,,gpon_1/8/9,up,2.4,nan,NTB02X1I5K1,Recovered / Fixed,SFP inserted or port restored this week
NTB03002G00,ZTE,C300,,gpon_1/9/1,up,2.4,nan,NTB03X1OWB7,Recovered / Fixed,SFP inserted or port restored this week
NTB03002G00,ZTE,C300,,gpon_1/9/10,up,2.4,nan,NTB03X1AGVZ,Recovered / Fixed,SFP inserted or port restored this week
NTB03002G00,ZTE,C300,,gpon_1/9/11,up,2.4,nan,NTB03X1AGUO,Recovered / Fixed,SFP inserted or port restored this week
NTB03002G00,ZTE,C300,,gpon_1/9/12,up,2.4,nan,NTB03X1AGUQ,Recovered / Fixed,SFP inserted or port restored this week
NTB03002G00,ZTE,C300,,gpon_1/9/13,up,2.4,nan,NTB03X1AGWR,Recovered / Fixed,SFP inserted or port restored this week
NTB03002G00,ZTE,C300,,gpon_1/9/14,up,2.4,nan,NTB03X1AGWT,Recovered / Fixed,SFP inserted or port restored this week
NTB03002G00,ZTE,C300,,gpon_1/9/15,up,2.4,nan,NTB03X1AGY5,Recovered / Fixed,SFP inserted or port restored this week
NTB03002G00,ZTE,C300,,gpon_1/9/3,up,2.4,nan,NTB03X1AGRD,Recovered / Fixed,SFP inserted or port restored this week
NTB03002G00,ZTE,C300,,gpon_1/9/4,up,2.4,nan,NTB03X1AGRG,Recovered / Fixed,SFP inserted or port restored this week
NTB03002G00,ZTE,C300,,gpon_1/9/5,up,2.4,nan,NTB03X1P03L,Recovered / Fixed,SFP inserted or port restored this week
NTB03002G00,ZTE,C300,,gpon_1/9/6,up,2.4,nan,NTB03X1AGSN,Recovered / Fixed,SFP inserted or port restored this week
NTB03002G00,ZTE,C300,,gpon_1/9/7,up,2.4,nan,NTB03X1AGSO,Recovered / Fixed,SFP inserted or port restored this week
NTB03002G00,ZTE,C300,,gpon_1/9/8,up,2.4,nan,NTB03X1AGRK,Recovered / Fixed,SFP inserted or port restored this week
NTB03002G00,ZTE,C300,,gpon_1/9/9,up,2.4,nan,NTB03X1AGVW,Recovered / Fixed,SFP inserted or port restored this week
NTB03002G01,ZTE,C300,,gpon_1/2/3,up,2.4,nan,NTB01X1S247,Recovered / Fixed,SFP inserted or port restored this week
NTB03003GO0,ZTE,C320,,gpon_1/1/10,up,2.4,nan,NTB03X22V7T,Recovered / Fixed,SFP inserted or port restored this week
NTB03003GO0,ZTE,C320,,gpon_1/1/8,up,2.4,nan,NTB03X1LV72,Recovered / Fixed,SFP inserted or port restored this week
NTB03003GO0,ZTE,C320,,gpon_1/2/3,up,2.4,nan,NTB03X28RHI,Recovered / Fixed,SFP inserted or port restored this week
NTB03003GO0,ZTE,C320,,gpon_1/2/6,up,2.4,nan,NTB03X2CMMH,Recovered / Fixed,SFP inserted or port restored this week
NTB03003GO0,ZTE,C320,,gpon_1/2/7,up,2.4,nan,NTB03X2CML9,Recovered / Fixed,SFP inserted or port restored this week
NTB03003GO0,ZTE,C320,,gpon_1/2/9,up,2.4,nan,NTB03X2CK5W,Recovered / Fixed,SFP inserted or port restored this week
NTB03006GO0,ZTE,C320,,gpon_1/1/6,up,2.4,nan,NTB03X142WB,Recovered / Fixed,SFP inserted or port restored this week
NTB03008GO0,ZTE,C320,,gpon_1/1/5,up,2.4,nan,NTB03X1K6DT,Recovered / Fixed,SFP inserted or port restored this week
NTB03008GO0,ZTE,C320,,gpon_1/2/13,up,2.4,nan,NTB03X14HNU,Recovered / Fixed,SFP inserted or port restored this week
NTB03AGNG00,ZTE,C300,,gpon_1/14/16,up,2.4,nan,NTB03X13ZAX,Recovered / Fixed,SFP inserted or port restored this week
NTB03AGNG00,ZTE,C300,,gpon_1/17/4,up,2.4,nan,NTB03X14HLQ,Recovered / Fixed,SFP inserted or port restored this week
NTB03AGNG00,ZTE,C300,,gpon_1/17/8,up,2.4,nan,NTB03X1J4FS,Recovered / Fixed,SFP inserted or port restored this week
NTB03AGNG00,ZTE,C300,,gpon_1/19/1,up,2.4,nan,NTB03X14EJ6,Recovered / Fixed,SFP inserted or port restored this week
NTB03AGNG00,ZTE,C300,,gpon_1/2/1,up,2.4,nan,NTB03X146PQ,Recovered / Fixed,SFP inserted or port restored this week
NTB03AGNG00,ZTE,C300,,gpon_1/2/10,up,2.4,nan,NTB03X146NJ,Recovered / Fixed,SFP inserted or port restored this week
NTB03AGNG00,ZTE,C300,,gpon_1/2/11,up,2.4,nan,NTB03X146NK,Recovered / Fixed,SFP inserted or port restored this week
NTB03AGNG00,ZTE,C300,,gpon_1/2/12,up,2.4,nan,NTB03X146O9,Recovered / Fixed,SFP inserted or port restored this week
NTB03AGNG00,ZTE,C300,,gpon_1/2/13,up,2.4,nan,NTB03X146NY,Recovered / Fixed,SFP inserted or port restored this week
NTB03AGNG00,ZTE,C300,,gpon_1/2/14,up,2.4,nan,NTB03X146NZ,Recovered / Fixed,SFP inserted or port restored this week
NTB03AGNG00,ZTE,C300,,gpon_1/2/15,up,2.4,nan,NTB03X146OL,Recovered / Fixed,SFP inserted or port restored this week
NTB03AGNG00,ZTE,C300,,gpon_1/2/16,up,2.4,nan,NTB03X146OM,Recovered / Fixed,SFP inserted or port restored this week
NTB03AGNG00,ZTE,C300,,gpon_1/2/2,up,2.4,nan,NTB03X146PS,Recovered / Fixed,SFP inserted or port restored this week
NTB03AGNG00,ZTE,C300,,gpon_1/2/3,up,2.4,nan,NTB03X146PY,Recovered / Fixed,SFP inserted or port restored this week
NTB03AGNG00,ZTE,C300,,gpon_1/2/4,up,2.4,nan,NTB03X148KP,Recovered / Fixed,SFP inserted or port restored this week
NTB03AGNG00,ZTE,C300,,gpon_1/2/5,up,2.4,nan,NTB03X146PA,Recovered / Fixed,SFP inserted or port restored this week
NTB03AGNG00,ZTE,C300,,gpon_1/2/7,up,2.4,nan,NTB03X146MP,Recovered / Fixed,SFP inserted or port restored this week
NTB03AGNG00,ZTE,C300,,gpon_1/2/8,up,2.4,nan,NTB03X146N8,Recovered / Fixed,SFP inserted or port restored this week
NTB03AGNG00,ZTE,C300,,gpon_1/2/9,up,2.4,nan,NTB03X146N9,Recovered / Fixed,SFP inserted or port restored this week
NTB03AGNG00,ZTE,C300,,gpon_1/3/1,up,2.4,nan,NTB03X146OU,Recovered / Fixed,SFP inserted or port restored this week
NTB03AGNG00,ZTE,C300,,gpon_1/3/10,up,2.4,nan,NTB03X148MI,Recovered / Fixed,SFP inserted or port restored this week
NTB03AGNG00,ZTE,C300,,gpon_1/3/11,up,2.4,nan,NTB03X148ML,Recovered / Fixed,SFP inserted or port restored this week
NTB03AGNG00,ZTE,C300,,gpon_1/3/12,up,2.4,nan,NTB03X148N8,Recovered / Fixed,SFP inserted or port restored this week
NTB03AGNG00,ZTE,C300,,gpon_1/3/13,up,2.4,nan,NTB03X148NB,Recovered / Fixed,SFP inserted or port restored this week
NTB03AGNG00,ZTE,C300,,gpon_1/3/14,up,2.4,nan,NTB03X148AI,Recovered / Fixed,SFP inserted or port restored this week
NTB03AGNG00,ZTE,C300,,gpon_1/3/15,up,2.4,nan,NTB03X147RS,Recovered / Fixed,SFP inserted or port restored this week
NTB03AGNG00,ZTE,C300,,gpon_1/3/16,up,2.4,nan,NTB03X147RU,Recovered / Fixed,SFP inserted or port restored this week
NTB03AGNG00,ZTE,C300,,gpon_1/3/2,up,2.4,nan,NTB03X148JM,Recovered / Fixed,SFP inserted or port restored this week
NTB03AGNG00,ZTE,C300,,gpon_1/3/3,up,2.4,nan,NTB03X148JO,Recovered / Fixed,SFP inserted or port restored this week
NTB03AGNG00,ZTE,C300,,gpon_1/3/5,up,2.4,nan,NTB03X148KB,Recovered / Fixed,SFP inserted or port restored this week
NTB03AGNG00,ZTE,C300,,gpon_1/3/6,up,2.4,nan,NTB03X148KI,Recovered / Fixed,SFP inserted or port restored this week
NTB03AGNG00,ZTE,C300,,gpon_1/3/7,up,2.4,nan,NTB03X148MA,Recovered / Fixed,SFP inserted or port restored this week
NTB03AGNG00,ZTE,C300,,gpon_1/3/8,up,2.4,nan,NTB03X148MD,Recovered / Fixed,SFP inserted or port restored this week
NTB03AGNG00,ZTE,C300,,gpon_1/3/9,up,2.4,nan,NTB03X148MH,Recovered / Fixed,SFP inserted or port restored this week
NTB03AGNG00,ZTE,C300,,gpon_1/4/1,up,2.4,nan,NTB03X147UH,Recovered / Fixed,SFP inserted or port restored this week
NTB03AGNG00,ZTE,C300,,gpon_1/4/10,up,2.4,nan,NTB03X1481C,Recovered / Fixed,SFP inserted or port restored this week
NTB03AGNG00,ZTE,C300,,gpon_1/4/11,up,2.4,nan,NTB03X1481D,Recovered / Fixed,SFP inserted or port restored this week
NTB03AGNG00,ZTE,C300,,gpon_1/4/12,up,2.4,nan,NTB03X1480O,Recovered / Fixed,SFP inserted or port restored this week
NTB03AGNG00,ZTE,C300,,gpon_1/4/13,up,2.4,nan,NTB03X146RL,Recovered / Fixed,SFP inserted or port restored this week
NTB03AGNG00,ZTE,C300,,gpon_1/4/14,up,2.4,nan,NTB03X146RM,Recovered / Fixed,SFP inserted or port restored this week
NTB03AGNG00,ZTE,C300,,gpon_1/4/15,up,2.4,nan,NTB03X146S5,Recovered / Fixed,SFP inserted or port restored this week
NTB03AGNG00,ZTE,C300,,gpon_1/4/16,up,2.4,nan,NTB03X146S6,Recovered / Fixed,SFP inserted or port restored this week
NTB03AGNG00,ZTE,C300,,gpon_1/4/2,up,2.4,nan,NTB03X147UQ,Recovered / Fixed,SFP inserted or port restored this week
NTB03AGNG00,ZTE,C300,,gpon_1/4/3,up,2.4,nan,NTB03X147WZ,Recovered / Fixed,SFP inserted or port restored this week
NTB03AGNG00,ZTE,C300,,gpon_1/4/4,up,2.4,nan,NTB03X147X0,Recovered / Fixed,SFP inserted or port restored this week
NTB03AGNG00,ZTE,C300,,gpon_1/4/5,up,2.4,nan,NTB03X147VK,Recovered / Fixed,SFP inserted or port restored this week
NTB03AGNG00,ZTE,C300,,gpon_1/4/6,up,2.4,nan,NTB03X147X5,Recovered / Fixed,SFP inserted or port restored this week
NTB03AGNG00,ZTE,C300,,gpon_1/4/7,up,2.4,nan,NTB03X147X6,Recovered / Fixed,SFP inserted or port restored this week
NTB03AGNG00,ZTE,C300,,gpon_1/4/8,up,2.4,nan,NTB03X146R9,Recovered / Fixed,SFP inserted or port restored this week
NTB03AGNG00,ZTE,C300,,gpon_1/4/9,up,2.4,nan,NTB03X146RA,Recovered / Fixed,SFP inserted or port restored this week
NTB03AGNG00,ZTE,C300,,gpon_1/5/1,up,2.4,nan,NTB03X1483B,Recovered / Fixed,SFP inserted or port restored this week
NTB03AGNG00,ZTE,C300,,gpon_1/5/10,up,2.4,nan,NTB03X1474Q,Recovered / Fixed,SFP inserted or port restored this week
NTB03AGNG00,ZTE,C300,,gpon_1/5/11,up,2.4,nan,NTB03X1487H,Recovered / Fixed,SFP inserted or port restored this week
NTB03AGNG00,ZTE,C300,,gpon_1/5/12,up,2.4,nan,NTB03X1487J,Recovered / Fixed,SFP inserted or port restored this week
NTB03AGNG00,ZTE,C300,,gpon_1/5/13,up,2.4,nan,NTB03X14XEX,Recovered / Fixed,SFP inserted or port restored this week
NTB03AGNG00,ZTE,C300,,gpon_1/5/14,up,2.4,nan,NTB03X14XEY,Recovered / Fixed,SFP inserted or port restored this week
NTB03AGNG00,ZTE,C300,,gpon_1/5/15,up,2.4,nan,NTB03X1488M,Recovered / Fixed,SFP inserted or port restored this week
NTB03AGNG00,ZTE,C300,,gpon_1/5/16,up,2.4,nan,NTB03X14XB7,Recovered / Fixed,SFP inserted or port restored this week
NTB03AGNG00,ZTE,C300,,gpon_1/5/2,up,2.4,nan,NTB03X1483E,Recovered / Fixed,SFP inserted or port restored this week
NTB03AGNG00,ZTE,C300,,gpon_1/5/3,up,2.4,nan,NTB03X14833,Recovered / Fixed,SFP inserted or port restored this week
NTB03AGNG00,ZTE,C300,,gpon_1/5/4,up,2.4,nan,NTB03X15URE,Recovered / Fixed,SFP inserted or port restored this week
NTB03AGNG00,ZTE,C300,,gpon_1/5/5,up,2.4,nan,NTB03X146SD,Recovered / Fixed,SFP inserted or port restored this week
NTB03AGNG00,ZTE,C300,,gpon_1/5/6,up,2.4,nan,NTB03X146SE,Recovered / Fixed,SFP inserted or port restored this week
NTB03AGNG00,ZTE,C300,,gpon_1/5/7,up,2.4,nan,NTB03X1485E,Recovered / Fixed,SFP inserted or port restored this week
NTB03AGNG00,ZTE,C300,,gpon_1/5/8,up,2.4,nan,NTB03X1485F,Recovered / Fixed,SFP inserted or port restored this week
NTB03AGNG00,ZTE,C300,,gpon_1/5/9,up,2.4,nan,NTB03X1474P,Recovered / Fixed,SFP inserted or port restored this week
NTB03AGNG00,ZTE,C300,,gpon_1/6/1,up,2.4,nan,NTB03X14XB8,Recovered / Fixed,SFP inserted or port restored this week
NTB03AGNG00,ZTE,C300,,gpon_1/6/10,up,2.4,nan,NTB03X14E0R,Recovered / Fixed,SFP inserted or port restored this week
NTB03AGNG00,ZTE,C300,,gpon_1/6/11,up,2.4,nan,NTB03X14Q5P,Recovered / Fixed,SFP inserted or port restored this week
NTB03AGNG00,ZTE,C300,,gpon_1/6/12,up,2.4,nan,NTB03X14Q5K,Recovered / Fixed,SFP inserted or port restored this week
NTB03AGNG00,ZTE,C300,,gpon_1/6/13,up,2.4,nan,NTB03X14EBE,Recovered / Fixed,SFP inserted or port restored this week
NTB03AGNG00,ZTE,C300,,gpon_1/6/14,up,2.4,nan,NTB03X14ECQ,Recovered / Fixed,SFP inserted or port restored this week
NTB03AGNG00,ZTE,C300,,gpon_1/6/15,up,2.4,nan,NTB03X14Q5D,Recovered / Fixed,SFP inserted or port restored this week
NTB03AGNG00,ZTE,C300,,gpon_1/6/16,up,2.4,nan,NTB03X14Q51,Recovered / Fixed,SFP inserted or port restored this week
NTB03AGNG00,ZTE,C300,,gpon_1/6/2,up,2.4,nan,NTB03X14X95,Recovered / Fixed,SFP inserted or port restored this week
NTB03AGNG00,ZTE,C300,,gpon_1/6/3,up,2.4,nan,NTB03X14X92,Recovered / Fixed,SFP inserted or port restored this week
NTB03AGNG00,ZTE,C300,,gpon_1/6/4,up,2.4,nan,NTB03X14PSF,Recovered / Fixed,SFP inserted or port restored this week
NTB03AGNG00,ZTE,C300,,gpon_1/6/5,up,2.4,nan,NTB03X14Q4S,Recovered / Fixed,SFP inserted or port restored this week
NTB03AGNG00,ZTE,C300,,gpon_1/6/6,up,2.4,nan,NTB03X14E6P,Recovered / Fixed,SFP inserted or port restored this week
NTB03AGNG00,ZTE,C300,,gpon_1/6/7,up,2.4,nan,NTB03X14Q55,Recovered / Fixed,SFP inserted or port restored this week
NTB03AGNG00,ZTE,C300,,gpon_1/6/8,up,2.4,nan,NTB03X14Q61,Recovered / Fixed,SFP inserted or port restored this week
NTB03AGNG00,ZTE,C300,,gpon_1/6/9,up,2.4,nan,NTB03X14E0N,Recovered / Fixed,SFP inserted or port restored this week
NTB03AGNG00,ZTE,C300,,gpon_1/7/1,up,2.4,nan,NTB03X14Q56,Recovered / Fixed,SFP inserted or port restored this week
NTB03AGNG00,ZTE,C300,,gpon_1/7/10,up,2.4,nan,NTB03X144XR,Recovered / Fixed,SFP inserted or port restored this week
NTB03AGNG00,ZTE,C300,,gpon_1/7/11,up,2.4,nan,NTB03X144XV,Recovered / Fixed,SFP inserted or port restored this week
NTB03AGNG00,ZTE,C300,,gpon_1/7/12,up,2.4,nan,NTB03X14507,Recovered / Fixed,SFP inserted or port restored this week
NTB03AGNG00,ZTE,C300,,gpon_1/7/13,up,2.4,nan,NTB03X1450M,Recovered / Fixed,SFP inserted or port restored this week
NTB03AGNG00,ZTE,C300,,gpon_1/7/14,up,2.4,nan,NTB03X144U6,Recovered / Fixed,SFP inserted or port restored this week
NTB03AGNG00,ZTE,C300,,gpon_1/7/15,up,2.4,nan,NTB03X144UA,Recovered / Fixed,SFP inserted or port restored this week
NTB03AGNG00,ZTE,C300,,gpon_1/7/16,up,2.4,nan,NTB03X144V2,Recovered / Fixed,SFP inserted or port restored this week
NTB03AGNG00,ZTE,C300,,gpon_1/7/2,up,2.4,nan,NTB03X148SY,Recovered / Fixed,SFP inserted or port restored this week
NTB03AGNG00,ZTE,C300,,gpon_1/7/3,up,2.4,nan,NTB03X148T1,Recovered / Fixed,SFP inserted or port restored this week
NTB03AGNG00,ZTE,C300,,gpon_1/7/4,up,2.4,nan,NTB03X14Q4M,Recovered / Fixed,SFP inserted or port restored this week
NTB03AGNG00,ZTE,C300,,gpon_1/7/5,up,2.4,nan,NTB03X14Q4R,Recovered / Fixed,SFP inserted or port restored this week
NTB03AGNG00,ZTE,C300,,gpon_1/7/6,up,2.4,nan,NTB03X148V2,Recovered / Fixed,SFP inserted or port restored this week
NTB03AGNG00,ZTE,C300,,gpon_1/7/7,up,2.4,nan,NTB03X148V3,Recovered / Fixed,SFP inserted or port restored this week
NTB03AGNG00,ZTE,C300,,gpon_1/7/8,up,2.4,nan,NTB03X14Q4E,Recovered / Fixed,SFP inserted or port restored this week
NTB03AGNG00,ZTE,C300,,gpon_1/7/9,up,2.4,nan,NTB03X1452A,Recovered / Fixed,SFP inserted or port restored this week
NTB03AGNG00,ZTE,C300,,gpon_1/8/1,up,2.4,nan,NTB03X1454Z,Recovered / Fixed,SFP inserted or port restored this week
NTB03AGNG00,ZTE,C300,,gpon_1/8/10,up,2.4,nan,NTB03X141JM,Recovered / Fixed,SFP inserted or port restored this week
NTB03AGNG00,ZTE,C300,,gpon_1/8/11,up,2.4,nan,NTB03X141H2,Recovered / Fixed,SFP inserted or port restored this week
NTB03AGNG00,ZTE,C300,,gpon_1/8/12,up,2.4,nan,NTB03X141HL,Recovered / Fixed,SFP inserted or port restored this week
NTB03AGNG00,ZTE,C300,,gpon_1/8/14,up,2.4,nan,NTB03X141FB,Recovered / Fixed,SFP inserted or port restored this week
NTB03AGNG00,ZTE,C300,,gpon_1/8/15,up,2.4,nan,NTB03X141FT,Recovered / Fixed,SFP inserted or port restored this week
NTB03AGNG00,ZTE,C300,,gpon_1/8/16,up,2.4,nan,NTB03X141FY,Recovered / Fixed,SFP inserted or port restored this week
NTB03AGNG00,ZTE,C300,,gpon_1/8/2,up,2.4,nan,NTB03X14553,Recovered / Fixed,SFP inserted or port restored this week
NTB03AGNG00,ZTE,C300,,gpon_1/8/3,up,2.4,nan,NTB03X1455X,Recovered / Fixed,SFP inserted or port restored this week
NTB03AGNG00,ZTE,C300,,gpon_1/8/4,up,2.4,nan,NTB03X1455Z,Recovered / Fixed,SFP inserted or port restored this week
NTB03AGNG00,ZTE,C300,,gpon_1/8/5,up,2.4,nan,NTB03X141LA,Recovered / Fixed,SFP inserted or port restored this week
NTB03AGNG00,ZTE,C300,,gpon_1/8/6,up,2.4,nan,NTB03X141LD,Recovered / Fixed,SFP inserted or port restored this week
NTB03AGNG00,ZTE,C300,,gpon_1/8/7,up,2.4,nan,NTB03X141LM,Recovered / Fixed,SFP inserted or port restored this week
NTB03AGNG00,ZTE,C300,,gpon_1/8/8,up,2.4,nan,NTB03X141J6,Recovered / Fixed,SFP inserted or port restored this week
NTB03AGNG00,ZTE,C300,,gpon_1/8/9,up,2.4,nan,NTB03X141J7,Recovered / Fixed,SFP inserted or port restored this week
NTB03AGNG00,ZTE,C300,,gpon_1/9/16,up,2.4,nan,NTB03X14198,Recovered / Fixed,SFP inserted or port restored this week
NTB03AGNG01,ZTE,C300,,gpon_1/14/1,up,2.4,nan,NTB03X3IP34,Recovered / Fixed,SFP inserted or port restored this week
NTB03AGNG01,ZTE,C300,,gpon_1/14/2,up,2.4,nan,NTB03X3I3R0,Recovered / Fixed,SFP inserted or port restored this week
NTB03AGNG01,ZTE,C300,,gpon_1/14/3,up,2.4,nan,NTB03X3I3R1,Recovered / Fixed,SFP inserted or port restored this week
NTB03AGNG01,ZTE,C300,,gpon_1/14/4,up,2.4,nan,NTB03X3IP0K,Recovered / Fixed,SFP inserted or port restored this week
NTB03AGNG01,ZTE,C300,,gpon_1/14/5,up,2.4,nan,NTB03X3JZR7,Recovered / Fixed,SFP inserted or port restored this week
NTB03AGNG01,ZTE,C300,,gpon_1/14/7,up,2.4,nan,NTB03X3J5XM,Recovered / Fixed,SFP inserted or port restored this week
NTB03AGNG01,ZTE,C300,,gpon_1/14/8,up,2.4,nan,NTB03X3J0QP,Recovered / Fixed,SFP inserted or port restored this week
NTB03AGNG01,ZTE,C300,,gpon_1/14/9,up,2.4,nan,NTB03X3IIXD,Recovered / Fixed,SFP inserted or port restored this week
NTB03AGNG01,ZTE,C300,,gpon_1/15/1,up,2.4,nan,NTB03X3TP4Q,Recovered / Fixed,SFP inserted or port restored this week
NTB03AGNG01,ZTE,C300,,gpon_1/15/2,up,2.4,nan,NTB03X3TP4P,Recovered / Fixed,SFP inserted or port restored this week
NTB03AGNG01,ZTE,C300,,gpon_1/15/3,up,2.4,nan,NTB03X3TP4L,Recovered / Fixed,SFP inserted or port restored this week
NTB03AGNG01,ZTE,C300,,gpon_1/15/4,up,2.4,nan,NTB03X3TP4K,Recovered / Fixed,SFP inserted or port restored this week
NTB03AGNG01,ZTE,C300,,gpon_1/15/5,up,2.4,nan,NTB03X3TP4O,Recovered / Fixed,SFP inserted or port restored this week
NTB03AGNG01,ZTE,C300,,gpon_1/15/6,up,2.4,nan,NTB03X3TP4N,Recovered / Fixed,SFP inserted or port restored this week
NTB03AGNG01,ZTE,C300,,gpon_1/15/7,up,2.4,nan,NTB03X3TP4M,Recovered / Fixed,SFP inserted or port restored this week
NTB03AGNG01,ZTE,C300,,gpon_1/15/8,up,2.4,nan,NTB03X3U801,Recovered / Fixed,SFP inserted or port restored this week
NTB03AGNG01,ZTE,C300,,gpon_1/15/9,up,2.4,nan,NTB03X3U843,Recovered / Fixed,SFP inserted or port restored this week
NTB03AGNG01,ZTE,C300,,gpon_1/3/2,up,2.4,nan,NTB03X1RUIG,Recovered / Fixed,SFP inserted or port restored this week
NTB03AGNG01,ZTE,C300,,gpon_1/3/4,up,2.4,nan,NTB03X1PY09,Recovered / Fixed,SFP inserted or port restored this week
NTB03AGNG01,ZTE,C300,,gpon_1/4/12,up,2.4,nan,NTB03X21QNQ,Recovered / Fixed,SFP inserted or port restored this week
NTB03AGNG01,ZTE,C300,,gpon_1/5/14,up,2.4,nan,NTB03X2887Z,Recovered / Fixed,SFP inserted or port restored this week
NTB03AGNG01,ZTE,C300,,gpon_1/5/15,up,2.4,nan,NTB03X28883,Recovered / Fixed,SFP inserted or port restored this week
NTB03AGNG01,ZTE,C300,,gpon_1/5/16,up,2.4,nan,NTB03X275C3,Recovered / Fixed,SFP inserted or port restored this week
NTB03AGNG01,ZTE,C300,,gpon_1/5/2,up,2.4,nan,NTB03X275F1,Recovered / Fixed,SFP inserted or port restored this week
NTB03AGNG01,ZTE,C300,,gpon_1/5/3,up,2.4,nan,NTB03X275DR,Recovered / Fixed,SFP inserted or port restored this week
NTB03AGNG01,ZTE,C300,,gpon_1/5/5,up,2.4,nan,NTB03X275CT,Recovered / Fixed,SFP inserted or port restored this week
NTB03AGNG01,ZTE,C300,,gpon_1/5/8,up,2.4,nan,NTB03X275C4,Recovered / Fixed,SFP inserted or port restored this week
NTB04001G00,ZTE,C300,,gpon_1/14/1,up,2.4,nan,NTB04X1EGF4,Recovered / Fixed,SFP inserted or port restored this week
NTB04001G00,ZTE,C300,,gpon_1/14/10,up,2.4,nan,NTB04X1EGL4,Recovered / Fixed,SFP inserted or port restored this week
NTB04001G00,ZTE,C300,,gpon_1/14/11,up,2.4,nan,NTB04X1EGMW,Recovered / Fixed,SFP inserted or port restored this week
NTB04001G00,ZTE,C300,,gpon_1/14/12,up,2.4,nan,NTB04X1EGMY,Recovered / Fixed,SFP inserted or port restored this week
NTB04001G00,ZTE,C300,,gpon_1/14/13,up,2.4,nan,NTB04X1EGEA,Recovered / Fixed,SFP inserted or port restored this week
NTB04001G00,ZTE,C300,,gpon_1/14/14,up,2.4,nan,NTB04X1EGEB,Recovered / Fixed,SFP inserted or port restored this week
NTB04001G00,ZTE,C300,,gpon_1/14/15,up,2.4,nan,NTB04X1EGGO,Recovered / Fixed,SFP inserted or port restored this week
NTB04001G00,ZTE,C300,,gpon_1/14/16,up,2.4,nan,NTB04X1EGGP,Recovered / Fixed,SFP inserted or port restored this week
NTB04001G00,ZTE,C300,,gpon_1/14/2,up,2.4,nan,NTB04X1EGF5,Recovered / Fixed,SFP inserted or port restored this week
NTB04001G00,ZTE,C300,,gpon_1/14/3,up,2.4,nan,NTB04X1F6GL,Recovered / Fixed,SFP inserted or port restored this week
NTB04001G00,ZTE,C300,,gpon_1/14/4,up,2.4,nan,NTB04X1EGGW,Recovered / Fixed,SFP inserted or port restored this week
NTB04001G00,ZTE,C300,,gpon_1/14/5,up,2.4,nan,NTB04X1EGGX,Recovered / Fixed,SFP inserted or port restored this week
NTB04001G00,ZTE,C300,,gpon_1/14/6,up,2.4,nan,NTB04X1F6GR,Recovered / Fixed,SFP inserted or port restored this week
NTB04001G00,ZTE,C300,,gpon_1/14/7,up,2.4,nan,NTB04X1EGC2,Recovered / Fixed,SFP inserted or port restored this week
NTB04001G00,ZTE,C300,,gpon_1/14/8,up,2.4,nan,NTB04X1EGC4,Recovered / Fixed,SFP inserted or port restored this week
NTB04001G00,ZTE,C300,,gpon_1/14/9,up,2.4,nan,NTB04X1EGL3,Recovered / Fixed,SFP inserted or port restored this week
NTB04001G00,ZTE,C300,,gpon_1/15/1,up,2.4,nan,NTB04X1EGIK,Recovered / Fixed,SFP inserted or port restored this week
NTB04001G00,ZTE,C300,,gpon_1/15/10,up,2.4,nan,NTB04X1EG6Q,Recovered / Fixed,SFP inserted or port restored this week
NTB04001G00,ZTE,C300,,gpon_1/15/12,up,2.4,nan,NTB04X1EGCG,Recovered / Fixed,SFP inserted or port restored this week
NTB04001G00,ZTE,C300,,gpon_1/15/13,up,2.4,nan,NTB04X1EGCI,Recovered / Fixed,SFP inserted or port restored this week
NTB04001G00,ZTE,C300,,gpon_1/15/14,up,2.4,nan,NTB04X1F9NI,Recovered / Fixed,SFP inserted or port restored this week
NTB04001G00,ZTE,C300,,gpon_1/15/15,up,2.4,nan,NTB04X1EGOU,Recovered / Fixed,SFP inserted or port restored this week
NTB04001G00,ZTE,C300,,gpon_1/15/16,up,2.4,nan,NTB04X1EGOX,Recovered / Fixed,SFP inserted or port restored this week
NTB04001G00,ZTE,C300,,gpon_1/15/2,up,2.4,nan,NTB04X1EGIS,Recovered / Fixed,SFP inserted or port restored this week
NTB04001G00,ZTE,C300,,gpon_1/15/3,up,2.4,nan,NTB04X1EGA7,Recovered / Fixed,SFP inserted or port restored this week
NTB04001G00,ZTE,C300,,gpon_1/15/4,up,2.4,nan,NTB04X1EGA9,Recovered / Fixed,SFP inserted or port restored this week
NTB04001G00,ZTE,C300,,gpon_1/15/5,up,2.4,nan,NTB04X1EGAA,Recovered / Fixed,SFP inserted or port restored this week
NTB04001G00,ZTE,C300,,gpon_1/15/6,up,2.4,nan,NTB04X1F9WX,Recovered / Fixed,SFP inserted or port restored this week
NTB04001G00,ZTE,C300,,gpon_1/15/7,up,2.4,nan,NTB04X1EG73,Recovered / Fixed,SFP inserted or port restored this week
NTB04001G00,ZTE,C300,,gpon_1/15/8,up,2.4,nan,NTB04X1EG76,Recovered / Fixed,SFP inserted or port restored this week
NTB04001G00,ZTE,C300,,gpon_1/15/9,up,2.4,nan,NTB04X1F9GT,Recovered / Fixed,SFP inserted or port restored this week
NTB04001G00,ZTE,C300,,gpon_1/16/1,up,2.4,nan,NTB04X1GGSO,Recovered / Fixed,SFP inserted or port restored this week
NTB04001G00,ZTE,C300,,gpon_1/16/11,up,2.4,nan,NTB04X1HY2T,Recovered / Fixed,SFP inserted or port restored this week
NTB04001G00,ZTE,C300,,gpon_1/16/12,up,2.4,nan,NTB04X1HY2U,Recovered / Fixed,SFP inserted or port restored this week
NTB04001G00,ZTE,C300,,gpon_1/16/13,up,2.4,nan,NTB04X1HY2V,Recovered / Fixed,SFP inserted or port restored this week
NTB04001G00,ZTE,C300,,gpon_1/16/14,up,2.4,nan,NTB04X1GLRT,Recovered / Fixed,SFP inserted or port restored this week
NTB04001G00,ZTE,C300,,gpon_1/16/15,up,2.4,nan,NTB04X1GLS8,Recovered / Fixed,SFP inserted or port restored this week
NTB04001G00,ZTE,C300,,gpon_1/16/16,up,2.4,nan,NTB04X1O6M0,Recovered / Fixed,SFP inserted or port restored this week
NTB04001G00,ZTE,C300,,gpon_1/16/2,up,2.4,nan,NTB04X1EQP7,Recovered / Fixed,SFP inserted or port restored this week
NTB04001G00,ZTE,C300,,gpon_1/16/3,up,2.4,nan,NTB04X1EQP8,Recovered / Fixed,SFP inserted or port restored this week
NTB04001G00,ZTE,C300,,gpon_1/16/4,up,2.4,nan,NTB04X1EQP9,Recovered / Fixed,SFP inserted or port restored this week
NTB04001G00,ZTE,C300,,gpon_1/16/5,up,2.4,nan,NTB04X1EQQN,Recovered / Fixed,SFP inserted or port restored this week
NTB04001G00,ZTE,C300,,gpon_1/16/6,up,2.4,nan,NTB04X1EQQO,Recovered / Fixed,SFP inserted or port restored this week
NTB04001G00,ZTE,C300,,gpon_1/16/7,up,2.4,nan,NTB04X1EQ6I,Recovered / Fixed,SFP inserted or port restored this week
NTB04001G00,ZTE,C300,,gpon_1/16/8,up,2.4,nan,NTB04X1EQ6J,Recovered / Fixed,SFP inserted or port restored this week
NTB04001G00,ZTE,C300,,gpon_1/16/9,up,2.4,nan,NTB04X1EQRC,Recovered / Fixed,SFP inserted or port restored this week
NTB04001G00,ZTE,C300,,gpon_1/17/1,up,2.4,nan,NTB04X1O6TN,Recovered / Fixed,SFP inserted or port restored this week
NTB04001G00,ZTE,C300,,gpon_1/17/10,up,2.4,nan,NTB04X2KR6J,Recovered / Fixed,SFP inserted or port restored this week
NTB04001G00,ZTE,C300,,gpon_1/17/11,up,2.4,nan,NTB04X2KR67,Recovered / Fixed,SFP inserted or port restored this week
NTB04001G00,ZTE,C300,,gpon_1/17/13,up,2.4,nan,NTB04X2KR6D,Recovered / Fixed,SFP inserted or port restored this week
NTB04001G00,ZTE,C300,,gpon_1/17/14,up,2.4,nan,NTB04X2KR5X,Recovered / Fixed,SFP inserted or port restored this week
NTB04001G00,ZTE,C300,,gpon_1/17/15,up,2.4,nan,NTB04X2KR63,Recovered / Fixed,SFP inserted or port restored this week
NTB04001G00,ZTE,C300,,gpon_1/17/16,up,2.4,nan,NTB04X2KR61,Recovered / Fixed,SFP inserted or port restored this week
NTB04001G00,ZTE,C300,,gpon_1/17/2,up,2.4,nan,NTB04X1O6YJ,Recovered / Fixed,SFP inserted or port restored this week
NTB04001G00,ZTE,C300,,gpon_1/17/3,up,2.4,nan,NTB04X1PQG0,Recovered / Fixed,SFP inserted or port restored this week
NTB04001G00,ZTE,C300,,gpon_1/17/4,up,2.4,nan,NTB04X20UH7,Recovered / Fixed,SFP inserted or port restored this week
NTB04001G00,ZTE,C300,,gpon_1/17/5,up,2.4,nan,NTB04X20UH8,Recovered / Fixed,SFP inserted or port restored this week
NTB04001G00,ZTE,C300,,gpon_1/17/6,up,2.4,nan,NTB04X20UFN,Recovered / Fixed,SFP inserted or port restored this week
NTB04001G00,ZTE,C300,,gpon_1/17/7,up,2.4,nan,NTB04X2KR5P,Recovered / Fixed,SFP inserted or port restored this week
NTB04001G00,ZTE,C300,,gpon_1/17/8,up,2.4,nan,NTB04X2KR5R,Recovered / Fixed,SFP inserted or port restored this week
NTB04001G00,ZTE,C300,,gpon_1/17/9,up,2.4,nan,NTB04X2KR6H,Recovered / Fixed,SFP inserted or port restored this week
NTB04001G00,ZTE,C300,,gpon_1/6/10,up,2.4,nan,NTB04X1ERAZ,Recovered / Fixed,SFP inserted or port restored this week
NTB04001G01,ZTE,C300,,gpon_1/2/11,up,2.4,nan,NTB04X1LVF0,Recovered / Fixed,SFP inserted or port restored this week
NTB04001G01,ZTE,C300,,gpon_1/4/1,up,2.4,nan,NTB04X1LVRU,Recovered / Fixed,SFP inserted or port restored this week
NTB04001G01,ZTE,C300,,gpon_1/4/10,up,2.4,nan,NTB04X1PC3D,Recovered / Fixed,SFP inserted or port restored this week
NTB04001G01,ZTE,C300,,gpon_1/4/11,up,2.4,nan,NTB04X1PA9X,Recovered / Fixed,SFP inserted or port restored this week
NTB04001G01,ZTE,C300,,gpon_1/4/13,up,2.4,nan,NTB04X1PBBN,Recovered / Fixed,SFP inserted or port restored this week
NTB04001G01,ZTE,C300,,gpon_1/4/14,up,2.4,nan,NTB04X1PBBO,Recovered / Fixed,SFP inserted or port restored this week
NTB04001G01,ZTE,C300,,gpon_1/4/15,up,2.4,nan,NTB04X1PAF0,Recovered / Fixed,SFP inserted or port restored this week
NTB04001G01,ZTE,C300,,gpon_1/4/16,up,2.4,nan,NTB04X1PAF1,Recovered / Fixed,SFP inserted or port restored this week
NTB04001G01,ZTE,C300,,gpon_1/4/2,up,2.4,nan,NTB04X1LVRW,Recovered / Fixed,SFP inserted or port restored this week
NTB04001G01,ZTE,C300,,gpon_1/4/4,up,2.4,nan,NTB04X1PC2H,Recovered / Fixed,SFP inserted or port restored this week
NTB04001G01,ZTE,C300,,gpon_1/4/5,up,2.4,nan,NTB04X1PC2S,Recovered / Fixed,SFP inserted or port restored this week
NTB04001G01,ZTE,C300,,gpon_1/4/6,up,2.4,nan,NTB04X1PC2T,Recovered / Fixed,SFP inserted or port restored this week
NTB04001G01,ZTE,C300,,gpon_1/4/8,up,2.4,nan,NTB04X1PC36,Recovered / Fixed,SFP inserted or port restored this week
NTB04001G01,ZTE,C300,,gpon_1/4/9,up,2.4,nan,NTB04X1PC3C,Recovered / Fixed,SFP inserted or port restored this week
NTB04001G01,ZTE,C300,,gpon_1/5/2,up,2.4,nan,NTB04X1PAFF,Recovered / Fixed,SFP inserted or port restored this week
NTB04002G00,ZTE,C300,,gpon_1/12/1,up,2.4,nan,NTB04X1949Q,Recovered / Fixed,SFP inserted or port restored this week
NTB04002G00,ZTE,C300,,gpon_1/12/15,up,2.4,nan,NTB04X194IW,Recovered / Fixed,SFP inserted or port restored this week
NTB04002G00,ZTE,C300,,gpon_1/12/2,up,2.4,nan,NTB04X194AR,Recovered / Fixed,SFP inserted or port restored this week
NTB04002G00,ZTE,C300,,gpon_1/12/7,up,2.4,nan,NTB04X194FK,Recovered / Fixed,SFP inserted or port restored this week
NTB04002G00,ZTE,C300,,gpon_1/13/11,up,2.4,nan,NTB04X18W18,Recovered / Fixed,SFP inserted or port restored this week
NTB04002G00,ZTE,C300,,gpon_1/13/12,up,2.4,nan,NTB06X2111T,Recovered / Fixed,SFP inserted or port restored this week
NTB04002G00,ZTE,C300,,gpon_1/13/2,up,2.4,nan,NTB04X19JSE,Recovered / Fixed,SFP inserted or port restored this week
NTB04002G00,ZTE,C300,,gpon_1/13/8,up,2.4,nan,NTB04X18VVC,Recovered / Fixed,SFP inserted or port restored this week
NTB04002G00,ZTE,C300,,gpon_1/14/1,up,2.4,nan,NTB06X21118,Recovered / Fixed,SFP inserted or port restored this week
NTB04002G00,ZTE,C300,,gpon_1/14/10,up,2.4,nan,NTB04X1O1CO,Recovered / Fixed,SFP inserted or port restored this week
NTB04002G00,ZTE,C300,,gpon_1/14/11,up,2.4,nan,NTB04X1O4VG,Recovered / Fixed,SFP inserted or port restored this week
NTB04002G00,ZTE,C300,,gpon_1/14/12,up,2.4,nan,NTB04X1O4VH,Recovered / Fixed,SFP inserted or port restored this week
NTB04002G00,ZTE,C300,,gpon_1/14/13,up,2.4,nan,NTB04X1O8TJ,Recovered / Fixed,SFP inserted or port restored this week
NTB04002G00,ZTE,C300,,gpon_1/14/14,up,2.4,nan,NTB04X1OZM7,Recovered / Fixed,SFP inserted or port restored this week
NTB04002G00,ZTE,C300,,gpon_1/14/15,up,2.4,nan,NTB04X1NZZY,Recovered / Fixed,SFP inserted or port restored this week
NTB04002G00,ZTE,C300,,gpon_1/14/16,up,2.4,nan,NTB04X1NZB3,Recovered / Fixed,SFP inserted or port restored this week
NTB04002G00,ZTE,C300,,gpon_1/14/2,up,2.4,nan,NTB06X21119,Recovered / Fixed,SFP inserted or port restored this week
NTB04002G00,ZTE,C300,,gpon_1/14/3,up,2.4,nan,NTB04X1LFCA,Recovered / Fixed,SFP inserted or port restored this week
NTB04002G00,ZTE,C300,,gpon_1/14/5,up,2.4,nan,NTB04X1O707,Recovered / Fixed,SFP inserted or port restored this week
NTB04002G00,ZTE,C300,,gpon_1/14/6,up,2.4,nan,NTB04X1O49R,Recovered / Fixed,SFP inserted or port restored this week
NTB04002G00,ZTE,C300,,gpon_1/14/7,up,2.4,nan,NTB04X1O49P,Recovered / Fixed,SFP inserted or port restored this week
NTB04002G00,ZTE,C300,,gpon_1/14/8,up,2.4,nan,NTB04X1O46T,Recovered / Fixed,SFP inserted or port restored this week
NTB04002G00,ZTE,C300,,gpon_1/14/9,up,2.4,nan,NTB04X1O1CM,Recovered / Fixed,SFP inserted or port restored this week
NTB04002G00,ZTE,C300,,gpon_1/15/12,up,2.4,nan,NTB04X1R3BT,Recovered / Fixed,SFP inserted or port restored this week
NTB04002G00,ZTE,C300,,gpon_1/16/1,up,2.4,nan,NTB04X1NWJ0,Recovered / Fixed,SFP inserted or port restored this week
NTB04002G00,ZTE,C300,,gpon_1/16/10,up,2.4,nan,NTB04X1R2T5,Recovered / Fixed,SFP inserted or port restored this week
NTB04002G00,ZTE,C300,,gpon_1/16/11,up,2.4,nan,NTB04X1O5X0,Recovered / Fixed,SFP inserted or port restored this week
NTB04002G00,ZTE,C300,,gpon_1/16/12,up,2.4,nan,NTB04X1HDOP,Recovered / Fixed,SFP inserted or port restored this week
NTB04002G00,ZTE,C300,,gpon_1/16/14,up,2.4,nan,NTB04X1HDMH,Recovered / Fixed,SFP inserted or port restored this week
NTB04002G00,ZTE,C300,,gpon_1/16/15,up,2.4,nan,NTB04X1HDOQ,Recovered / Fixed,SFP inserted or port restored this week
NTB04002G00,ZTE,C300,,gpon_1/16/16,up,2.4,nan,NTB04X1OEYV,Recovered / Fixed,SFP inserted or port restored this week
NTB04002G00,ZTE,C300,,gpon_1/16/2,up,2.4,nan,NTB04X1NWLM,Recovered / Fixed,SFP inserted or port restored this week
NTB04002G00,ZTE,C300,,gpon_1/16/3,up,2.4,nan,NTB04X1NWMV,Recovered / Fixed,SFP inserted or port restored this week
NTB04002G00,ZTE,C300,,gpon_1/16/4,up,2.4,nan,NTB04X1NWMX,Recovered / Fixed,SFP inserted or port restored this week
NTB04002G00,ZTE,C300,,gpon_1/16/5,up,2.4,nan,NTB04X1NWDU,Recovered / Fixed,SFP inserted or port restored this week
NTB04002G00,ZTE,C300,,gpon_1/16/6,up,2.4,nan,NTB04X1R464,Recovered / Fixed,SFP inserted or port restored this week
NTB04002G00,ZTE,C300,,gpon_1/16/7,up,2.4,nan,NTB04X1O4D8,Recovered / Fixed,SFP inserted or port restored this week
NTB04002G00,ZTE,C300,,gpon_1/16/8,up,2.4,nan,NTB04X1O59H,Recovered / Fixed,SFP inserted or port restored this week
NTB04002G00,ZTE,C300,,gpon_1/16/9,up,2.4,nan,NTB04X1R3FQ,Recovered / Fixed,SFP inserted or port restored this week
NTB04002G00,ZTE,C300,,gpon_1/2/11,up,2.4,nan,NTB04X16Z33,Recovered / Fixed,SFP inserted or port restored this week
NTB04002G00,ZTE,C300,,gpon_1/2/13,up,2.4,nan,NTB04X16Z35,Recovered / Fixed,SFP inserted or port restored this week
NTB04002G00,ZTE,C300,,gpon_1/2/9,up,2.4,nan,NTB04X16Z2R,Recovered / Fixed,SFP inserted or port restored this week
NTB04002G00,ZTE,C300,,gpon_1/3/4,up,2.4,nan,NTB04X16UEH,Recovered / Fixed,SFP inserted or port restored this week
NTB04002G01,ZTE,C300,,gpon_1/2/15,up,2.4,nan,NTB04X1IOR2,Recovered / Fixed,SFP inserted or port restored this week
NTB04002G01,ZTE,C300,,gpon_1/2/16,up,2.4,nan,NTB04X1IOR3,Recovered / Fixed,SFP inserted or port restored this week
NTB04002G01,ZTE,C300,,gpon_1/3/4,up,2.4,nan,NTB04X1UOJ0,Recovered / Fixed,SFP inserted or port restored this week
NTB04002G01,ZTE,C300,,gpon_1/6/7,up,2.4,nan,NTB04X2GQ2E,Recovered / Fixed,SFP inserted or port restored this week
NTB04002G01,ZTE,C300,,gpon_1/8/15,up,2.4,nan,NTB04X2L6HF,Recovered / Fixed,SFP inserted or port restored this week
NTB04004G00,ZTE,C300,,gpon_1/16/13,up,2.4,nan,NTB04X151UG,Recovered / Fixed,SFP inserted or port restored this week
NTB04004G00,ZTE,C300,,gpon_1/8/10,up,2.4,nan,NTB04X1A12I,Recovered / Fixed,SFP inserted or port restored this week
NTB04004G01,ZTE,C300,,gpon_1/5/14,up,2.4,nan,NTB04X1MJQW,Recovered / Fixed,SFP inserted or port restored this week
NTB04005GO0,ZTE,C320,,gpon_1/1/8,up,2.4,nan,NTB04X0300L,Recovered / Fixed,SFP inserted or port restored this week
NTB04005GO0,ZTE,C320,,gpon_1/2/15,up,2.4,nan,NTB04X30FOV,Recovered / Fixed,SFP inserted or port restored this week
NTB04005GO0,ZTE,C320,,gpon_1/2/5,up,2.4,nan,NTB04X03025,Recovered / Fixed,SFP inserted or port restored this week
NTB04006G00,ZTE,C300,,gpon_1/16/14,up,2.4,nan,NTB06X0G0CA,Recovered / Fixed,SFP inserted or port restored this week
NTB04006G00,ZTE,C300,,gpon_1/17/16,up,2.4,nan,NTB03X1K99C,Recovered / Fixed,SFP inserted or port restored this week
NTB04006G00,ZTE,C300,,gpon_1/17/7,up,2.4,nan,NTB01X1ISNP,Recovered / Fixed,SFP inserted or port restored this week
NTB04006G00,ZTE,C300,,gpon_1/17/8,up,2.4,nan,NTB01X1ISNR,Recovered / Fixed,SFP inserted or port restored this week
NTB04006G00,ZTE,C300,,gpon_1/17/9,up,2.4,nan,NTB01X1ISCU,Recovered / Fixed,SFP inserted or port restored this week
NTB04006G01,ZTE,C300,,gpon_1/12/1,up,2.4,nan,NTB04X2L01Q,Recovered / Fixed,SFP inserted or port restored this week
NTB04006G01,ZTE,C300,,gpon_1/14/1,up,2.4,nan,NTB04X3SAP0,Recovered / Fixed,SFP inserted or port restored this week
NTB04006G01,ZTE,C300,,gpon_1/14/2,up,2.4,nan,NTB04X3U846,Recovered / Fixed,SFP inserted or port restored this week
NTB04006G01,ZTE,C300,,gpon_1/3/1,up,2.4,nan,NTB04X1MY9G,Recovered / Fixed,SFP inserted or port restored this week
NTB04006G01,ZTE,C300,,gpon_1/3/10,up,2.4,nan,NTB06X2311X,Recovered / Fixed,SFP inserted or port restored this week
NTB04006G01,ZTE,C300,,gpon_1/3/11,up,2.4,nan,NTB03X26KV8,Recovered / Fixed,SFP inserted or port restored this week
NTB04006G01,ZTE,C300,,gpon_1/3/13,up,2.4,nan,NTB03X26KP2,Recovered / Fixed,SFP inserted or port restored this week
NTB04006G01,ZTE,C300,,gpon_1/3/14,up,2.4,nan,NTB03X26KMJ,Recovered / Fixed,SFP inserted or port restored this week
NTB04006G01,ZTE,C300,,gpon_1/3/15,up,2.4,nan,NTB03X26KFV,Recovered / Fixed,SFP inserted or port restored this week
NTB04006G01,ZTE,C300,,gpon_1/3/16,up,2.4,nan,NTB03X26KBE,Recovered / Fixed,SFP inserted or port restored this week
NTB04006G01,ZTE,C300,,gpon_1/3/3,up,2.4,nan,NTB01X1NO9E,Recovered / Fixed,SFP inserted or port restored this week
NTB04006G01,ZTE,C300,,gpon_1/3/6,up,2.4,nan,NTB03X1K98Y,Recovered / Fixed,SFP inserted or port restored this week
NTB04006G01,ZTE,C300,,gpon_1/3/8,up,2.4,nan,NTB06X21SA6,Recovered / Fixed,SFP inserted or port restored this week
NTB04006G01,ZTE,C300,,gpon_1/3/9,up,2.4,nan,NTB06X21SAN,Recovered / Fixed,SFP inserted or port restored this week
NTB04006G01,ZTE,C300,,gpon_1/4/1,up,2.4,nan,NTB03X26JYA,Recovered / Fixed,SFP inserted or port restored this week
NTB04006G01,ZTE,C300,,gpon_1/4/10,up,2.4,nan,NTB03X2643D,Recovered / Fixed,SFP inserted or port restored this week
NTB04006G01,ZTE,C300,,gpon_1/4/11,up,2.4,nan,NTB03X263Q8,Recovered / Fixed,SFP inserted or port restored this week
NTB04006G01,ZTE,C300,,gpon_1/4/12,up,2.4,nan,NTB03X263Q9,Recovered / Fixed,SFP inserted or port restored this week
NTB04006G01,ZTE,C300,,gpon_1/4/14,up,2.4,nan,NTB03X26200,Recovered / Fixed,SFP inserted or port restored this week
NTB04006G01,ZTE,C300,,gpon_1/4/16,up,2.4,nan,NTB03X261NE,Recovered / Fixed,SFP inserted or port restored this week
NTB04006G01,ZTE,C300,,gpon_1/4/2,up,2.4,nan,NTB03X26JWC,Recovered / Fixed,SFP inserted or port restored this week
NTB04006G01,ZTE,C300,,gpon_1/4/3,up,2.4,nan,NTB03X26JWD,Recovered / Fixed,SFP inserted or port restored this week
NTB04006G01,ZTE,C300,,gpon_1/4/4,up,2.4,nan,NTB03X2641L,Recovered / Fixed,SFP inserted or port restored this week
NTB04006G01,ZTE,C300,,gpon_1/4/6,up,2.4,nan,NTB03X264JE,Recovered / Fixed,SFP inserted or port restored this week
NTB04006G01,ZTE,C300,,gpon_1/4/8,up,2.4,nan,NTB03X264BR,Recovered / Fixed,SFP inserted or port restored this week
NTB04006G01,ZTE,C300,,gpon_1/4/9,up,2.4,nan,NTB03X26489,Recovered / Fixed,SFP inserted or port restored this week
NTB04006G01,ZTE,C300,,gpon_1/5/1,up,2.4,nan,NTB03X261B3,Recovered / Fixed,SFP inserted or port restored this week
NTB04006G01,ZTE,C300,,gpon_1/5/12,up,2.4,nan,NTB03X27AOR,Recovered / Fixed,SFP inserted or port restored this week
NTB04006G01,ZTE,C300,,gpon_1/5/15,up,2.4,nan,NTB03X27E2N,Recovered / Fixed,SFP inserted or port restored this week
NTB04006G01,ZTE,C300,,gpon_1/5/16,up,2.4,nan,NTB03X27AGE,Recovered / Fixed,SFP inserted or port restored this week
NTB04006G01,ZTE,C300,,gpon_1/5/2,up,2.4,nan,NTB03X261B6,Recovered / Fixed,SFP inserted or port restored this week
NTB04006G01,ZTE,C300,,gpon_1/5/3,up,2.4,nan,NTB03X2617I,Recovered / Fixed,SFP inserted or port restored this week
NTB04006G01,ZTE,C300,,gpon_1/5/5,up,2.4,nan,NTB03X260ZY,Recovered / Fixed,SFP inserted or port restored this week
NTB04006G01,ZTE,C300,,gpon_1/5/7,up,2.4,nan,NTB03X260U5,Recovered / Fixed,SFP inserted or port restored this week
NTB04006G01,ZTE,C300,,gpon_1/5/8,up,2.4,nan,NTB03X260U6,Recovered / Fixed,SFP inserted or port restored this week
NTB04006G01,ZTE,C300,,gpon_1/5/9,up,2.4,nan,NTB03X2606B,Recovered / Fixed,SFP inserted or port restored this week
NTB04006G01,ZTE,C300,,gpon_1/9/1,up,2.4,nan,NTB04X2E89O,Recovered / Fixed,SFP inserted or port restored this week
NTB04007GO0,ZTE,C320,,gpon_1/1/13,up,2.4,nan,NTB04X060HV,Recovered / Fixed,SFP inserted or port restored this week
NTB04007GO0,ZTE,C320,,gpon_1/2/7,up,2.4,nan,NTB04X060JA,Recovered / Fixed,SFP inserted or port restored this week
NTB04010GO0,ZTE,C320,,gpon_1/2/1,up,2.4,nan,NTB04X0601W,Recovered / Fixed,SFP inserted or port restored this week
NTB04024GO0,ZTE,C320,,gpon_1/2/16,up,2.4,nan,NTB04X2KE8U,Recovered / Fixed,SFP inserted or port restored this week
NTB04027GO0,ZTE,C320,,gpon_1/1/1,up,2.4,nan,NTB04X1E7H8,Recovered / Fixed,SFP inserted or port restored this week
NTB04027GO0,ZTE,C320,,gpon_1/2/1,up,2.4,nan,NTB04X0A006,Recovered / Fixed,SFP inserted or port restored this week
NTB04027GO0,ZTE,C320,,gpon_1/2/2,up,2.4,nan,NTB04X0A002,Recovered / Fixed,SFP inserted or port restored this week
NTB05001G00,ZTE,C300,,gpon_1/19/10,up,2.4,nan,NTB05X3TOHY,Recovered / Fixed,SFP inserted or port restored this week
NTB05001G00,ZTE,C300,,gpon_1/19/11,up,2.4,nan,NTB05X3TRN3,Recovered / Fixed,SFP inserted or port restored this week
NTB05001G00,ZTE,C300,,gpon_1/19/14,up,2.4,nan,NTB05X3U9OK,Recovered / Fixed,SFP inserted or port restored this week
NTB05001G00,ZTE,C300,,gpon_1/19/2,up,2.4,nan,NTB05X37OM7,Recovered / Fixed,SFP inserted or port restored this week
NTB05001G00,ZTE,C300,,gpon_1/19/3,up,2.4,nan,NTB05X3BAJH,Recovered / Fixed,SFP inserted or port restored this week
NTB05001G00,ZTE,C300,,gpon_1/19/6,up,2.4,nan,NTB05X3H1OQ,Recovered / Fixed,SFP inserted or port restored this week
NTB05001G00,ZTE,C300,,gpon_1/19/7,up,2.4,nan,NTB05X3IEEP,Recovered / Fixed,SFP inserted or port restored this week
NTB05001G00,ZTE,C300,,gpon_1/19/8,up,2.4,nan,NTB05X3QOMH,Recovered / Fixed,SFP inserted or port restored this week
NTB05001G00,ZTE,C300,,gpon_1/2/2,up,2.4,nan,NTB05X1HSZ9,Recovered / Fixed,SFP inserted or port restored this week
NTB05001G00,ZTE,C300,,gpon_1/2/3,up,2.4,nan,NTB05X1HSZK,Recovered / Fixed,SFP inserted or port restored this week
NTB05001G00,ZTE,C300,,gpon_1/2/4,up,2.4,nan,NTB05X1HSZL,Recovered / Fixed,SFP inserted or port restored this week
NTB05001G00,ZTE,C300,,gpon_1/2/6,up,2.4,nan,NTB05X1HUAF,Recovered / Fixed,SFP inserted or port restored this week
NTB05001G00,ZTE,C300,,gpon_1/3/16,up,2.4,nan,NTB05X1EFHO,Recovered / Fixed,SFP inserted or port restored this week
NTB05001G00,ZTE,C300,,gpon_1/4/10,up,2.4,nan,NTB05X1ECO8,Recovered / Fixed,SFP inserted or port restored this week
NTB05001G00,ZTE,C300,,gpon_1/4/9,up,2.4,nan,NTB05X1ECOQ,Recovered / Fixed,SFP inserted or port restored this week
NTB05001G00,ZTE,C300,,gpon_1/5/3,up,2.4,nan,NTB05X1ECMP,Recovered / Fixed,SFP inserted or port restored this week
NTB05001G00,ZTE,C300,,gpon_1/5/5,up,2.4,nan,NTB05X1EP6P,Recovered / Fixed,SFP inserted or port restored this week
NTB05001G00,ZTE,C300,,gpon_1/5/9,up,2.4,nan,NTB05X1EBQ1,Recovered / Fixed,SFP inserted or port restored this week
NTB05001G00,ZTE,C300,,gpon_1/6/1,up,2.4,nan,NTB05X1DUL9,Recovered / Fixed,SFP inserted or port restored this week
NTB05001G00,ZTE,C300,,gpon_1/6/6,up,2.4,nan,NTB05X1EB3R,Recovered / Fixed,SFP inserted or port restored this week
NTB05001G00,ZTE,C300,,gpon_1/7/11,up,2.4,nan,NTB05X1EL5K,Recovered / Fixed,SFP inserted or port restored this week
NTB05001G00,ZTE,C300,,gpon_1/7/13,up,2.4,nan,NTB05X1EAX3,Recovered / Fixed,SFP inserted or port restored this week
NTB05001G01,ZTE,C300,,gpon_1/4/12,up,2.4,nan,NTB05X27QZE,Recovered / Fixed,SFP inserted or port restored this week
NTB05002G00,ZTE,C300,,gpon_1/2/9,up,2.4,nan,NTB05X02054,Recovered / Fixed,SFP inserted or port restored this week
NTB05002G00,ZTE,C300,,gpon_1/5/1,up,2.4,nan,NTB05X02066,Recovered / Fixed,SFP inserted or port restored this week
NTB05002G00,ZTE,C300,,gpon_1/5/14,up,2.4,nan,NTB05X1P0K2,Recovered / Fixed,SFP inserted or port restored this week
NTB05002G00,ZTE,C300,,gpon_1/5/4,up,2.4,nan,NTB05X0206J,Recovered / Fixed,SFP inserted or port restored this week
NTB05002G00,ZTE,C300,,gpon_1/5/5,up,2.4,nan,NTB05X0206M,Recovered / Fixed,SFP inserted or port restored this week
NTB05002G00,ZTE,C300,,gpon_1/5/6,up,2.4,nan,NTB05X0206R,Recovered / Fixed,SFP inserted or port restored this week
NTB05002G00,ZTE,C300,,gpon_1/5/7,up,2.4,nan,NTB05X0206V,Recovered / Fixed,SFP inserted or port restored this week
NTB05002G00,ZTE,C300,,gpon_1/5/8,up,2.4,nan,NTB05X02070,Recovered / Fixed,SFP inserted or port restored this week
NTB05002G00,ZTE,C300,,gpon_1/5/9,up,2.4,nan,NTB05X02075,Recovered / Fixed,SFP inserted or port restored this week
NTB05005GO0,ZTE,C320,,gpon_1/1/4,up,2.4,nan,NTB05X1A9PP,Recovered / Fixed,SFP inserted or port restored this week
NTB06001G00,ZTE,C300,,gpon_1/12/1,up,2.4,nan,BKK41X1SIX9,Recovered / Fixed,SFP inserted or port restored this week
NTB06001G00,ZTE,C300,,gpon_1/16/15,up,2.4,nan,BKK41X2VMOE,Recovered / Fixed,SFP inserted or port restored this week
NTB06001G00,ZTE,C300,,gpon_1/18/5,up,2.4,nan,NTB06X3VMJG,Recovered / Fixed,SFP inserted or port restored this week
NTB06001G00,ZTE,C300,,gpon_1/2/1,up,2.4,nan,NTB06X1L7T9,Recovered / Fixed,SFP inserted or port restored this week
NTB06001G00,ZTE,C300,,gpon_1/4/12,up,2.4,nan,BKK41X1FJOY,Recovered / Fixed,SFP inserted or port restored this week
NTB06001G00,ZTE,C300,,gpon_1/4/2,up,2.4,nan,BKK41X1FKF5,Recovered / Fixed,SFP inserted or port restored this week
NTB06001G00,ZTE,C300,,gpon_1/4/7,up,2.4,nan,BKK41X1FK85,Recovered / Fixed,SFP inserted or port restored this week
NTB06001G00,ZTE,C300,,gpon_1/4/8,up,2.4,nan,BKK41X1FK87,Recovered / Fixed,SFP inserted or port restored this week
NTB06001G00,ZTE,C300,,gpon_1/4/9,up,2.4,nan,BKK41X1FJZA,Recovered / Fixed,SFP inserted or port restored this week
NTB06001G00,ZTE,C300,,gpon_1/5/2,up,2.4,nan,BKK41X1SFFK,Recovered / Fixed,SFP inserted or port restored this week
NTB06001G00,ZTE,C300,,gpon_1/5/3,up,2.4,nan,BKK41X1SFFM,Recovered / Fixed,SFP inserted or port restored this week
NTB06001G00,ZTE,C300,,gpon_1/7/1,up,2.4,nan,NTB06X1KDG6,Recovered / Fixed,SFP inserted or port restored this week
NTB06001G00,ZTE,C300,,gpon_1/7/10,up,2.4,nan,BKK41X1SF6B,Recovered / Fixed,SFP inserted or port restored this week
NTB06001G00,ZTE,C300,,gpon_1/7/11,up,2.4,nan,BKK41X1SF6E,Recovered / Fixed,SFP inserted or port restored this week
NTB06001G00,ZTE,C300,,gpon_1/7/12,up,2.4,nan,BKK41X1SF5V,Recovered / Fixed,SFP inserted or port restored this week
NTB06001G00,ZTE,C300,,gpon_1/7/13,up,2.4,nan,BKK41X1SF62,Recovered / Fixed,SFP inserted or port restored this week
NTB06001G00,ZTE,C300,,gpon_1/7/14,up,2.4,nan,BKK41X1SHB8,Recovered / Fixed,SFP inserted or port restored this week
NTB06001G00,ZTE,C300,,gpon_1/7/15,up,2.4,nan,BKK41X1SIX2,Recovered / Fixed,SFP inserted or port restored this week
NTB06001G00,ZTE,C300,,gpon_1/7/16,up,2.4,nan,BKK41X1SIX3,Recovered / Fixed,SFP inserted or port restored this week
NTB06001G00,ZTE,C300,,gpon_1/7/2,up,2.4,nan,NTB06X1OEDA,Recovered / Fixed,SFP inserted or port restored this week
NTB06001G00,ZTE,C300,,gpon_1/7/3,up,2.4,nan,NTB06X1OE9B,Recovered / Fixed,SFP inserted or port restored this week
NTB06001G00,ZTE,C300,,gpon_1/7/4,up,2.4,nan,NTB06X1OE9D,Recovered / Fixed,SFP inserted or port restored this week
NTB06001G00,ZTE,C300,,gpon_1/7/5,up,2.4,nan,NTB06X1OE9Z,Recovered / Fixed,SFP inserted or port restored this week
NTB06001G00,ZTE,C300,,gpon_1/7/6,up,2.4,nan,NTB06X1ODZF,Recovered / Fixed,SFP inserted or port restored this week
NTB06001G00,ZTE,C300,,gpon_1/7/7,up,2.4,nan,NTB06X1ODZJ,Recovered / Fixed,SFP inserted or port restored this week
NTB06001G00,ZTE,C300,,gpon_1/7/8,up,2.4,nan,NTB06X1OEQX,Recovered / Fixed,SFP inserted or port restored this week
NTB06001G00,ZTE,C300,,gpon_1/7/9,up,2.4,nan,BKK41X1SF68,Recovered / Fixed,SFP inserted or port restored this week
NTB06002G00,ZTE,C300,,gpon_1/16/1,up,2.4,nan,NTB06X1LV0H,Recovered / Fixed,SFP inserted or port restored this week
NTB06002G00,ZTE,C300,,gpon_1/16/10,up,2.4,nan,NTB06X1LU95,Recovered / Fixed,SFP inserted or port restored this week
NTB06002G00,ZTE,C300,,gpon_1/16/12,up,2.4,nan,NTB06X1LUBJ,Recovered / Fixed,SFP inserted or port restored this week
NTB06002G00,ZTE,C300,,gpon_1/16/13,up,2.4,nan,NTB06X1M49C,Recovered / Fixed,SFP inserted or port restored this week
NTB06002G00,ZTE,C300,,gpon_1/16/14,up,2.4,nan,NTB06X1M49E,Recovered / Fixed,SFP inserted or port restored this week
NTB06002G00,ZTE,C300,,gpon_1/16/15,up,2.4,nan,NTB06X1LTC2,Recovered / Fixed,SFP inserted or port restored this week
NTB06002G00,ZTE,C300,,gpon_1/16/2,up,2.4,nan,NTB06X1M49F,Recovered / Fixed,SFP inserted or port restored this week
NTB06002G00,ZTE,C300,,gpon_1/16/3,up,2.4,nan,NTB06X1LV31,Recovered / Fixed,SFP inserted or port restored this week
NTB06002G00,ZTE,C300,,gpon_1/16/4,up,2.4,nan,NTB06X1LV32,Recovered / Fixed,SFP inserted or port restored this week
NTB06002G00,ZTE,C300,,gpon_1/16/5,up,2.4,nan,NTB06X1M4AX,Recovered / Fixed,SFP inserted or port restored this week
NTB06002G00,ZTE,C300,,gpon_1/16/6,up,2.4,nan,NTB06X1M4AY,Recovered / Fixed,SFP inserted or port restored this week
NTB06002G00,ZTE,C300,,gpon_1/16/7,up,2.4,nan,NTB06X1LU6Q,Recovered / Fixed,SFP inserted or port restored this week
NTB06002G00,ZTE,C300,,gpon_1/16/9,up,2.4,nan,NTB06X1LU94,Recovered / Fixed,SFP inserted or port restored this week
NTB06002G00,ZTE,C300,,gpon_1/17/10,up,2.4,nan,NTB06X1LTZ9,Recovered / Fixed,SFP inserted or port restored this week
NTB06002G00,ZTE,C300,,gpon_1/17/11,up,2.4,nan,NTB06X1LV4D,Recovered / Fixed,SFP inserted or port restored this week
NTB06002G00,ZTE,C300,,gpon_1/17/12,up,2.4,nan,NTB06X1LV4E,Recovered / Fixed,SFP inserted or port restored this week
NTB06002G00,ZTE,C300,,gpon_1/17/13,up,2.4,nan,NTB06X1M4BF,Recovered / Fixed,SFP inserted or port restored this week
NTB06002G00,ZTE,C300,,gpon_1/17/14,up,2.4,nan,NTB06X1LUIJ,Recovered / Fixed,SFP inserted or port restored this week
NTB06002G00,ZTE,C300,,gpon_1/17/15,up,2.4,nan,NTB06X1LUIK,Recovered / Fixed,SFP inserted or port restored this week
NTB06002G00,ZTE,C300,,gpon_1/17/16,up,2.4,nan,PTT01X32ZB6,Recovered / Fixed,SFP inserted or port restored this week
NTB06002G00,ZTE,C300,,gpon_1/17/2,up,2.4,nan,NTB06X1LTFQ,Recovered / Fixed,SFP inserted or port restored this week
NTB06002G00,ZTE,C300,,gpon_1/17/3,up,2.4,nan,NTB06X1M4A3,Recovered / Fixed,SFP inserted or port restored this week
NTB06002G00,ZTE,C300,,gpon_1/17/5,up,2.4,nan,NTB06X1LTLN,Recovered / Fixed,SFP inserted or port restored this week
NTB06002G00,ZTE,C300,,gpon_1/17/6,up,2.4,nan,NTB06X1LTGV,Recovered / Fixed,SFP inserted or port restored this week
NTB06002G00,ZTE,C300,,gpon_1/17/7,up,2.4,nan,NTB06X1LTPZ,Recovered / Fixed,SFP inserted or port restored this week
NTB06002G00,ZTE,C300,,gpon_1/17/8,up,2.4,nan,NTB06X1LTQ1,Recovered / Fixed,SFP inserted or port restored this week
NTB06002G00,ZTE,C300,,gpon_1/18/1,up,2.4,nan,NTB06X1OUPL,Recovered / Fixed,SFP inserted or port restored this week
NTB06002G00,ZTE,C300,,gpon_1/18/10,up,2.4,nan,NTB06X1M49K,Recovered / Fixed,SFP inserted or port restored this week
NTB06002G00,ZTE,C300,,gpon_1/18/12,up,2.4,nan,NTB06X1LU90,Recovered / Fixed,SFP inserted or port restored this week
NTB06002G00,ZTE,C300,,gpon_1/18/13,up,2.4,nan,NTB06X1LTFL,Recovered / Fixed,SFP inserted or port restored this week
NTB06002G00,ZTE,C300,,gpon_1/18/14,up,2.4,nan,NTB06X1LTFM,Recovered / Fixed,SFP inserted or port restored this week
NTB06002G00,ZTE,C300,,gpon_1/18/3,up,2.4,nan,PTT01X1LPR0,Recovered / Fixed,SFP inserted or port restored this week
NTB06002G00,ZTE,C300,,gpon_1/18/5,up,2.4,nan,NTB06X1M48Y,Recovered / Fixed,SFP inserted or port restored this week
NTB06002G00,ZTE,C300,,gpon_1/18/6,up,2.4,nan,NTB06X1LTYU,Recovered / Fixed,SFP inserted or port restored this week
NTB06002G00,ZTE,C300,,gpon_1/18/8,up,2.4,nan,NTB06X1LU3Y,Recovered / Fixed,SFP inserted or port restored this week
NTB06002G00,ZTE,C300,,gpon_1/18/9,up,2.4,nan,NTB06X1LU40,Recovered / Fixed,SFP inserted or port restored this week
NTB06002G01,ZTE,C300,,gpon_1/13/8,up,2.4,nan,NTB06X1Z2UG,Recovered / Fixed,SFP inserted or port restored this week
NTB06002G01,ZTE,C300,,gpon_1/3/14,up,2.4,nan,PTT01X1J6Y6,Recovered / Fixed,SFP inserted or port restored this week
NTB06002G01,ZTE,C300,,gpon_1/7/1,up,2.4,nan,PTT01X1RXOV,Recovered / Fixed,SFP inserted or port restored this week
NTB06002G02,ZTE,C300,,gpon_1/13/12,up,2.4,nan,NTB06X2E68W,Recovered / Fixed,SFP inserted or port restored this week
NTB06002G02,ZTE,C300,,gpon_1/15/1,down,2.4,nan,NTB06X3JXP1,Recovered / Fixed,SFP inserted or port restored this week
NTB06002G02,ZTE,C300,,gpon_1/15/2,up,2.4,nan,NTB06X3JXNE,Recovered / Fixed,SFP inserted or port restored this week
NTB06002G02,ZTE,C300,,gpon_1/6/1,up,2.4,nan,PTT01X2173K,Recovered / Fixed,SFP inserted or port restored this week
NTB06002G02,ZTE,C300,,gpon_1/7/16,up,2.4,nan,PTT01X213NB,Recovered / Fixed,SFP inserted or port restored this week
NTB06002G02,ZTE,C300,,gpon_1/9/3,up,2.4,nan,NTB06X29UVO,Recovered / Fixed,SFP inserted or port restored this week
NTB06003G00,ZTE,C300,,gpon_1/12/1,up,2.4,nan,NTB06X1J2RF,Recovered / Fixed,SFP inserted or port restored this week
NTB06003G00,ZTE,C300,,gpon_1/12/10,up,2.4,nan,NTB06X1P2WG,Recovered / Fixed,SFP inserted or port restored this week
NTB06003G00,ZTE,C300,,gpon_1/12/11,up,2.4,nan,NTB06X1RPB4,Recovered / Fixed,SFP inserted or port restored this week
NTB06003G00,ZTE,C300,,gpon_1/12/12,up,2.4,nan,NTB06X1IL6L,Recovered / Fixed,SFP inserted or port restored this week
NTB06003G00,ZTE,C300,,gpon_1/12/13,up,2.4,nan,NTB06X1IL6M,Recovered / Fixed,SFP inserted or port restored this week
NTB06003G00,ZTE,C300,,gpon_1/12/14,up,2.4,nan,NTB06X1J3K4,Recovered / Fixed,SFP inserted or port restored this week
NTB06003G00,ZTE,C300,,gpon_1/12/15,up,2.4,nan,NTB06X1OXMS,Recovered / Fixed,SFP inserted or port restored this week
NTB06003G00,ZTE,C300,,gpon_1/12/16,up,2.4,nan,NTB06X1OZ7R,Recovered / Fixed,SFP inserted or port restored this week
NTB06003G00,ZTE,C300,,gpon_1/12/2,up,2.4,nan,NTB06X1RPB5,Recovered / Fixed,SFP inserted or port restored this week
NTB06003G00,ZTE,C300,,gpon_1/12/3,up,2.4,nan,NTB06X1J19O,Recovered / Fixed,SFP inserted or port restored this week
NTB06003G00,ZTE,C300,,gpon_1/12/4,up,2.4,nan,NTB06X1J2RM,Recovered / Fixed,SFP inserted or port restored this week
NTB06003G00,ZTE,C300,,gpon_1/12/5,up,2.4,nan,NTB06X1RPBA,Recovered / Fixed,SFP inserted or port restored this week
NTB06003G00,ZTE,C300,,gpon_1/12/6,up,2.4,nan,NTB06X1J19P,Recovered / Fixed,SFP inserted or port restored this week
NTB06003G00,ZTE,C300,,gpon_1/12/7,up,2.4,nan,NTB06X1P2PJ,Recovered / Fixed,SFP inserted or port restored this week
NTB06003G00,ZTE,C300,,gpon_1/12/8,up,2.4,nan,NTB06X1J2WF,Recovered / Fixed,SFP inserted or port restored this week
NTB06003G00,ZTE,C300,,gpon_1/13/1,up,2.4,nan,NTB06X1P50H,Recovered / Fixed,SFP inserted or port restored this week
NTB06003G00,ZTE,C300,,gpon_1/13/10,up,2.4,nan,NTB06X1P4D2,Recovered / Fixed,SFP inserted or port restored this week
NTB06003G00,ZTE,C300,,gpon_1/13/11,up,2.4,nan,NTB06X1P4T0,Recovered / Fixed,SFP inserted or port restored this week
NTB06003G00,ZTE,C300,,gpon_1/13/12,up,2.4,nan,NTB06X1P4T1,Recovered / Fixed,SFP inserted or port restored this week
NTB06003G00,ZTE,C300,,gpon_1/13/13,up,2.4,nan,NTB06X1P4UC,Recovered / Fixed,SFP inserted or port restored this week
NTB06003G00,ZTE,C300,,gpon_1/13/14,up,2.4,nan,NTB06X1P4UD,Recovered / Fixed,SFP inserted or port restored this week
NTB06003G00,ZTE,C300,,gpon_1/13/15,up,2.4,nan,NTB06X1P48H,Recovered / Fixed,SFP inserted or port restored this week
NTB06003G00,ZTE,C300,,gpon_1/13/16,up,2.4,nan,NTB06X1P48I,Recovered / Fixed,SFP inserted or port restored this week
NTB06003G00,ZTE,C300,,gpon_1/13/2,up,2.4,nan,NTB06X1IL7H,Recovered / Fixed,SFP inserted or port restored this week
NTB06003G00,ZTE,C300,,gpon_1/13/3,up,2.4,nan,NTB06X1IL7I,Recovered / Fixed,SFP inserted or port restored this week
NTB06003G00,ZTE,C300,,gpon_1/13/4,up,2.4,nan,NTB06X1J3KC,Recovered / Fixed,SFP inserted or port restored this week
NTB06003G00,ZTE,C300,,gpon_1/13/5,up,2.4,nan,NTB06X1ILFV,Recovered / Fixed,SFP inserted or port restored this week
NTB06003G00,ZTE,C300,,gpon_1/13/6,up,2.4,nan,NTB06X1ILFW,Recovered / Fixed,SFP inserted or port restored this week
NTB06003G00,ZTE,C300,,gpon_1/13/7,up,2.4,nan,NTB06X1J3KL,Recovered / Fixed,SFP inserted or port restored this week
NTB06003G00,ZTE,C300,,gpon_1/13/8,up,2.4,nan,NTB06X1ILSV,Recovered / Fixed,SFP inserted or port restored this week
NTB06003G00,ZTE,C300,,gpon_1/13/9,up,2.4,nan,NTB06X1J3KW,Recovered / Fixed,SFP inserted or port restored this week
NTB06003G00,ZTE,C300,,gpon_1/14/10,up,2.4,nan,NTB06X1P5PZ,Recovered / Fixed,SFP inserted or port restored this week
NTB06003G00,ZTE,C300,,gpon_1/14/11,up,2.4,nan,NTB06X1P5Q0,Recovered / Fixed,SFP inserted or port restored this week
NTB06003G00,ZTE,C300,,gpon_1/14/12,up,2.4,nan,NTB06X1IL4J,Recovered / Fixed,SFP inserted or port restored this week
NTB06003G00,ZTE,C300,,gpon_1/14/13,up,2.4,nan,NTB06X1IL4L,Recovered / Fixed,SFP inserted or port restored this week
NTB06003G00,ZTE,C300,,gpon_1/14/14,up,2.4,nan,NTB06X1J3IU,Recovered / Fixed,SFP inserted or port restored this week
NTB06003G00,ZTE,C300,,gpon_1/14/15,up,2.4,nan,NTB06X1P61H,Recovered / Fixed,SFP inserted or port restored this week
NTB06003G00,ZTE,C300,,gpon_1/14/16,up,2.4,nan,NTB06X1IL35,Recovered / Fixed,SFP inserted or port restored this week
NTB06003G00,ZTE,C300,,gpon_1/14/2,up,2.4,nan,NTB06X1P3GT,Recovered / Fixed,SFP inserted or port restored this week
NTB06003G00,ZTE,C300,,gpon_1/14/3,up,2.4,nan,NTB06X1P3HA,Recovered / Fixed,SFP inserted or port restored this week
NTB06003G00,ZTE,C300,,gpon_1/14/4,up,2.4,nan,NTB06X1J422,Recovered / Fixed,SFP inserted or port restored this week
NTB06003G00,ZTE,C300,,gpon_1/14/5,up,2.4,nan,NTB06X1J2WG,Recovered / Fixed,SFP inserted or port restored this week
NTB06003G00,ZTE,C300,,gpon_1/14/7,up,2.4,nan,NTB06X1IKYW,Recovered / Fixed,SFP inserted or port restored this week
NTB06003G00,ZTE,C300,,gpon_1/14/8,up,2.4,nan,NTB06X1IKYZ,Recovered / Fixed,SFP inserted or port restored this week
NTB06003G00,ZTE,C300,,gpon_1/14/9,up,2.4,nan,NTB06X1J3FW,Recovered / Fixed,SFP inserted or port restored this week
NTB06003G00,ZTE,C300,,gpon_1/17/1,up,2.4,nan,NTB06X38YKS,Recovered / Fixed,SFP inserted or port restored this week
NTB06003G00,ZTE,C300,,gpon_1/17/2,up,2.4,nan,NTB06X38YKG,Recovered / Fixed,SFP inserted or port restored this week
NTB06003G00,ZTE,C300,,gpon_1/17/3,down,2.4,nan,NTB06X38YKH,Recovered / Fixed,SFP inserted or port restored this week
NTB06003G00,ZTE,C300,,gpon_1/17/4,up,2.4,nan,NTB06X38Z3I,Recovered / Fixed,SFP inserted or port restored this week
NTB06003G00,ZTE,C300,,gpon_1/17/5,up,2.4,nan,NTB06X38Z36,Recovered / Fixed,SFP inserted or port restored this week
NTB06003G00,ZTE,C300,,gpon_1/17/6,up,2.4,nan,NTB06X38Z5B,Recovered / Fixed,SFP inserted or port restored this week
NTB06003G00,ZTE,C300,,gpon_1/17/7,up,2.4,nan,NTB06X38Z4T,Recovered / Fixed,SFP inserted or port restored this week
NTB06003G00,ZTE,C300,,gpon_1/17/8,up,2.4,nan,NTB06X38Z4V,Recovered / Fixed,SFP inserted or port restored this week
NTB06003G00,ZTE,C300,,gpon_1/3/3,down,2.4,nan,NTB06X1ADUZ,Recovered / Fixed,SFP inserted or port restored this week
NTB06003G00,ZTE,C300,,gpon_1/6/8,up,2.4,nan,NTB06X1M1ES,Recovered / Fixed,SFP inserted or port restored this week
NTB06003G00,ZTE,C300,,gpon_1/7/8,up,2.4,nan,NTB06X1M1UT,Recovered / Fixed,SFP inserted or port restored this week
NTB06003G00,ZTE,C300,,gpon_1/8/4,up,2.4,nan,NTB06X1PQ11,Recovered / Fixed,SFP inserted or port restored this week
NTB06003G00,ZTE,C300,,gpon_1/9/1,up,2.4,nan,NTB06X1R811,Recovered / Fixed,SFP inserted or port restored this week
NTB06003G00,ZTE,C300,,gpon_1/9/10,up,2.4,nan,NTB06X1J1KM,Recovered / Fixed,SFP inserted or port restored this week
NTB06003G00,ZTE,C300,,gpon_1/9/12,up,2.4,nan,NTB06X1ITYD,Recovered / Fixed,SFP inserted or port restored this week
NTB06003G00,ZTE,C300,,gpon_1/9/13,up,2.4,nan,NTB06X1J191,Recovered / Fixed,SFP inserted or port restored this week
NTB06003G00,ZTE,C300,,gpon_1/9/14,up,2.4,nan,NTB06X1J2RW,Recovered / Fixed,SFP inserted or port restored this week
NTB06003G00,ZTE,C300,,gpon_1/9/15,up,2.4,nan,NTB06X1J0QR,Recovered / Fixed,SFP inserted or port restored this week
NTB06003G00,ZTE,C300,,gpon_1/9/16,up,2.4,nan,NTB06X1J0QU,Recovered / Fixed,SFP inserted or port restored this week
NTB06003G00,ZTE,C300,,gpon_1/9/2,up,2.4,nan,NTB06X1R821,Recovered / Fixed,SFP inserted or port restored this week
NTB06003G00,ZTE,C300,,gpon_1/9/3,up,2.4,nan,NTB06X1R8HL,Recovered / Fixed,SFP inserted or port restored this week
NTB06003G00,ZTE,C300,,gpon_1/9/4,up,2.4,nan,NTB06X1R8I2,Recovered / Fixed,SFP inserted or port restored this week
NTB06003G00,ZTE,C300,,gpon_1/9/5,up,2.4,nan,NTB06X1IMZ1,Recovered / Fixed,SFP inserted or port restored this week
NTB06003G00,ZTE,C300,,gpon_1/9/6,up,2.4,nan,NTB06X1ILT5,Recovered / Fixed,SFP inserted or port restored this week
NTB06003G00,ZTE,C300,,gpon_1/9/7,up,2.4,nan,NTB06X1ILT6,Recovered / Fixed,SFP inserted or port restored this week
NTB06003G00,ZTE,C300,,gpon_1/9/9,up,2.4,nan,NTB06X1J1KK,Recovered / Fixed,SFP inserted or port restored this week
NTB06005GO0,ZTE,C620,,gpon_olt-1/2/15,up,10,nan,NTB06X2OMPF,Recovered / Fixed,SFP inserted or port restored this week
NTB06006GO0,ZTE,C320,,gpon_1/1/11,up,2.4,nan,NTB06X18R3O,Recovered / Fixed,SFP inserted or port restored this week
NTB06006GO0,ZTE,C320,,gpon_1/2/8,up,2.4,nan,NTB06X1ODVY,Recovered / Fixed,SFP inserted or port restored this week
NTB06011GO0,ZTE,C320,,gpon_1/1/10,up,2.4,nan,NTB04X18TTU,Recovered / Fixed,SFP inserted or port restored this week
NTB06011GO0,ZTE,C320,,gpon_1/1/12,up,2.4,nan,NTB04X18TOW,Recovered / Fixed,SFP inserted or port restored this week
NTB06011GO0,ZTE,C320,,gpon_1/1/16,up,2.4,nan,NTB04X18TRS,Recovered / Fixed,SFP inserted or port restored this week
NTB06015GO0,ZTE,C320,,gpon_1/1/10,up,2.4,nan,NTB06X1OSXK,Recovered / Fixed,SFP inserted or port restored this week
NTB06016GO0,ZTE,C320,,gpon_1/1/9,up,2.4,nan,NTB06X1YRZ4,Recovered / Fixed,SFP inserted or port restored this week
NTB06AGNG00,ZTE,C300,,gpon_1/12/10,up,2.4,nan,NTB06X1KT49,Recovered / Fixed,SFP inserted or port restored this week
NTB06AGNG00,ZTE,C300,,gpon_1/12/11,up,2.4,nan,NTB06X1KT4B,Recovered / Fixed,SFP inserted or port restored this week
NTB06AGNG00,ZTE,C300,,gpon_1/12/13,up,2.4,nan,NTB06X1KT50,Recovered / Fixed,SFP inserted or port restored this week
NTB06AGNG00,ZTE,C300,,gpon_1/12/14,up,2.4,nan,NTB06X1KT51,Recovered / Fixed,SFP inserted or port restored this week
NTB06AGNG00,ZTE,C300,,gpon_1/12/15,up,2.4,nan,NTB06X1KTE7,Recovered / Fixed,SFP inserted or port restored this week
NTB06AGNG00,ZTE,C300,,gpon_1/12/2,up,2.4,nan,NTB06X1KTCF,Recovered / Fixed,SFP inserted or port restored this week
NTB06AGNG00,ZTE,C300,,gpon_1/12/3,up,2.4,nan,NTB06X1KT3D,Recovered / Fixed,SFP inserted or port restored this week
NTB06AGNG00,ZTE,C300,,gpon_1/12/4,up,2.4,nan,NTB06X1KT3E,Recovered / Fixed,SFP inserted or port restored this week
NTB06AGNG00,ZTE,C300,,gpon_1/12/5,up,2.4,nan,NTB06X1KT3Q,Recovered / Fixed,SFP inserted or port restored this week
NTB06AGNG00,ZTE,C300,,gpon_1/12/8,up,2.4,nan,NTB06X1KT2V,Recovered / Fixed,SFP inserted or port restored this week
NTB06AGNG00,ZTE,C300,,gpon_1/13/1,up,2.4,nan,NTB06X1KTE9,Recovered / Fixed,SFP inserted or port restored this week
NTB06AGNG00,ZTE,C300,,gpon_1/13/10,up,2.4,nan,NTB06X1KTL7,Recovered / Fixed,SFP inserted or port restored this week
NTB06AGNG00,ZTE,C300,,gpon_1/13/11,up,2.4,nan,NTB06X1KTNM,Recovered / Fixed,SFP inserted or port restored this week
NTB06AGNG00,ZTE,C300,,gpon_1/13/13,up,2.4,nan,NTB06X1KTO7,Recovered / Fixed,SFP inserted or port restored this week
NTB06AGNG00,ZTE,C300,,gpon_1/13/14,up,2.4,nan,NTB06X1KTOH,Recovered / Fixed,SFP inserted or port restored this week
NTB06AGNG00,ZTE,C300,,gpon_1/13/15,up,2.4,nan,NTB06X1KTOU,Recovered / Fixed,SFP inserted or port restored this week
NTB06AGNG00,ZTE,C300,,gpon_1/13/16,up,2.4,nan,NTB06X1KTOV,Recovered / Fixed,SFP inserted or port restored this week
NTB06AGNG00,ZTE,C300,,gpon_1/13/3,up,2.4,nan,NTB06X1KTF2,Recovered / Fixed,SFP inserted or port restored this week
NTB06AGNG00,ZTE,C300,,gpon_1/13/4,up,2.4,nan,NTB06X1KTF3,Recovered / Fixed,SFP inserted or port restored this week
NTB06AGNG00,ZTE,C300,,gpon_1/13/5,up,2.4,nan,NTB06X1KTFJ,Recovered / Fixed,SFP inserted or port restored this week
NTB06AGNG00,ZTE,C300,,gpon_1/13/6,up,2.4,nan,NTB06X1KY2S,Recovered / Fixed,SFP inserted or port restored this week
NTB06AGNG00,ZTE,C300,,gpon_1/13/7,up,2.4,nan,NTB06X1KY2V,Recovered / Fixed,SFP inserted or port restored this week
NTB06AGNG00,ZTE,C300,,gpon_1/13/8,up,2.4,nan,NTB06X1KY2W,Recovered / Fixed,SFP inserted or port restored this week
NTB06AGNG00,ZTE,C300,,gpon_1/14/1,up,2.4,nan,NTB06X1KTP4,Recovered / Fixed,SFP inserted or port restored this week
NTB06AGNG00,ZTE,C300,,gpon_1/14/11,up,2.4,nan,NTB06X1KTRG,Recovered / Fixed,SFP inserted or port restored this week
NTB06AGNG00,ZTE,C300,,gpon_1/14/13,up,2.4,nan,NTB06X1KTRN,Recovered / Fixed,SFP inserted or port restored this week
NTB06AGNG00,ZTE,C300,,gpon_1/14/15,up,2.4,nan,NTB06X1KTQR,Recovered / Fixed,SFP inserted or port restored this week
NTB06AGNG00,ZTE,C300,,gpon_1/14/2,up,2.4,nan,NTB06X1KTP9,Recovered / Fixed,SFP inserted or port restored this week
NTB06AGNG00,ZTE,C300,,gpon_1/14/4,up,2.4,nan,NTB06X1KTQ6,Recovered / Fixed,SFP inserted or port restored this week
NTB06AGNG00,ZTE,C300,,gpon_1/14/6,up,2.4,nan,NTB06X1KTQ8,Recovered / Fixed,SFP inserted or port restored this week
NTB06AGNG00,ZTE,C300,,gpon_1/14/7,up,2.4,nan,NTB06X1KTQF,Recovered / Fixed,SFP inserted or port restored this week
NTB06AGNG00,ZTE,C300,,gpon_1/14/8,up,2.4,nan,NTB06X1KTR4,Recovered / Fixed,SFP inserted or port restored this week
NTB06AGNG00,ZTE,C300,,gpon_1/19/16,up,2.4,nan,NTB06X2E6PL,Recovered / Fixed,SFP inserted or port restored this week
NTB06AGNG00,ZTE,C300,,gpon_1/3/11,up,2.4,nan,NTB06X1A09G,Recovered / Fixed,SFP inserted or port restored this week
NTB06AGNG00,ZTE,C300,,gpon_1/7/1,up,2.4,nan,NTB06X1FOEH,Recovered / Fixed,SFP inserted or port restored this week
NTB06AGNG00,ZTE,C300,,gpon_1/7/10,up,2.4,nan,NTB06X1FOIX,Recovered / Fixed,SFP inserted or port restored this week
NTB06AGNG00,ZTE,C300,,gpon_1/7/11,up,2.4,nan,NTB06X1FOJZ,Recovered / Fixed,SFP inserted or port restored this week
NTB06AGNG00,ZTE,C300,,gpon_1/7/12,up,2.4,nan,NTB06X1FOK2,Recovered / Fixed,SFP inserted or port restored this week
NTB06AGNG00,ZTE,C300,,gpon_1/7/13,up,2.4,nan,NTB06X1FOK3,Recovered / Fixed,SFP inserted or port restored this week
NTB06AGNG00,ZTE,C300,,gpon_1/7/14,up,2.4,nan,NTB06X1FOQO,Recovered / Fixed,SFP inserted or port restored this week
NTB06AGNG00,ZTE,C300,,gpon_1/7/15,up,2.4,nan,NTB06X1FOQP,Recovered / Fixed,SFP inserted or port restored this week
NTB06AGNG00,ZTE,C300,,gpon_1/7/16,up,2.4,nan,NTB06X1K9UC,Recovered / Fixed,SFP inserted or port restored this week
NTB06AGNG00,ZTE,C300,,gpon_1/7/2,up,2.4,nan,NTB06X1FOEI,Recovered / Fixed,SFP inserted or port restored this week
NTB06AGNG00,ZTE,C300,,gpon_1/7/3,up,2.4,nan,NTB06X1FOEJ,Recovered / Fixed,SFP inserted or port restored this week
NTB06AGNG00,ZTE,C300,,gpon_1/7/4,up,2.4,nan,NTB06X1FOGB,Recovered / Fixed,SFP inserted or port restored this week
NTB06AGNG00,ZTE,C300,,gpon_1/7/5,up,2.4,nan,NTB06X1FOGG,Recovered / Fixed,SFP inserted or port restored this week
NTB06AGNG00,ZTE,C300,,gpon_1/7/6,down,2.4,nan,NTB06X1FOKV,Recovered / Fixed,SFP inserted or port restored this week
NTB06AGNG00,ZTE,C300,,gpon_1/7/7,up,2.4,nan,NTB06X1FOKW,Recovered / Fixed,SFP inserted or port restored this week
NTB06AGNG00,ZTE,C300,,gpon_1/7/8,up,2.4,nan,NTB06X1FOIV,Recovered / Fixed,SFP inserted or port restored this week
NTB06AGNG00,ZTE,C300,,gpon_1/7/9,up,2.4,nan,NTB06X1FOIW,Recovered / Fixed,SFP inserted or port restored this week
NTB06AGNG00,ZTE,C300,,gpon_1/8/1,up,2.4,nan,NTB06X1K9UD,Recovered / Fixed,SFP inserted or port restored this week
NTB06AGNG00,ZTE,C300,,gpon_1/8/10,up,2.4,nan,NTB06X1KA0O,Recovered / Fixed,SFP inserted or port restored this week
NTB06AGNG00,ZTE,C300,,gpon_1/8/11,up,2.4,nan,NTB06X1P5QB,Recovered / Fixed,SFP inserted or port restored this week
NTB06AGNG00,ZTE,C300,,gpon_1/8/12,up,2.4,nan,NTB06X1P5NY,Recovered / Fixed,SFP inserted or port restored this week
NTB06AGNG00,ZTE,C300,,gpon_1/8/13,up,2.4,nan,NTB06X1P5O3,Recovered / Fixed,SFP inserted or port restored this week
NTB06AGNG00,ZTE,C300,,gpon_1/8/14,up,2.4,nan,NTB06X1K9ZR,Recovered / Fixed,SFP inserted or port restored this week
NTB06AGNG00,ZTE,C300,,gpon_1/8/15,up,2.4,nan,NTB06X1K9ZS,Recovered / Fixed,SFP inserted or port restored this week
NTB06AGNG00,ZTE,C300,,gpon_1/8/16,up,2.4,nan,NTB06X1K9ZY,Recovered / Fixed,SFP inserted or port restored this week
NTB06AGNG00,ZTE,C300,,gpon_1/8/2,up,2.4,nan,NTB06X1KJP6,Recovered / Fixed,SFP inserted or port restored this week
NTB06AGNG00,ZTE,C300,,gpon_1/8/3,up,2.4,nan,NTB06X1K9UH,Recovered / Fixed,SFP inserted or port restored this week
NTB06AGNG00,ZTE,C300,,gpon_1/8/4,up,2.4,nan,NTB06X1K9UJ,Recovered / Fixed,SFP inserted or port restored this week
NTB06AGNG00,ZTE,C300,,gpon_1/8/5,up,2.4,nan,NTB06X1KJPP,Recovered / Fixed,SFP inserted or port restored this week
NTB06AGNG00,ZTE,C300,,gpon_1/8/6,up,2.4,nan,NTB06X1K9US,Recovered / Fixed,SFP inserted or port restored this week
NTB06AGNG00,ZTE,C300,,gpon_1/8/7,up,2.4,nan,NTB06X1KJOG,Recovered / Fixed,SFP inserted or port restored this week
NTB06AGNG00,ZTE,C300,,gpon_1/8/8,up,2.4,nan,NTB06X1FOXE,Recovered / Fixed,SFP inserted or port restored this week
NTB06AGNG00,ZTE,C300,,gpon_1/8/9,up,2.4,nan,NTB06X1KMGJ,Recovered / Fixed,SFP inserted or port restored this week
NTB06AGNG00,ZTE,C300,,gpon_1/9/1,up,2.4,nan,NTB06X1FOHU,Recovered / Fixed,SFP inserted or port restored this week
NTB06AGNG00,ZTE,C300,,gpon_1/9/10,up,2.4,nan,NTB06X1KTB7,Recovered / Fixed,SFP inserted or port restored this week
NTB06AGNG00,ZTE,C300,,gpon_1/9/11,up,2.4,nan,NTB06X1KTB9,Recovered / Fixed,SFP inserted or port restored this week
NTB06AGNG00,ZTE,C300,,gpon_1/9/12,up,2.4,nan,NTB06X1KT6R,Recovered / Fixed,SFP inserted or port restored this week
NTB06AGNG00,ZTE,C300,,gpon_1/9/13,up,2.4,nan,NTB06X1KT6S,Recovered / Fixed,SFP inserted or port restored this week
NTB06AGNG00,ZTE,C300,,gpon_1/9/14,up,2.4,nan,NTB06X1KT7F,Recovered / Fixed,SFP inserted or port restored this week
NTB06AGNG00,ZTE,C300,,gpon_1/9/15,up,2.4,nan,NTB06X1KT7G,Recovered / Fixed,SFP inserted or port restored this week
NTB06AGNG00,ZTE,C300,,gpon_1/9/2,up,2.4,nan,NTB06X1G4YM,Recovered / Fixed,SFP inserted or port restored this week
NTB06AGNG00,ZTE,C300,,gpon_1/9/3,up,2.4,nan,NTB06X1G4YN,Recovered / Fixed,SFP inserted or port restored this week
NTB06AGNG00,ZTE,C300,,gpon_1/9/5,up,2.4,nan,NTB06X1KT8G,Recovered / Fixed,SFP inserted or port restored this week
NTB06AGNG00,ZTE,C300,,gpon_1/9/6,up,2.4,nan,NTB06X1KT91,Recovered / Fixed,SFP inserted or port restored this week
NTB06AGNG00,ZTE,C300,,gpon_1/9/7,up,2.4,nan,NTB06X1KT92,Recovered / Fixed,SFP inserted or port restored this week
NTB06AGNG00,ZTE,C300,,gpon_1/9/8,up,2.4,nan,NTB06X1KTAP,Recovered / Fixed,SFP inserted or port restored this week
NTB06AGNG00,ZTE,C300,,gpon_1/9/9,up,2.4,nan,NTB06X1KTAR,Recovered / Fixed,SFP inserted or port restored this week
NTB06AGNG01,ZTE,C300,,gpon_1/12/12,up,2.4,nan,NTB06X22AZ8,Recovered / Fixed,SFP inserted or port restored this week
NTB06AGNG01,ZTE,C300,,gpon_1/14/13,up,2.4,nan,NTB06X2H32M,Recovered / Fixed,SFP inserted or port restored this week
NTB06AGNG01,ZTE,C300,,gpon_1/16/11,up,2.4,nan,NTB06X2M1TZ,Recovered / Fixed,SFP inserted or port restored this week
NTB06AGNG01,ZTE,C300,,gpon_1/17/6,up,2.4,nan,NTB06X35HH4,Recovered / Fixed,SFP inserted or port restored this week
NTB06AGNG01,ZTE,C300,,gpon_1/18/10,up,2.4,nan,NTB06X3F613,Recovered / Fixed,SFP inserted or port restored this week
NTB06AGNG01,ZTE,C300,,gpon_1/18/11,up,2.4,nan,NTB06X3H96J,Recovered / Fixed,SFP inserted or port restored this week
NTB06AGNG01,ZTE,C300,,gpon_1/18/12,up,2.4,nan,NTB06X3H96K,Recovered / Fixed,SFP inserted or port restored this week
NTB06AGNG01,ZTE,C300,,gpon_1/18/13,up,2.4,nan,NTB06X3H908,Recovered / Fixed,SFP inserted or port restored this week
NTB06AGNG01,ZTE,C300,,gpon_1/18/14,up,2.4,nan,NTB06X3H909,Recovered / Fixed,SFP inserted or port restored this week
NTB06AGNG01,ZTE,C300,,gpon_1/18/15,up,2.4,nan,NTB06X3JPPI,Recovered / Fixed,SFP inserted or port restored this week
NTB06AGNG01,ZTE,C300,,gpon_1/18/16,up,2.4,nan,NTB06X3JPPG,Recovered / Fixed,SFP inserted or port restored this week
NTB06AGNG01,ZTE,C300,,gpon_1/18/3,up,2.4,nan,NTB06X3DAC0,Recovered / Fixed,SFP inserted or port restored this week
NTB06AGNG01,ZTE,C300,,gpon_1/18/4,up,2.4,nan,NTB06X3DAAY,Recovered / Fixed,SFP inserted or port restored this week
NTB06AGNG01,ZTE,C300,,gpon_1/18/5,up,2.4,nan,NTB06X3DA9V,Recovered / Fixed,SFP inserted or port restored this week
NTB06AGNG01,ZTE,C300,,gpon_1/18/6,up,2.4,nan,NTB06X3DC84,Recovered / Fixed,SFP inserted or port restored this week
NTB06AGNG01,ZTE,C300,,gpon_1/18/7,up,2.4,nan,NTB06X3EGK0,Recovered / Fixed,SFP inserted or port restored this week
NTB06AGNG01,ZTE,C300,,gpon_1/18/8,up,2.4,nan,NTB06X3EVAJ,Recovered / Fixed,SFP inserted or port restored this week
NTB06AGNG01,ZTE,C300,,gpon_1/18/9,up,2.4,nan,NTB06X3F27S,Recovered / Fixed,SFP inserted or port restored this week
NTB06AGNG01,ZTE,C300,,gpon_1/19/2,up,2.4,nan,NTB06X3OGFI,Recovered / Fixed,SFP inserted or port restored this week
NTB06AGNG01,ZTE,C300,,gpon_1/19/3,up,2.4,nan,NTB06X3PFLG,Recovered / Fixed,SFP inserted or port restored this week
NTB06AGNG01,ZTE,C300,,gpon_1/19/5,up,2.4,nan,NTB06X3QR45,Recovered / Fixed,SFP inserted or port restored this week
NTB06AGNG01,ZTE,C300,,gpon_1/19/6,up,2.4,nan,NTB06X3QXEI,Recovered / Fixed,SFP inserted or port restored this week
NTB06AGNG01,ZTE,C300,,gpon_1/2/1,up,2.4,nan,NTB06X1SJJX,Recovered / Fixed,SFP inserted or port restored this week
NTB06AGNG01,ZTE,C300,,gpon_1/5/1,up,2.4,nan,NTB06X1Z5CT,Recovered / Fixed,SFP inserted or port restored this week
NTB06AGNG01,ZTE,C300,,gpon_1/9/1,up,2.4,nan,NTB06X1ZVZ0,Recovered / Fixed,SFP inserted or port restored this week
PBR01002GO0,ZTE,C320,,gpon_1/2/1,up,2.4,nan,PBR01X0003J,Recovered / Fixed,SFP inserted or port restored this week
PBR01002GO0,ZTE,C320,,gpon_1/2/13,up,2.4,nan,PBR01X00028,Recovered / Fixed,SFP inserted or port restored this week
PBR01002GO0,ZTE,C320,,gpon_1/2/2,up,2.4,nan,PBR01X0003O,Recovered / Fixed,SFP inserted or port restored this week
PBR01002GO0,ZTE,C320,,gpon_1/2/8,up,2.4,nan,PBR01X0000M,Recovered / Fixed,SFP inserted or port restored this week
PBR01016G00,ZTE,C300,,gpon_1/3/6,up,2.4,nan,PBR01X217GJ,Recovered / Fixed,SFP inserted or port restored this week
PBR01016G00,ZTE,C300,,gpon_1/4/12,up,2.4,nan,PBR01X2NOYE,Recovered / Fixed,SFP inserted or port restored this week
PBR01016G00,ZTE,C300,,gpon_1/4/15,up,2.4,nan,PBR01X2PPEJ,Recovered / Fixed,SFP inserted or port restored this week
PBR01016G00,ZTE,C300,,gpon_1/4/4,up,2.4,nan,PBR01X2BLUK,Recovered / Fixed,SFP inserted or port restored this week
PBR01016G00,ZTE,C300,,gpon_1/5/1,up,2.4,nan,PBR01X2WKI0,Recovered / Fixed,SFP inserted or port restored this week
PBR01016G00,ZTE,C300,,gpon_1/5/11,up,2.4,nan,PBR01X316TQ,Recovered / Fixed,SFP inserted or port restored this week
PBR01016G00,ZTE,C300,,gpon_1/5/12,up,2.4,nan,PBR01X353TW,Recovered / Fixed,SFP inserted or port restored this week
PBR01016G00,ZTE,C300,,gpon_1/5/13,up,2.4,nan,PBR06X39M4H,Recovered / Fixed,SFP inserted or port restored this week
PBR01016G00,ZTE,C300,,gpon_1/5/14,up,2.4,nan,PBR01X3BG24,Recovered / Fixed,SFP inserted or port restored this week
PBR01016G00,ZTE,C300,,gpon_1/5/15,up,2.4,nan,PBR01X3J8BA,Recovered / Fixed,SFP inserted or port restored this week
PBR01016G00,ZTE,C300,,gpon_1/5/16,up,2.4,nan,PBR01X3JOPA,Recovered / Fixed,SFP inserted or port restored this week
PBR01016G00,ZTE,C300,,gpon_1/5/2,up,2.4,nan,PBR01X2WKQZ,Recovered / Fixed,SFP inserted or port restored this week
PBR01016G00,ZTE,C300,,gpon_1/5/3,up,2.4,nan,PBR01X2VB8K,Recovered / Fixed,SFP inserted or port restored this week
PBR01016G00,ZTE,C300,,gpon_1/5/4,up,2.4,nan,PBR01X2VB4J,Recovered / Fixed,SFP inserted or port restored this week
PBR01016G00,ZTE,C300,,gpon_1/5/5,up,2.4,nan,PBR06X2Y3IA,Recovered / Fixed,SFP inserted or port restored this week
PBR01016G00,ZTE,C300,,gpon_1/5/6,up,2.4,nan,PBR01X3417V,Recovered / Fixed,SFP inserted or port restored this week
PBR01016G00,ZTE,C300,,gpon_1/5/8,up,2.4,nan,PBR01X2Y9H4,Recovered / Fixed,SFP inserted or port restored this week
PBR01025GO0,ZTE,C320,,gpon_1/1/2,up,2.4,nan,PBR01X2XVEO,Recovered / Fixed,SFP inserted or port restored this week
PBR01038GO0,ZTE,C320,,gpon_1/1/1,up,2.4,nan,PBR01X35DX8,Recovered / Fixed,SFP inserted or port restored this week
PBR01038GO0,ZTE,C320,,gpon_1/1/10,up,2.4,nan,PBR01X3HOQN,Recovered / Fixed,SFP inserted or port restored this week
PBR01038GO0,ZTE,C320,,gpon_1/1/11,up,2.4,nan,PBR01X3I91D,Recovered / Fixed,SFP inserted or port restored this week
PBR01038GO0,ZTE,C320,,gpon_1/1/12,up,2.4,nan,PBR01X3J8BF,Recovered / Fixed,SFP inserted or port restored this week
PBR01038GO0,ZTE,C320,,gpon_1/1/13,up,2.4,nan,PBR01X3J8BK,Recovered / Fixed,SFP inserted or port restored this week
PBR01038GO0,ZTE,C320,,gpon_1/1/14,up,2.4,nan,PBR01X3J8BP,Recovered / Fixed,SFP inserted or port restored this week
PBR01038GO0,ZTE,C320,,gpon_1/1/15,up,2.4,nan,PBR01X3KB50,Recovered / Fixed,SFP inserted or port restored this week
PBR01038GO0,ZTE,C320,,gpon_1/1/16,up,2.4,nan,PBR01X3KB4R,Recovered / Fixed,SFP inserted or port restored this week
PBR01038GO0,ZTE,C320,,gpon_1/1/2,up,2.4,nan,PBR01X37MVH,Recovered / Fixed,SFP inserted or port restored this week
PBR01038GO0,ZTE,C320,,gpon_1/1/3,up,2.4,nan,PBR01X3BC42,Recovered / Fixed,SFP inserted or port restored this week
PBR01038GO0,ZTE,C320,,gpon_1/1/4,up,2.4,nan,PBR01X3BC41,Recovered / Fixed,SFP inserted or port restored this week
PBR01038GO0,ZTE,C320,,gpon_1/1/5,up,2.4,nan,PBR01X3BC43,Recovered / Fixed,SFP inserted or port restored this week
PBR01038GO0,ZTE,C320,,gpon_1/1/6,up,2.4,nan,PBR01X3BG81,Recovered / Fixed,SFP inserted or port restored this week
PBR01038GO0,ZTE,C320,,gpon_1/1/7,up,2.4,nan,PBR01X3BG82,Recovered / Fixed,SFP inserted or port restored this week
PBR01038GO0,ZTE,C320,,gpon_1/1/8,up,2.4,nan,PBR01X3ET9K,Recovered / Fixed,SFP inserted or port restored this week
PBR01038GO0,ZTE,C320,,gpon_1/1/9,up,2.4,nan,PBR01X3HOOF,Recovered / Fixed,SFP inserted or port restored this week
PBR02002GO0,ZTE,C320,,gpon_1/1/7,up,2.4,nan,PBR02X0000Q,Recovered / Fixed,SFP inserted or port restored this week
PBR02002GO1,ZTE,C320,,gpon_1/1/1,up,2.4,nan,PBR02X3610S,Recovered / Fixed,SFP inserted or port restored this week
PBR02002GO1,ZTE,C320,,gpon_1/1/2,up,2.4,nan,PBR02X3TIV0,Recovered / Fixed,SFP inserted or port restored this week
PBR02002GO1,ZTE,C320,,gpon_1/1/5,up,2.4,nan,PBR02X3CJN5,Recovered / Fixed,SFP inserted or port restored this week
PBR02002GO1,ZTE,C320,,gpon_1/1/7,up,2.4,nan,PBR02X2XRU4,Recovered / Fixed,SFP inserted or port restored this week
PBR02002GO1,ZTE,C320,,gpon_1/1/8,up,2.4,nan,PBR02X395A0,Recovered / Fixed,SFP inserted or port restored this week
PBR02009GO0,ZTE,C320,,gpon_1/1/6,up,2.4,nan,PBR02X2UVX5,Recovered / Fixed,SFP inserted or port restored this week
PBR04001G00,ZTE,C300,,gpon_1/2/1,up,2.4,nan,PBR04X0000F,Recovered / Fixed,SFP inserted or port restored this week
PBR04001G00,ZTE,C300,,gpon_1/2/2,up,2.4,nan,PBR04X0000J,Recovered / Fixed,SFP inserted or port restored this week
PBR04001G00,ZTE,C300,,gpon_1/2/3,up,2.4,nan,PBR04X0000N,Recovered / Fixed,SFP inserted or port restored this week
PBR04001G00,ZTE,C300,,gpon_1/2/6,up,2.4,nan,PBR04X00012,Recovered / Fixed,SFP inserted or port restored this week
PBR04001G00,ZTE,C300,,gpon_1/3/1,up,2.4,nan,PBR04X0002J,Recovered / Fixed,SFP inserted or port restored this week
PBR04001G00,ZTE,C300,,gpon_1/4/1,up,2.4,nan,PBR04X2YPXD,Recovered / Fixed,SFP inserted or port restored this week
PBR04001G00,ZTE,C300,,gpon_1/4/10,up,2.4,nan,PBR04X1000U,Recovered / Fixed,SFP inserted or port restored this week
PBR04001G00,ZTE,C300,,gpon_1/4/11,up,2.4,nan,PBR04X383T1,Recovered / Fixed,SFP inserted or port restored this week
PBR04001G00,ZTE,C300,,gpon_1/4/12,up,2.4,nan,PBR04X32FS4,Recovered / Fixed,SFP inserted or port restored this week
PBR04001G00,ZTE,C300,,gpon_1/4/13,up,2.4,nan,PBR04X32RXY,Recovered / Fixed,SFP inserted or port restored this week
PBR04001G00,ZTE,C300,,gpon_1/4/14,up,2.4,nan,PBR04X34UVA,Recovered / Fixed,SFP inserted or port restored this week
PBR04001G00,ZTE,C300,,gpon_1/4/15,up,2.4,nan,PBR04X34VIA,Recovered / Fixed,SFP inserted or port restored this week
PBR04001G00,ZTE,C300,,gpon_1/4/16,up,2.4,nan,PBR04X383TA,Recovered / Fixed,SFP inserted or port restored this week
PBR04001G00,ZTE,C300,,gpon_1/4/2,up,2.4,nan,PBR04X2VMVQ,Recovered / Fixed,SFP inserted or port restored this week
PBR04001G00,ZTE,C300,,gpon_1/4/3,up,2.4,nan,PBR04X2VMVM,Recovered / Fixed,SFP inserted or port restored this week
PBR04001G00,ZTE,C300,,gpon_1/4/4,up,2.4,nan,PBR04X30J5Y,Recovered / Fixed,SFP inserted or port restored this week
PBR04001G00,ZTE,C300,,gpon_1/4/5,up,2.4,nan,PBR04X30J60,Recovered / Fixed,SFP inserted or port restored this week
PBR04001G00,ZTE,C300,,gpon_1/4/6,up,2.4,nan,PBR04X10004,Recovered / Fixed,SFP inserted or port restored this week
PBR04001G00,ZTE,C300,,gpon_1/4/7,up,2.4,nan,PBR04X10009,Recovered / Fixed,SFP inserted or port restored this week
PBR04001G00,ZTE,C300,,gpon_1/4/8,up,2.4,nan,PBR04X1000D,Recovered / Fixed,SFP inserted or port restored this week
PBR04001G00,ZTE,C300,,gpon_1/4/9,up,2.4,nan,PBR04X1000J,Recovered / Fixed,SFP inserted or port restored this week
PBR04001G00,ZTE,C300,,gpon_1/5/1,up,2.4,nan,PBR04X38BTB,Recovered / Fixed,SFP inserted or port restored this week
PBR04001G00,ZTE,C300,,gpon_1/5/10,up,2.4,nan,PBR04X2PYI0,Recovered / Fixed,SFP inserted or port restored this week
PBR04001G00,ZTE,C300,,gpon_1/5/12,up,2.4,nan,PBR04X3D4CO,Recovered / Fixed,SFP inserted or port restored this week
PBR04001G00,ZTE,C300,,gpon_1/5/15,up,2.4,nan,PBR04X2VN1N,Recovered / Fixed,SFP inserted or port restored this week
PBR04001G00,ZTE,C300,,gpon_1/5/2,up,2.4,nan,PBR04X39JN4,Recovered / Fixed,SFP inserted or port restored this week
PBR04001G00,ZTE,C300,,gpon_1/5/3,up,2.4,nan,PBR04X3ABBQ,Recovered / Fixed,SFP inserted or port restored this week
PBR04001G00,ZTE,C300,,gpon_1/5/4,up,2.4,nan,PBR04X3DISJ,Recovered / Fixed,SFP inserted or port restored this week
PBR04001G00,ZTE,C300,,gpon_1/5/5,up,2.4,nan,PBR04X3BWOP,Recovered / Fixed,SFP inserted or port restored this week
PBR04001G00,ZTE,C300,,gpon_1/5/6,up,2.4,nan,PBR04X3D4CT,Recovered / Fixed,SFP inserted or port restored this week
PBR04001G00,ZTE,C300,,gpon_1/5/7,up,2.4,nan,PBR04X3D6HN,Recovered / Fixed,SFP inserted or port restored this week
PBR04001G00,ZTE,C300,,gpon_1/6/1,up,2.4,nan,PBR04X3EFX8,Recovered / Fixed,SFP inserted or port restored this week
PBR04001G00,ZTE,C300,,gpon_1/6/10,up,2.4,nan,PBR04X3SJCM,Recovered / Fixed,SFP inserted or port restored this week
PBR04001G00,ZTE,C300,,gpon_1/6/2,up,2.4,nan,PBR04X3EFX9,Recovered / Fixed,SFP inserted or port restored this week
PBR04001G00,ZTE,C300,,gpon_1/6/3,up,2.4,nan,PBR04X3EFXD,Recovered / Fixed,SFP inserted or port restored this week
PBR04001G00,ZTE,C300,,gpon_1/6/4,up,2.4,nan,PBR04X3FL41,Recovered / Fixed,SFP inserted or port restored this week
PBR04001G00,ZTE,C300,,gpon_1/6/5,up,2.4,nan,PBR04X3FL4A,Recovered / Fixed,SFP inserted or port restored this week
PBR04001G00,ZTE,C300,,gpon_1/6/6,up,2.4,nan,PBR04X3HKTO,Recovered / Fixed,SFP inserted or port restored this week
PBR04001G00,ZTE,C300,,gpon_1/6/7,up,2.4,nan,PBR04X3HKV8,Recovered / Fixed,SFP inserted or port restored this week
PBR04001G00,ZTE,C300,,gpon_1/6/8,up,2.4,nan,PBR04X3N06Z,Recovered / Fixed,SFP inserted or port restored this week
PBR04006G00,ZTE,C320,,gpon_1/1/3,up,2.4,nan,PBR04X2EGOW,Recovered / Fixed,SFP inserted or port restored this week
PBR04006G00,ZTE,C320,,gpon_1/1/5,up,2.4,nan,PBR04X3231D,Recovered / Fixed,SFP inserted or port restored this week
PBR04006G00,ZTE,C320,,gpon_1/1/7,up,2.4,nan,PBR04X38BNL,Recovered / Fixed,SFP inserted or port restored this week
PBR04009G00,ZTE,C320,,gpon_1/1/4,up,2.4,nan,PBR04X2C4PG,Recovered / Fixed,SFP inserted or port restored this week
PBR04009G00,ZTE,C320,,gpon_1/1/5,up,2.4,nan,PBR04X2X9EL,Recovered / Fixed,SFP inserted or port restored this week
PBR04009G00,ZTE,C320,,gpon_1/1/8,up,2.4,nan,PBR04X2ZQ03,Recovered / Fixed,SFP inserted or port restored this week
PBR04009G00,ZTE,C320,,gpon_1/2/1,up,2.4,nan,PBR04X36W4L,Recovered / Fixed,SFP inserted or port restored this week
PBR04009G00,ZTE,C320,,gpon_1/2/2,up,2.4,nan,PBR04X36VS4,Recovered / Fixed,SFP inserted or port restored this week
PBR06001GO0,ZTE,C320,,gpon_1/1/13,up,2.4,nan,PBR06X00019,Recovered / Fixed,SFP inserted or port restored this week
PBR06001GO0,ZTE,C320,,gpon_1/1/8,up,2.4,nan,PBR01X00098,Recovered / Fixed,SFP inserted or port restored this week
PBR06001GO0,ZTE,C320,,gpon_1/2/9,up,2.4,nan,PBR01X0009R,Recovered / Fixed,SFP inserted or port restored this week
PBR07001GO0,ZTE,C320,,gpon_1/2/12,up,2.4,nan,PBR07X34Q71,Recovered / Fixed,SFP inserted or port restored this week
PBR07001GO0,ZTE,C320,,gpon_1/2/9,up,2.4,nan,PBR07X2XY3U,Recovered / Fixed,SFP inserted or port restored this week
PBR08003GO0,ZTE,C320,,gpon_1/1/7,up,2.4,nan,PBR08X2Y8J2,Recovered / Fixed,SFP inserted or port restored this week
PCB02012GO0,Fiberhome,AN6000-2,,PON 1/3,up,2.4,nan,PCB02X21MUZ,Recovered / Fixed,SFP inserted or port restored this week
PCK01001G00,ZTE,C300,,gpon_1/2/1,up,2.4,nan,PCK01X0005P,Recovered / Fixed,SFP inserted or port restored this week
PCK01001G00,ZTE,C300,,gpon_1/2/10,up,2.4,nan,PCK01X0006T,Recovered / Fixed,SFP inserted or port restored this week
PCK01001G00,ZTE,C300,,gpon_1/2/11,up,2.4,nan,PCK01X0006Y,Recovered / Fixed,SFP inserted or port restored this week
PCK01001G00,ZTE,C300,,gpon_1/2/12,up,2.4,nan,PCK01X00072,Recovered / Fixed,SFP inserted or port restored this week
PCK01001G00,ZTE,C300,,gpon_1/2/13,up,2.4,nan,PCK01X00077,Recovered / Fixed,SFP inserted or port restored this week
PCK01001G00,ZTE,C300,,gpon_1/2/14,up,2.4,nan,PCK01X0007C,Recovered / Fixed,SFP inserted or port restored this week
PCK01001G00,ZTE,C300,,gpon_1/2/15,up,2.4,nan,PCK01X0007H,Recovered / Fixed,SFP inserted or port restored this week
PCK01001G00,ZTE,C300,,gpon_1/2/16,up,2.4,nan,PCK01X0007M,Recovered / Fixed,SFP inserted or port restored this week
PCK01001G00,ZTE,C300,,gpon_1/2/2,up,2.4,nan,PCK01X0005L,Recovered / Fixed,SFP inserted or port restored this week
PCK01001G00,ZTE,C300,,gpon_1/2/3,up,2.4,nan,PCK01X0005U,Recovered / Fixed,SFP inserted or port restored this week
PCK01001G00,ZTE,C300,,gpon_1/2/4,up,2.4,nan,PCK01X0005Z,Recovered / Fixed,SFP inserted or port restored this week
PCK01001G00,ZTE,C300,,gpon_1/2/5,up,2.4,nan,PCK01X00064,Recovered / Fixed,SFP inserted or port restored this week
PCK01001G00,ZTE,C300,,gpon_1/2/6,up,2.4,nan,PCK01X00069,Recovered / Fixed,SFP inserted or port restored this week
PCK01001G00,ZTE,C300,,gpon_1/2/7,up,2.4,nan,PCK01X0006E,Recovered / Fixed,SFP inserted or port restored this week
PCK01001G00,ZTE,C300,,gpon_1/2/8,up,2.4,nan,PCK01X0006O,Recovered / Fixed,SFP inserted or port restored this week
PCK01001G00,ZTE,C300,,gpon_1/2/9,up,2.4,nan,PCK01X0006J,Recovered / Fixed,SFP inserted or port restored this week
PCK01001G00,ZTE,C300,,gpon_1/3/1,up,2.4,nan,PCK01X0007R,Recovered / Fixed,SFP inserted or port restored this week
PCK01001G00,ZTE,C300,,gpon_1/3/10,up,2.4,nan,PCK01X0000H,Recovered / Fixed,SFP inserted or port restored this week
PCK01001G00,ZTE,C300,,gpon_1/3/11,up,2.4,nan,PCK01X0000M,Recovered / Fixed,SFP inserted or port restored this week
PCK01001G00,ZTE,C300,,gpon_1/3/12,up,2.4,nan,PCK01X0000Q,Recovered / Fixed,SFP inserted or port restored this week
PCK01001G00,ZTE,C300,,gpon_1/3/13,up,2.4,nan,PCK01X0000U,Recovered / Fixed,SFP inserted or port restored this week
PCK01001G00,ZTE,C300,,gpon_1/3/14,up,2.4,nan,PCK01X0000Z,Recovered / Fixed,SFP inserted or port restored this week
PCK01001G00,ZTE,C300,,gpon_1/3/15,up,2.4,nan,PCK01X00012,Recovered / Fixed,SFP inserted or port restored this week
PCK01001G00,ZTE,C300,,gpon_1/3/16,up,2.4,nan,PCK01X00017,Recovered / Fixed,SFP inserted or port restored this week
PCK01001G00,ZTE,C300,,gpon_1/3/2,up,2.4,nan,PCK01X0007W,Recovered / Fixed,SFP inserted or port restored this week
PCK01001G00,ZTE,C300,,gpon_1/3/3,up,2.4,nan,PCK01X0008G,Recovered / Fixed,SFP inserted or port restored this week
PCK01001G00,ZTE,C300,,gpon_1/3/4,up,2.4,nan,PCK01X0008L,Recovered / Fixed,SFP inserted or port restored this week
PCK01001G00,ZTE,C300,,gpon_1/3/5,up,2.4,nan,PCK01X00081,Recovered / Fixed,SFP inserted or port restored this week
PCK01001G00,ZTE,C300,,gpon_1/3/6,up,2.4,nan,PCK01X0008S,Recovered / Fixed,SFP inserted or port restored this week
PCK01001G00,ZTE,C300,,gpon_1/3/7,up,2.4,nan,PCK01X00005,Recovered / Fixed,SFP inserted or port restored this week
PCK01001G00,ZTE,C300,,gpon_1/3/8,up,2.4,nan,PCK01X00008,Recovered / Fixed,SFP inserted or port restored this week
PCK01001G00,ZTE,C300,,gpon_1/3/9,up,2.4,nan,PCK01X0000C,Recovered / Fixed,SFP inserted or port restored this week
PCK01001G00,ZTE,C300,,gpon_1/4/1,up,2.4,nan,PCK01X0001B,Recovered / Fixed,SFP inserted or port restored this week
PCK01001G00,ZTE,C300,,gpon_1/4/10,up,2.4,nan,PCK01X00092,Recovered / Fixed,SFP inserted or port restored this week
PCK01001G00,ZTE,C300,,gpon_1/4/11,up,2.4,nan,PCK01X0008X,Recovered / Fixed,SFP inserted or port restored this week
PCK01001G00,ZTE,C300,,gpon_1/4/12,up,2.4,nan,PCK01X0005B,Recovered / Fixed,SFP inserted or port restored this week
PCK01001G00,ZTE,C300,,gpon_1/4/13,up,2.4,nan,PCK01X0005G,Recovered / Fixed,SFP inserted or port restored this week
PCK01001G00,ZTE,C300,,gpon_1/4/14,up,2.4,nan,PCK01X0008B,Recovered / Fixed,SFP inserted or port restored this week
PCK01001G00,ZTE,C300,,gpon_1/4/15,up,2.4,nan,PCK01X00086,Recovered / Fixed,SFP inserted or port restored this week
PCK01001G00,ZTE,C300,,gpon_1/4/16,up,2.4,nan,PCK01X0008P,Recovered / Fixed,SFP inserted or port restored this week
PCK01001G00,ZTE,C300,,gpon_1/4/2,up,2.4,nan,PCK01X0001D,Recovered / Fixed,SFP inserted or port restored this week
PCK01001G00,ZTE,C300,,gpon_1/4/3,up,2.4,nan,PCK01X0001I,Recovered / Fixed,SFP inserted or port restored this week
PCK01001G00,ZTE,C300,,gpon_1/4/4,up,2.4,nan,PCK01X0001M,Recovered / Fixed,SFP inserted or port restored this week
PCK01001G00,ZTE,C300,,gpon_1/4/5,up,2.4,nan,PCK01X0001R,Recovered / Fixed,SFP inserted or port restored this week
PCK01001G00,ZTE,C300,,gpon_1/4/6,up,2.4,nan,PCK01X0001W,Recovered / Fixed,SFP inserted or port restored this week
PCK01001G00,ZTE,C300,,gpon_1/4/7,up,2.4,nan,PCK01X00021,Recovered / Fixed,SFP inserted or port restored this week
PCK01001G00,ZTE,C300,,gpon_1/4/8,up,2.4,nan,PCK01X00026,Recovered / Fixed,SFP inserted or port restored this week
PCK01001G00,ZTE,C300,,gpon_1/4/9,up,2.4,nan,PCK01X0002B,Recovered / Fixed,SFP inserted or port restored this week
PCK01001G00,ZTE,C300,,gpon_1/5/1,up,2.4,nan,PCK01X25WZ2,Recovered / Fixed,SFP inserted or port restored this week
PCK01001G00,ZTE,C300,,gpon_1/5/2,up,2.4,nan,PCK01X263VF,Recovered / Fixed,SFP inserted or port restored this week
PCK01001G00,ZTE,C300,,gpon_1/5/3,up,2.4,nan,PCK01X35GJA,Recovered / Fixed,SFP inserted or port restored this week
PCK01001G00,ZTE,C300,,gpon_1/5/4,up,2.4,nan,PCK01X3IULM,Recovered / Fixed,SFP inserted or port restored this week
PCK01001G00,ZTE,C300,,gpon_1/5/5,up,2.4,nan,PCK01X3IULO,Recovered / Fixed,SFP inserted or port restored this week
PCK01001G00,ZTE,C300,,gpon_1/5/6,up,2.4,nan,PCK01X3IUM0,Recovered / Fixed,SFP inserted or port restored this week
PCK01001G00,ZTE,C300,,gpon_1/5/7,up,2.4,nan,PCK01X3K9HP,Recovered / Fixed,SFP inserted or port restored this week
PCK01001G00,ZTE,C300,,gpon_1/5/8,up,2.4,nan,PCK01X3K9HK,Recovered / Fixed,SFP inserted or port restored this week
PCK01001G00,ZTE,C300,,gpon_1/6/1,up,2.4,nan,PCK01X0004I,Recovered / Fixed,SFP inserted or port restored this week
PCK01001G00,ZTE,C300,,gpon_1/6/10,up,2.4,nan,PCK01X00051,Recovered / Fixed,SFP inserted or port restored this week
PCK01001G00,ZTE,C300,,gpon_1/6/11,up,2.4,nan,PCK01X00056,Recovered / Fixed,SFP inserted or port restored this week
PCK01001G00,ZTE,C300,,gpon_1/6/12,up,2.4,nan,PCK01X000DI,Recovered / Fixed,SFP inserted or port restored this week
PCK01001G00,ZTE,C300,,gpon_1/6/13,up,2.4,nan,PCK01X000A4,Recovered / Fixed,SFP inserted or port restored this week
PCK01001G00,ZTE,C300,,gpon_1/6/14,up,2.4,nan,PCK01X000A7,Recovered / Fixed,SFP inserted or port restored this week
PCK01001G00,ZTE,C300,,gpon_1/6/15,up,2.4,nan,PCK01X000AC,Recovered / Fixed,SFP inserted or port restored this week
PCK01001G00,ZTE,C300,,gpon_1/6/16,up,2.4,nan,PCK01X20D5K,Recovered / Fixed,SFP inserted or port restored this week
PCK01001G00,ZTE,C300,,gpon_1/6/2,up,2.4,nan,PCK01X20CCM,Recovered / Fixed,SFP inserted or port restored this week
PCK01001G00,ZTE,C300,,gpon_1/6/3,up,2.4,nan,PCK01X20CDI,Recovered / Fixed,SFP inserted or port restored this week
PCK01001G00,ZTE,C300,,gpon_1/6/4,up,2.4,nan,PCK01X20CHJ,Recovered / Fixed,SFP inserted or port restored this week
PCK01001G00,ZTE,C300,,gpon_1/6/5,up,2.4,nan,PCK01X00095,Recovered / Fixed,SFP inserted or port restored this week
PCK01001G00,ZTE,C300,,gpon_1/6/6,up,2.4,nan,PCK01X00097,Recovered / Fixed,SFP inserted or port restored this week
PCK01001G00,ZTE,C300,,gpon_1/6/7,up,2.4,nan,PCK01X0004M,Recovered / Fixed,SFP inserted or port restored this week
PCK01001G00,ZTE,C300,,gpon_1/6/8,up,2.4,nan,PCK01X0004R,Recovered / Fixed,SFP inserted or port restored this week
PCK01001G00,ZTE,C300,,gpon_1/6/9,up,2.4,nan,PCK01X0004W,Recovered / Fixed,SFP inserted or port restored this week
PCK01001G00,ZTE,C300,,gpon_1/7/1,up,2.4,nan,PCK01X0002F,Recovered / Fixed,SFP inserted or port restored this week
PCK01001G00,ZTE,C300,,gpon_1/7/10,up,2.4,nan,PCK01X0003O,Recovered / Fixed,SFP inserted or port restored this week
PCK01001G00,ZTE,C300,,gpon_1/7/11,up,2.4,nan,PCK01X0003R,Recovered / Fixed,SFP inserted or port restored this week
PCK01001G00,ZTE,C300,,gpon_1/7/12,up,2.4,nan,PCK01X00041,Recovered / Fixed,SFP inserted or port restored this week
PCK01001G00,ZTE,C300,,gpon_1/7/13,up,2.4,nan,PCK01X0003W,Recovered / Fixed,SFP inserted or port restored this week
PCK01001G00,ZTE,C300,,gpon_1/7/14,up,2.4,nan,PCK01X00046,Recovered / Fixed,SFP inserted or port restored this week
PCK01001G00,ZTE,C300,,gpon_1/7/15,up,2.4,nan,PCK01X0004B,Recovered / Fixed,SFP inserted or port restored this week
PCK01001G00,ZTE,C300,,gpon_1/7/16,up,2.4,nan,PCK01X0004F,Recovered / Fixed,SFP inserted or port restored this week
PCK01001G00,ZTE,C300,,gpon_1/7/2,up,2.4,nan,PCK01X0002K,Recovered / Fixed,SFP inserted or port restored this week
PCK01001G00,ZTE,C300,,gpon_1/7/3,up,2.4,nan,PCK01X0002P,Recovered / Fixed,SFP inserted or port restored this week
PCK01001G00,ZTE,C300,,gpon_1/7/4,up,2.4,nan,PCK01X0002U,Recovered / Fixed,SFP inserted or port restored this week
PCK01001G00,ZTE,C300,,gpon_1/7/5,up,2.4,nan,PCK01X0002Z,Recovered / Fixed,SFP inserted or port restored this week
PCK01001G00,ZTE,C300,,gpon_1/7/6,up,2.4,nan,PCK01X00034,Recovered / Fixed,SFP inserted or port restored this week
PCK01001G00,ZTE,C300,,gpon_1/7/7,up,2.4,nan,PCK01X00039,Recovered / Fixed,SFP inserted or port restored this week
PCK01001G00,ZTE,C300,,gpon_1/7/8,up,2.4,nan,PCK01X0003E,Recovered / Fixed,SFP inserted or port restored this week
PCK01001G00,ZTE,C300,,gpon_1/7/9,up,2.4,nan,PCK01X0003J,Recovered / Fixed,SFP inserted or port restored this week
PCK04002G00,ZTE,C320,,gpon_1/1/5,up,2.4,nan,PCK04X2YYNI,Recovered / Fixed,SFP inserted or port restored this week
PCK04013G01,ZTE,C320,,gpon_1/1/1,up,2.4,nan,PCK04X2VH75,Recovered / Fixed,SFP inserted or port restored this week
PCK04013G01,ZTE,C320,,gpon_1/1/2,up,2.4,nan,PCK04X2VH7Q,Recovered / Fixed,SFP inserted or port restored this week
PCK04013G01,ZTE,C320,,gpon_1/1/3,down,2.4,nan,PCK04X2Z430,Recovered / Fixed,SFP inserted or port restored this week
PCK04013G01,ZTE,C320,,gpon_1/1/5,up,2.4,nan,PCK04X2W9YP,Recovered / Fixed,SFP inserted or port restored this week
PCK04013G01,ZTE,C320,,gpon_1/1/6,up,2.4,nan,PCK04X2WAEG,Recovered / Fixed,SFP inserted or port restored this week
PCK05005G00,Fiberhome,AN6001-G16,,PON 1/5,up,2.4,nan,PCK04X3IY69,Recovered / Fixed,SFP inserted or port restored this week
PCK06001G00,ZTE,C300,,gpon_1/4/7,up,2.4,nan,PCK06X0006E,Recovered / Fixed,SFP inserted or port restored this week
PCK06001G00,ZTE,C300,,gpon_1/5/5,up,2.4,nan,PCK06X30W0W,Recovered / Fixed,SFP inserted or port restored this week
PCK06001G00,ZTE,C300,,gpon_1/5/9,up,2.4,nan,PCK06X30KN2,Recovered / Fixed,SFP inserted or port restored this week
PCK06001G00,ZTE,C300,,gpon_1/6/2,up,2.4,nan,PCK06X0000A,Recovered / Fixed,SFP inserted or port restored this week
PCK06001G00,ZTE,C300,,gpon_1/6/4,up,2.4,nan,PCK06X0000K,Recovered / Fixed,SFP inserted or port restored this week
PCK06001G00,ZTE,C300,,gpon_1/6/5,up,2.4,nan,PCK06X0000O,Recovered / Fixed,SFP inserted or port restored this week
PCK06001G00,ZTE,C300,,gpon_1/6/7,up,2.4,nan,PCK06X0000X,Recovered / Fixed,SFP inserted or port restored this week
PCK06001G00,ZTE,C300,,gpon_1/6/8,up,2.4,nan,PCK06X00012,Recovered / Fixed,SFP inserted or port restored this week
PCK06001G00,ZTE,C300,,gpon_1/7/7,up,2.4,nan,PCK06X2Q1FL,Recovered / Fixed,SFP inserted or port restored this week
PCK06001G00,ZTE,C300,,gpon_1/8/1,up,2.4,nan,PCK06X350EE,Recovered / Fixed,SFP inserted or port restored this week
PCK06001G00,ZTE,C300,,gpon_1/8/10,up,2.4,nan,PCK06X3NGP1,Recovered / Fixed,SFP inserted or port restored this week
PCK06001G00,ZTE,C300,,gpon_1/8/15,up,2.4,nan,PCK06X3IY6V,Recovered / Fixed,SFP inserted or port restored this week
PCK06001G00,ZTE,C300,,gpon_1/8/2,up,2.4,nan,PCK06X3941V,Recovered / Fixed,SFP inserted or port restored this week
PCK06001G00,ZTE,C300,,gpon_1/8/3,up,2.4,nan,PCK06X39POH,Recovered / Fixed,SFP inserted or port restored this week
PCK06001G00,ZTE,C300,,gpon_1/8/4,up,2.4,nan,PCK06X39PCS,Recovered / Fixed,SFP inserted or port restored this week
PCK06001G00,ZTE,C300,,gpon_1/8/6,up,2.4,nan,PCK06X3DNOW,Recovered / Fixed,SFP inserted or port restored this week
PCK06001G00,ZTE,C300,,gpon_1/8/7,up,2.4,nan,PCK06X3EEX3,Recovered / Fixed,SFP inserted or port restored this week
PCK06001G00,ZTE,C300,,gpon_1/8/8,up,2.4,nan,PCK06X3IESJ,Recovered / Fixed,SFP inserted or port restored this week
PCK06001G00,ZTE,C300,,gpon_1/9/2,up,2.4,nan,PCK06X3QW2W,Recovered / Fixed,SFP inserted or port restored this week
PCK06002GO0,ZTE,C320,,gpon_1/1/4,up,2.4,nan,PCK06X0009I,Recovered / Fixed,SFP inserted or port restored this week
PCK06002GO0,ZTE,C320,,gpon_1/2/9,up,2.4,nan,PCK06X000C4,Recovered / Fixed,SFP inserted or port restored this week
PCK07002G00,ZTE,C300,,gpon_1/2/1,up,2.4,nan,PCK07X0004N,Recovered / Fixed,SFP inserted or port restored this week
PCK07002G00,ZTE,C300,,gpon_1/2/2,up,2.4,nan,PCK07X00054,Recovered / Fixed,SFP inserted or port restored this week
PCK07002G00,ZTE,C300,,gpon_1/2/5,up,2.4,nan,PCK07X00046,Recovered / Fixed,SFP inserted or port restored this week
PCK07002G00,ZTE,C300,,gpon_1/6/1,up,2.4,nan,PCK07X00091,Recovered / Fixed,SFP inserted or port restored this week
PCK07002G00,ZTE,C300,,gpon_1/6/6,up,2.4,nan,PCK07X0009N,Recovered / Fixed,SFP inserted or port restored this week
PCK07002G00,ZTE,C300,,gpon_1/7/2,up,2.4,nan,PCK07X000AX,Recovered / Fixed,SFP inserted or port restored this week
PCK07002G00,ZTE,C300,,gpon_1/8/10,up,2.4,nan,PCK07X3E1B9,Recovered / Fixed,SFP inserted or port restored this week
PCK07002G00,ZTE,C300,,gpon_1/8/11,up,2.4,nan,PCK07X3LHLO,Recovered / Fixed,SFP inserted or port restored this week
PCK07002G00,ZTE,C300,,gpon_1/8/12,up,2.4,nan,PCK07X3LHLP,Recovered / Fixed,SFP inserted or port restored this week
PCK07002G00,ZTE,C300,,gpon_1/8/13,up,2.4,nan,PCK07X3LHLY,Recovered / Fixed,SFP inserted or port restored this week
PCK07002G00,ZTE,C300,,gpon_1/8/14,up,2.4,nan,PCK07X3LHLZ,Recovered / Fixed,SFP inserted or port restored this week
PCK07002G00,ZTE,C300,,gpon_1/8/2,up,2.4,nan,PCK07X3DYHI,Recovered / Fixed,SFP inserted or port restored this week
PCK07002G00,ZTE,C300,,gpon_1/8/3,up,2.4,nan,PCK07X34YQ3,Recovered / Fixed,SFP inserted or port restored this week
PCK07002G00,ZTE,C300,,gpon_1/8/4,up,2.4,nan,PCK07X358LD,Recovered / Fixed,SFP inserted or port restored this week
PCK07002G00,ZTE,C300,,gpon_1/8/5,up,2.4,nan,PCK07X3C5WF,Recovered / Fixed,SFP inserted or port restored this week
PCK07002G00,ZTE,C300,,gpon_1/8/6,up,2.4,nan,PCK07X3C5WA,Recovered / Fixed,SFP inserted or port restored this week
PCK07002G00,ZTE,C300,,gpon_1/8/7,up,2.4,nan,PCK07X3E1AI,Recovered / Fixed,SFP inserted or port restored this week
PCK07002G00,ZTE,C300,,gpon_1/8/8,up,2.4,nan,PCK07X3E1BE,Recovered / Fixed,SFP inserted or port restored this week
PCK07002G00,ZTE,C300,,gpon_1/8/9,up,2.4,nan,PCK07X3E1B0,Recovered / Fixed,SFP inserted or port restored this week
PCK07003GO0,ZTE,C320,,gpon_1/1/4,up,2.4,nan,PCK07X00070,Recovered / Fixed,SFP inserted or port restored this week
PCK07004GO0,ZTE,C320,,gpon_1/1/7,up,2.4,nan,PCK07X1ZS8F,Recovered / Fixed,SFP inserted or port restored this week
PCT01012GO0,Fiberhome,AN5516-04,,PON 2/5,up,2.4,nan,PCT01X35KPM,Recovered / Fixed,SFP inserted or port restored this week
PKT01002G00,ZTE,C300,,gpon_1/2/11,up,2.4,nan,PKT01X0003D,Recovered / Fixed,SFP inserted or port restored this week
PKT01002G00,ZTE,C300,,gpon_1/3/7,up,2.4,nan,PKT01X0004Z,Recovered / Fixed,SFP inserted or port restored this week
PKT01002G00,ZTE,C300,,gpon_1/4/7,up,2.4,nan,PKT01X00070,Recovered / Fixed,SFP inserted or port restored this week
PKT01002G00,ZTE,C300,,gpon_1/5/16,up,2.4,nan,PKT01X000A6,Recovered / Fixed,SFP inserted or port restored this week
PKT01002G00,ZTE,C300,,gpon_1/6/1,up,2.4,nan,PKT01X000IQ,Recovered / Fixed,SFP inserted or port restored this week
PKT01002G00,ZTE,C300,,gpon_1/7/15,up,2.4,nan,PKT01X2U6KJ,Recovered / Fixed,SFP inserted or port restored this week
PKT01002G00,ZTE,C300,,gpon_1/8/10,up,2.4,nan,PKT01X3CHD5,Recovered / Fixed,SFP inserted or port restored this week
PKT01002G00,ZTE,C300,,gpon_1/8/11,up,2.4,nan,PKT01X3CHD2,Recovered / Fixed,SFP inserted or port restored this week
PKT01002G00,ZTE,C300,,gpon_1/8/13,up,2.4,nan,PKT01X3II03,Recovered / Fixed,SFP inserted or port restored this week
PKT01002G00,ZTE,C300,,gpon_1/8/14,up,2.4,nan,PKT01X3KOLT,Recovered / Fixed,SFP inserted or port restored this week
PKT01002G00,ZTE,C300,,gpon_1/8/2,up,2.4,nan,PKT01X0033I,Recovered / Fixed,SFP inserted or port restored this week
PKT01002G00,ZTE,C300,,gpon_1/8/3,up,2.4,nan,PKT01X0033O,Recovered / Fixed,SFP inserted or port restored this week
PKT01002G00,ZTE,C300,,gpon_1/8/4,up,2.4,nan,PKT01X0033X,Recovered / Fixed,SFP inserted or port restored this week
PKT01002G00,ZTE,C300,,gpon_1/8/5,up,2.4,nan,PKT01X2W7OK,Recovered / Fixed,SFP inserted or port restored this week
PKT01002G00,ZTE,C300,,gpon_1/8/6,up,2.4,nan,PKT01X2W7OJ,Recovered / Fixed,SFP inserted or port restored this week
PKT01002G00,ZTE,C300,,gpon_1/8/7,up,2.4,nan,PKT01X2ZIWG,Recovered / Fixed,SFP inserted or port restored this week
PKT01020GO0,ZTE,C320,,gpon_1/2/1,down,2.4,nan,PKT01X3VM8Q,Recovered / Fixed,SFP inserted or port restored this week
PKT01020GO0,ZTE,C320,,gpon_1/2/2,up,2.4,nan,PKT01X3VM8W,Recovered / Fixed,SFP inserted or port restored this week
PKT01020GO0,ZTE,C320,,gpon_1/2/3,up,2.4,nan,PKT01X3VM92,Recovered / Fixed,SFP inserted or port restored this week
PKT01020GO0,ZTE,C320,,gpon_1/2/4,up,2.4,nan,PKT01X3VM98,Recovered / Fixed,SFP inserted or port restored this week
PKT01027GO0,ZTE,C320,,gpon_1/2/1,up,2.4,nan,PKT01X2V42T,Recovered / Fixed,SFP inserted or port restored this week
PKT01027GO0,ZTE,C320,,gpon_1/2/2,up,2.4,nan,PKT01X2VCTF,Recovered / Fixed,SFP inserted or port restored this week
PKT01027GO0,ZTE,C320,,gpon_1/2/3,up,2.4,nan,PKT01X2VCXJ,Recovered / Fixed,SFP inserted or port restored this week
PKT01027GO0,ZTE,C320,,gpon_1/2/4,up,2.4,nan,PKT01X2VEJ1,Recovered / Fixed,SFP inserted or port restored this week
PKT01027GO0,ZTE,C320,,gpon_1/2/5,up,2.4,nan,PKT01X31RGZ,Recovered / Fixed,SFP inserted or port restored this week
PKT01027GO0,ZTE,C320,,gpon_1/2/6,up,2.4,nan,PKT01X34R6G,Recovered / Fixed,SFP inserted or port restored this week
PKT01027GO0,ZTE,C320,,gpon_1/2/7,up,2.4,nan,PKT01X34R6M,Recovered / Fixed,SFP inserted or port restored this week
PKT01027GO0,ZTE,C320,,gpon_1/2/8,up,2.4,nan,PKT01X3C9ZK,Recovered / Fixed,SFP inserted or port restored this week
PKT01032GO0,ZTE,C320,,gpon_1/1/6,up,2.4,nan,PKT01X001CC,Recovered / Fixed,SFP inserted or port restored this week
PKT01032GO0,ZTE,C320,,gpon_1/2/1,up,2.4,nan,PKT01X2V38Y,Recovered / Fixed,SFP inserted or port restored this week
PKT01032GO0,ZTE,C320,,gpon_1/2/2,up,2.4,nan,PKT01X2Y0TV,Recovered / Fixed,SFP inserted or port restored this week
PKT01032GO0,ZTE,C320,,gpon_1/2/3,up,2.4,nan,PKT01X2YF84,Recovered / Fixed,SFP inserted or port restored this week
PKT01032GO0,ZTE,C320,,gpon_1/2/4,up,2.4,nan,PKT01X2YV6F,Recovered / Fixed,SFP inserted or port restored this week
PKT01032GO0,ZTE,C320,,gpon_1/2/5,up,2.4,nan,PKT01X3MI14,Recovered / Fixed,SFP inserted or port restored this week
PKT01032GO0,ZTE,C320,,gpon_1/2/6,up,2.4,nan,PKT01X3MI1A,Recovered / Fixed,SFP inserted or port restored this week
PKT01033GO0,ZTE,C320,,gpon_1/2/1,up,2.4,nan,PKT01X2U00K,Recovered / Fixed,SFP inserted or port restored this week
PKT01033GO0,ZTE,C320,,gpon_1/2/2,up,2.4,nan,PKT01X2TZXP,Recovered / Fixed,SFP inserted or port restored this week
PKT01033GO0,ZTE,C320,,gpon_1/2/3,up,2.4,nan,PKT01X2TZXE,Recovered / Fixed,SFP inserted or port restored this week
PKT01033GO0,ZTE,C320,,gpon_1/2/4,up,2.4,nan,PKT01X2VIIP,Recovered / Fixed,SFP inserted or port restored this week
PKT01033GO0,ZTE,C320,,gpon_1/2/5,up,2.4,nan,PKT01X3BWGV,Recovered / Fixed,SFP inserted or port restored this week
PKT01033GO0,ZTE,C320,,gpon_1/2/6,up,2.4,nan,PKT01X3BWGT,Recovered / Fixed,SFP inserted or port restored this week
PKT01033GO0,ZTE,C320,,gpon_1/2/7,up,2.4,nan,PKT01X3II8F,Recovered / Fixed,SFP inserted or port restored this week
PKT01033GO0,ZTE,C320,,gpon_1/2/8,up,2.4,nan,PKT01X3VHLI,Recovered / Fixed,SFP inserted or port restored this week
PKT01038GO0,ZTE,C320,,gpon_1/1/1,up,2.4,nan,PKT01X2QG2R,Recovered / Fixed,SFP inserted or port restored this week
PKT01038GO0,ZTE,C320,,gpon_1/1/3,up,2.4,nan,PKT01X0018C,Recovered / Fixed,SFP inserted or port restored this week
PKT01038GO0,ZTE,C320,,gpon_1/1/4,up,2.4,nan,PKT01X0018I,Recovered / Fixed,SFP inserted or port restored this week
PKT01038GO0,ZTE,C320,,gpon_1/1/5,up,2.4,nan,PKT01X0018N,Recovered / Fixed,SFP inserted or port restored this week
PKT01038GO0,ZTE,C320,,gpon_1/1/6,up,2.4,nan,PKT01X0018W,Recovered / Fixed,SFP inserted or port restored this week
PKT01038GO0,ZTE,C320,,gpon_1/1/7,up,2.4,nan,PKT01X00191,Recovered / Fixed,SFP inserted or port restored this week
PKT01038GO0,ZTE,C320,,gpon_1/2/7,up,2.4,nan,PKT01X3PUXE,Recovered / Fixed,SFP inserted or port restored this week
PKT01042GO0,ZTE,C320,,gpon_1/2/1,up,2.4,nan,PKT01X2V3OV,Recovered / Fixed,SFP inserted or port restored this week
PKT01042GO0,ZTE,C320,,gpon_1/2/2,up,2.4,nan,PKT01X2V3P6,Recovered / Fixed,SFP inserted or port restored this week
PKT01042GO0,ZTE,C320,,gpon_1/2/3,up,2.4,nan,PKT01X2VA2B,Recovered / Fixed,SFP inserted or port restored this week
PKT01042GO0,ZTE,C320,,gpon_1/2/4,up,2.4,nan,PKT01X2VA8Z,Recovered / Fixed,SFP inserted or port restored this week
PKT01042GO0,ZTE,C320,,gpon_1/2/5,up,2.4,nan,PKT01X2ZITA,Recovered / Fixed,SFP inserted or port restored this week
PKT01042GO0,ZTE,C320,,gpon_1/2/6,up,2.4,nan,PKT01X3CGFR,Recovered / Fixed,SFP inserted or port restored this week
PKT01042GO0,ZTE,C320,,gpon_1/2/7,up,2.4,nan,PKT01X3J72R,Recovered / Fixed,SFP inserted or port restored this week
PKT01042GO0,ZTE,C320,,gpon_1/2/8,up,2.4,nan,PKT01X3J72S,Recovered / Fixed,SFP inserted or port restored this week
PKT01043GO0,ZTE,C320,,gpon_1/2/1,up,2.4,nan,PKT01X2W857,Recovered / Fixed,SFP inserted or port restored this week
PKT01043GO0,ZTE,C320,,gpon_1/2/2,up,2.4,nan,PKT01X2W87D,Recovered / Fixed,SFP inserted or port restored this week
PKT01043GO0,ZTE,C320,,gpon_1/2/3,up,2.4,nan,PKT01X2YHU0,Recovered / Fixed,SFP inserted or port restored this week
PKT01043GO0,ZTE,C320,,gpon_1/2/4,up,2.4,nan,PKT01X34X9O,Recovered / Fixed,SFP inserted or port restored this week
PKT01043GO0,ZTE,C320,,gpon_1/2/7,up,2.4,nan,PKT01X3UOOR,Recovered / Fixed,SFP inserted or port restored this week
PKT01043GO0,ZTE,C320,,gpon_1/2/8,up,2.4,nan,PKT01X3V2O1,Recovered / Fixed,SFP inserted or port restored this week
PKT01045GO0,ZTE,C320,,gpon_1/2/1,up,2.4,nan,PKT01X2YVHP,Recovered / Fixed,SFP inserted or port restored this week
PKT01045GO0,ZTE,C320,,gpon_1/2/2,up,2.4,nan,PKT01X2YVH1,Recovered / Fixed,SFP inserted or port restored this week
PKT01045GO0,ZTE,C320,,gpon_1/2/3,up,2.4,nan,PKT01X30KCO,Recovered / Fixed,SFP inserted or port restored this week
PKT01045GO0,ZTE,C320,,gpon_1/2/4,up,2.4,nan,PKT01X30LV1,Recovered / Fixed,SFP inserted or port restored this week
PKT01045GO0,ZTE,C320,,gpon_1/2/5,up,2.4,nan,PKT01X31EY7,Recovered / Fixed,SFP inserted or port restored this week
PKT01045GO0,ZTE,C320,,gpon_1/2/6,up,2.4,nan,PKT01X31EZZ,Recovered / Fixed,SFP inserted or port restored this week
PKT01045GO0,ZTE,C320,,gpon_1/2/7,up,2.4,nan,PKT01X3BWJ9,Recovered / Fixed,SFP inserted or port restored this week
PKT01051GO0,ZTE,C320,,gpon_1/2/1,up,2.4,nan,PKT01X2TZ2E,Recovered / Fixed,SFP inserted or port restored this week
PKT01051GO0,ZTE,C320,,gpon_1/2/2,up,2.4,nan,PKT01X2U548,Recovered / Fixed,SFP inserted or port restored this week
PKT01051GO0,ZTE,C320,,gpon_1/2/3,up,2.4,nan,PKT01X2W84V,Recovered / Fixed,SFP inserted or port restored this week
PKT01051GO0,ZTE,C320,,gpon_1/2/4,up,2.4,nan,PKT01X3IHGD,Recovered / Fixed,SFP inserted or port restored this week
PKT01056GO0,ZTE,C320,,gpon_1/2/1,up,2.4,nan,PKT01X2U8KL,Recovered / Fixed,SFP inserted or port restored this week
PKT01056GO0,ZTE,C320,,gpon_1/2/2,up,2.4,nan,PKT01X2VH3G,Recovered / Fixed,SFP inserted or port restored this week
PKT01056GO0,ZTE,C320,,gpon_1/2/3,up,2.4,nan,PKT01X2VIAC,Recovered / Fixed,SFP inserted or port restored this week
PKT01056GO0,ZTE,C320,,gpon_1/2/4,up,2.4,nan,PKT01X2VIFG,Recovered / Fixed,SFP inserted or port restored this week
PKT01056GO0,ZTE,C320,,gpon_1/2/5,up,2.4,nan,PKT01X34SF3,Recovered / Fixed,SFP inserted or port restored this week
PKT01056GO0,ZTE,C320,,gpon_1/2/6,up,2.4,nan,PKT01X3J0WO,Recovered / Fixed,SFP inserted or port restored this week
PKT01056GO0,ZTE,C320,,gpon_1/2/7,up,2.4,nan,PKT01X3JYNW,Recovered / Fixed,SFP inserted or port restored this week
PKT01056GO0,ZTE,C320,,gpon_1/2/8,up,2.4,nan,PKT01X3KK16,Recovered / Fixed,SFP inserted or port restored this week
PKT01057GO0,ZTE,C320,,gpon_1/1/9,up,2.4,nan,PKT01X3QEES,Recovered / Fixed,SFP inserted or port restored this week
PKT01057GO0,ZTE,C320,,gpon_1/2/1,up,2.4,nan,PKT01X2VHR2,Recovered / Fixed,SFP inserted or port restored this week
PKT01057GO0,ZTE,C320,,gpon_1/2/2,up,2.4,nan,PKT01X2VHPL,Recovered / Fixed,SFP inserted or port restored this week
PKT01057GO0,ZTE,C320,,gpon_1/2/3,up,2.4,nan,PKT01X2VHPX,Recovered / Fixed,SFP inserted or port restored this week
PKT01057GO0,ZTE,C320,,gpon_1/2/4,up,2.4,nan,PKT01X2YWIR,Recovered / Fixed,SFP inserted or port restored this week
PKT01057GO0,ZTE,C320,,gpon_1/2/5,up,2.4,nan,PKT01X3LVFA,Recovered / Fixed,SFP inserted or port restored this week
PKT01057GO0,ZTE,C320,,gpon_1/2/6,up,2.4,nan,PKT01X3LVFE,Recovered / Fixed,SFP inserted or port restored this week
PKT01057GO0,ZTE,C320,,gpon_1/2/7,up,2.4,nan,PKT01X3LVFG,Recovered / Fixed,SFP inserted or port restored this week
PKT01057GO0,ZTE,C320,,gpon_1/2/8,up,2.4,nan,PKT01X3LVFC,Recovered / Fixed,SFP inserted or port restored this week
PKT01057GO0,ZTE,C320,,gpon_1/2/9,up,2.4,nan,PKT01X3VVCA,Recovered / Fixed,SFP inserted or port restored this week
PKT01059GO0,ZTE,C320,,gpon_1/2/1,up,2.4,nan,PKT01X3BWEH,Recovered / Fixed,SFP inserted or port restored this week
PKT01059GO0,ZTE,C320,,gpon_1/2/2,up,2.4,nan,PKT01X3T2KN,Recovered / Fixed,SFP inserted or port restored this week
PKT01064GO0,ZTE,C320,,gpon_1/2/1,up,2.4,nan,PKT01X3HJRH,Recovered / Fixed,SFP inserted or port restored this week
PKT02002G00,ZTE,C300,,gpon_1/12/1,up,2.4,nan,PKT01X2XZLR,Recovered / Fixed,SFP inserted or port restored this week
PKT02002G00,ZTE,C300,,gpon_1/12/10,up,2.4,nan,PKT01X361VV,Recovered / Fixed,SFP inserted or port restored this week
PKT02002G00,ZTE,C300,,gpon_1/12/11,up,2.4,nan,PKT01X361VT,Recovered / Fixed,SFP inserted or port restored this week
PKT02002G00,ZTE,C300,,gpon_1/12/12,up,2.4,nan,PKT01X361VQ,Recovered / Fixed,SFP inserted or port restored this week
PKT02002G00,ZTE,C300,,gpon_1/12/13,up,2.4,nan,PKT01X34X9G,Recovered / Fixed,SFP inserted or port restored this week
PKT02002G00,ZTE,C300,,gpon_1/12/15,up,2.4,nan,PKT01X34X9T,Recovered / Fixed,SFP inserted or port restored this week
PKT02002G00,ZTE,C300,,gpon_1/12/16,up,2.4,nan,PKT01X36F3V,Recovered / Fixed,SFP inserted or port restored this week
PKT02002G00,ZTE,C300,,gpon_1/12/2,up,2.4,nan,PKT02X2YWJ5,Recovered / Fixed,SFP inserted or port restored this week
PKT02002G00,ZTE,C300,,gpon_1/12/3,up,2.4,nan,PKT02X32XEJ,Recovered / Fixed,SFP inserted or port restored this week
PKT02002G00,ZTE,C300,,gpon_1/12/4,up,2.4,nan,PKT02X32XEG,Recovered / Fixed,SFP inserted or port restored this week
PKT02002G00,ZTE,C300,,gpon_1/12/5,up,2.4,nan,PKT02X38ZJG,Recovered / Fixed,SFP inserted or port restored this week
PKT02002G00,ZTE,C300,,gpon_1/12/6,up,2.4,nan,PKT02X31CAI,Recovered / Fixed,SFP inserted or port restored this week
PKT02002G00,ZTE,C300,,gpon_1/12/7,up,2.4,nan,PKT01X361VO,Recovered / Fixed,SFP inserted or port restored this week
PKT02002G00,ZTE,C300,,gpon_1/12/8,up,2.4,nan,PKT01X361W0,Recovered / Fixed,SFP inserted or port restored this week
PKT02002G00,ZTE,C300,,gpon_1/12/9,up,2.4,nan,PKT01X361W2,Recovered / Fixed,SFP inserted or port restored this week
PKT02002G00,ZTE,C300,,gpon_1/13/1,up,2.4,nan,PKT01X3LM93,Recovered / Fixed,SFP inserted or port restored this week
PKT02002G00,ZTE,C300,,gpon_1/13/10,up,2.4,nan,PKT01X3LV6N,Recovered / Fixed,SFP inserted or port restored this week
PKT02002G00,ZTE,C300,,gpon_1/13/11,up,2.4,nan,PKT01X3LV6P,Recovered / Fixed,SFP inserted or port restored this week
PKT02002G00,ZTE,C300,,gpon_1/13/13,up,2.4,nan,PKT01X3OOYA,Recovered / Fixed,SFP inserted or port restored this week
PKT02002G00,ZTE,C300,,gpon_1/13/14,up,2.4,nan,PKT01X3P1PO,Recovered / Fixed,SFP inserted or port restored this week
PKT02002G00,ZTE,C300,,gpon_1/13/15,up,2.4,nan,PKT01X3P1PJ,Recovered / Fixed,SFP inserted or port restored this week
PKT02002G00,ZTE,C300,,gpon_1/13/16,up,2.4,nan,PKT01X3P1PE,Recovered / Fixed,SFP inserted or port restored this week
PKT02002G00,ZTE,C300,,gpon_1/13/2,up,2.4,nan,PKT01X3LM95,Recovered / Fixed,SFP inserted or port restored this week
PKT02002G00,ZTE,C300,,gpon_1/13/3,up,2.4,nan,PKT01X3LM91,Recovered / Fixed,SFP inserted or port restored this week
PKT02002G00,ZTE,C300,,gpon_1/13/4,up,2.4,nan,PKT01X3LM8Z,Recovered / Fixed,SFP inserted or port restored this week
PKT02002G00,ZTE,C300,,gpon_1/13/5,up,2.4,nan,PKT01X3LMBC,Recovered / Fixed,SFP inserted or port restored this week
PKT02002G00,ZTE,C300,,gpon_1/13/6,up,2.4,nan,PKT01X3LMBD,Recovered / Fixed,SFP inserted or port restored this week
PKT02002G00,ZTE,C300,,gpon_1/13/7,up,2.4,nan,PKT01X3LMBF,Recovered / Fixed,SFP inserted or port restored this week
PKT02002G00,ZTE,C300,,gpon_1/13/8,up,2.4,nan,PKT01X3LMBH,Recovered / Fixed,SFP inserted or port restored this week
PKT02002G00,ZTE,C300,,gpon_1/13/9,up,2.4,nan,PKT01X3LV6M,Recovered / Fixed,SFP inserted or port restored this week
PKT02002G00,ZTE,C300,,gpon_1/14/10,up,2.4,nan,PKT01X3RLLB,Recovered / Fixed,SFP inserted or port restored this week
PKT02002G00,ZTE,C300,,gpon_1/14/12,up,2.4,nan,PKT01X3T24F,Recovered / Fixed,SFP inserted or port restored this week
PKT02002G00,ZTE,C300,,gpon_1/14/13,up,2.4,nan,PKT01X3ZML1,Recovered / Fixed,SFP inserted or port restored this week
PKT02002G00,ZTE,C300,,gpon_1/14/2,up,2.4,nan,PKT01X3P70N,Recovered / Fixed,SFP inserted or port restored this week
PKT02002G00,ZTE,C300,,gpon_1/14/3,up,2.4,nan,PKT01X3QGZB,Recovered / Fixed,SFP inserted or port restored this week
PKT02002G00,ZTE,C300,,gpon_1/14/5,up,2.4,nan,PKT01X3QDZP,Recovered / Fixed,SFP inserted or port restored this week
PKT02002G00,ZTE,C300,,gpon_1/14/6,up,2.4,nan,PKT01X3QDZQ,Recovered / Fixed,SFP inserted or port restored this week
PKT02002G00,ZTE,C300,,gpon_1/14/7,up,2.4,nan,PKT01X3QDZR,Recovered / Fixed,SFP inserted or port restored this week
PKT02002G00,ZTE,C300,,gpon_1/14/8,up,2.4,nan,PKT01X3RLLA,Recovered / Fixed,SFP inserted or port restored this week
PKT02002G00,ZTE,C300,,gpon_1/2/15,up,2.4,nan,PKT02X0000B,Recovered / Fixed,SFP inserted or port restored this week
PKT02002G00,ZTE,C300,,gpon_1/2/2,up,2.4,nan,PKT01X0000M,Recovered / Fixed,SFP inserted or port restored this week
PKT02002G00,ZTE,C300,,gpon_1/2/7,up,2.4,nan,PKT01X00011,Recovered / Fixed,SFP inserted or port restored this week
PKT02002G00,ZTE,C300,,gpon_1/3/1,up,2.4,nan,PKT02X0000L,Recovered / Fixed,SFP inserted or port restored this week
PKT02002G00,ZTE,C300,,gpon_1/3/12,up,2.4,nan,PKT01X000BD,Recovered / Fixed,SFP inserted or port restored this week
PKT02002G00,ZTE,C300,,gpon_1/4/16,up,2.4,nan,PKT01X000IW,Recovered / Fixed,SFP inserted or port restored this week
PKT02002G00,ZTE,C300,,gpon_1/6/1,up,2.4,nan,PKT02X000FA,Recovered / Fixed,SFP inserted or port restored this week
PKT02002G00,ZTE,C300,,gpon_1/6/13,up,2.4,nan,PKT02X000KV,Recovered / Fixed,SFP inserted or port restored this week
PKT02002G00,ZTE,C300,,gpon_1/8/2,up,2.4,nan,PKT01X002BM,Recovered / Fixed,SFP inserted or port restored this week
PKT02005GO0,ZTE,C320,,gpon_1/2/9,up,2.4,nan,PKT02X000AH,Recovered / Fixed,SFP inserted or port restored this week
PKT02010G00,ZTE,C300,,gpon_1/2/1,up,2.4,nan,PKT02X000MK,Recovered / Fixed,SFP inserted or port restored this week
PKT02010G00,ZTE,C300,,gpon_1/2/10,up,2.4,nan,PKT02X000NB,Recovered / Fixed,SFP inserted or port restored this week
PKT02010G00,ZTE,C300,,gpon_1/2/11,up,2.4,nan,PKT02X000NE,Recovered / Fixed,SFP inserted or port restored this week
PKT02010G00,ZTE,C300,,gpon_1/2/12,up,2.4,nan,PKT02X000NH,Recovered / Fixed,SFP inserted or port restored this week
PKT02010G00,ZTE,C300,,gpon_1/2/13,up,2.4,nan,PKT02X000NK,Recovered / Fixed,SFP inserted or port restored this week
PKT02010G00,ZTE,C300,,gpon_1/2/14,up,2.4,nan,PKT02X000NN,Recovered / Fixed,SFP inserted or port restored this week
PKT02010G00,ZTE,C300,,gpon_1/2/15,up,2.4,nan,PKT02X000NQ,Recovered / Fixed,SFP inserted or port restored this week
PKT02010G00,ZTE,C300,,gpon_1/2/16,up,2.4,nan,PKT02X000NT,Recovered / Fixed,SFP inserted or port restored this week
PKT02010G00,ZTE,C300,,gpon_1/2/2,up,2.4,nan,PKT02X000MN,Recovered / Fixed,SFP inserted or port restored this week
PKT02010G00,ZTE,C300,,gpon_1/2/3,up,2.4,nan,PKT02X000MQ,Recovered / Fixed,SFP inserted or port restored this week
PKT02010G00,ZTE,C300,,gpon_1/2/4,up,2.4,nan,PKT02X000MT,Recovered / Fixed,SFP inserted or port restored this week
PKT02010G00,ZTE,C300,,gpon_1/2/5,up,2.4,nan,PKT02X000MW,Recovered / Fixed,SFP inserted or port restored this week
PKT02010G00,ZTE,C300,,gpon_1/2/6,up,2.4,nan,PKT02X000MZ,Recovered / Fixed,SFP inserted or port restored this week
PKT02010G00,ZTE,C300,,gpon_1/2/7,up,2.4,nan,PKT02X000N2,Recovered / Fixed,SFP inserted or port restored this week
PKT02010G00,ZTE,C300,,gpon_1/2/8,up,2.4,nan,PKT02X000N5,Recovered / Fixed,SFP inserted or port restored this week
PKT02010G00,ZTE,C300,,gpon_1/2/9,up,2.4,nan,PKT02X000N8,Recovered / Fixed,SFP inserted or port restored this week
PKT02010G00,ZTE,C300,,gpon_1/3/1,up,2.4,nan,PKT02X000NW,Recovered / Fixed,SFP inserted or port restored this week
PKT02010G00,ZTE,C300,,gpon_1/3/10,up,2.4,nan,PKT02X000ON,Recovered / Fixed,SFP inserted or port restored this week
PKT02010G00,ZTE,C300,,gpon_1/3/11,up,2.4,nan,PKT02X000OQ,Recovered / Fixed,SFP inserted or port restored this week
PKT02010G00,ZTE,C300,,gpon_1/3/12,up,2.4,nan,PKT02X000OT,Recovered / Fixed,SFP inserted or port restored this week
PKT02010G00,ZTE,C300,,gpon_1/3/13,up,2.4,nan,PKT02X000OW,Recovered / Fixed,SFP inserted or port restored this week
PKT02010G00,ZTE,C300,,gpon_1/3/14,up,2.4,nan,PKT02X000OZ,Recovered / Fixed,SFP inserted or port restored this week
PKT02010G00,ZTE,C300,,gpon_1/3/15,up,2.4,nan,PKT02X000P2,Recovered / Fixed,SFP inserted or port restored this week
PKT02010G00,ZTE,C300,,gpon_1/3/16,up,2.4,nan,PKT02X000P7,Recovered / Fixed,SFP inserted or port restored this week
PKT02010G00,ZTE,C300,,gpon_1/3/2,up,2.4,nan,PKT02X000NZ,Recovered / Fixed,SFP inserted or port restored this week
PKT02010G00,ZTE,C300,,gpon_1/3/3,up,2.4,nan,PKT02X000O2,Recovered / Fixed,SFP inserted or port restored this week
PKT02010G00,ZTE,C300,,gpon_1/3/4,up,2.4,nan,PKT02X000O5,Recovered / Fixed,SFP inserted or port restored this week
PKT02010G00,ZTE,C300,,gpon_1/3/5,up,2.4,nan,PKT02X000O8,Recovered / Fixed,SFP inserted or port restored this week
PKT02010G00,ZTE,C300,,gpon_1/3/6,up,2.4,nan,PKT02X000OB,Recovered / Fixed,SFP inserted or port restored this week
PKT02010G00,ZTE,C300,,gpon_1/3/7,up,2.4,nan,PKT02X000OE,Recovered / Fixed,SFP inserted or port restored this week
PKT02010G00,ZTE,C300,,gpon_1/3/8,up,2.4,nan,PKT02X000OH,Recovered / Fixed,SFP inserted or port restored this week
PKT02010G00,ZTE,C300,,gpon_1/3/9,up,2.4,nan,PKT02X000OK,Recovered / Fixed,SFP inserted or port restored this week
PKT02010G00,ZTE,C300,,gpon_1/4/1,up,2.4,nan,PKT02X000PA,Recovered / Fixed,SFP inserted or port restored this week
PKT02010G00,ZTE,C300,,gpon_1/4/10,down,2.4,nan,PKT02X0020P,Recovered / Fixed,SFP inserted or port restored this week
PKT02010G00,ZTE,C300,,gpon_1/4/11,up,2.4,nan,PKT02X0020T,Recovered / Fixed,SFP inserted or port restored this week
PKT02010G00,ZTE,C300,,gpon_1/4/12,up,2.4,nan,PKT02X0020Y,Recovered / Fixed,SFP inserted or port restored this week
PKT02010G00,ZTE,C300,,gpon_1/4/13,up,2.4,nan,PKT02X00213,Recovered / Fixed,SFP inserted or port restored this week
PKT02010G00,ZTE,C300,,gpon_1/4/14,up,2.4,nan,PKT02X00218,Recovered / Fixed,SFP inserted or port restored this week
PKT02010G00,ZTE,C300,,gpon_1/4/15,up,2.4,nan,PKT02X0021D,Recovered / Fixed,SFP inserted or port restored this week
PKT02010G00,ZTE,C300,,gpon_1/4/16,up,2.4,nan,PKT01X3RNNA,Recovered / Fixed,SFP inserted or port restored this week
PKT02010G00,ZTE,C300,,gpon_1/4/2,down,2.4,nan,PKT02X000PD,Recovered / Fixed,SFP inserted or port restored this week
PKT02010G00,ZTE,C300,,gpon_1/4/3,up,2.4,nan,PKT02X000PG,Recovered / Fixed,SFP inserted or port restored this week
PKT02010G00,ZTE,C300,,gpon_1/4/4,up,2.4,nan,PKT02X000PJ,Recovered / Fixed,SFP inserted or port restored this week
PKT02010G00,ZTE,C300,,gpon_1/4/5,up,2.4,nan,PKT02X00200,Recovered / Fixed,SFP inserted or port restored this week
PKT02010G00,ZTE,C300,,gpon_1/4/6,up,2.4,nan,PKT02X00205,Recovered / Fixed,SFP inserted or port restored this week
PKT02010G00,ZTE,C300,,gpon_1/4/7,up,2.4,nan,PKT02X0020A,Recovered / Fixed,SFP inserted or port restored this week
PKT02010G00,ZTE,C300,,gpon_1/4/8,up,2.4,nan,PKT02X0020F,Recovered / Fixed,SFP inserted or port restored this week
PKT02010G00,ZTE,C300,,gpon_1/4/9,up,2.4,nan,PKT02X0020K,Recovered / Fixed,SFP inserted or port restored this week
PKT03001G00,ZTE,C300,,gpon_1/2/1,up,2.4,nan,PKT01X00001,Recovered / Fixed,SFP inserted or port restored this week
PKT03001G00,ZTE,C300,,gpon_1/2/10,up,2.4,nan,PKT03X0000N,Recovered / Fixed,SFP inserted or port restored this week
PKT03001G00,ZTE,C300,,gpon_1/2/11,up,2.4,nan,PKT03X0000R,Recovered / Fixed,SFP inserted or port restored this week
PKT03001G00,ZTE,C300,,gpon_1/2/12,up,2.4,nan,PKT03X0000V,Recovered / Fixed,SFP inserted or port restored this week
PKT03001G00,ZTE,C300,,gpon_1/2/13,up,2.4,nan,PKT03X0006L,Recovered / Fixed,SFP inserted or port restored this week
PKT03001G00,ZTE,C300,,gpon_1/2/14,up,2.4,nan,PKT03X0006Q,Recovered / Fixed,SFP inserted or port restored this week
PKT03001G00,ZTE,C300,,gpon_1/2/15,up,2.4,nan,PKT03X0006V,Recovered / Fixed,SFP inserted or port restored this week
PKT03001G00,ZTE,C300,,gpon_1/2/16,up,2.4,nan,PKT03X00075,Recovered / Fixed,SFP inserted or port restored this week
PKT03001G00,ZTE,C300,,gpon_1/2/2,up,2.4,nan,PKT01X00005,Recovered / Fixed,SFP inserted or port restored this week
PKT03001G00,ZTE,C300,,gpon_1/2/3,up,2.4,nan,PKT01X00008,Recovered / Fixed,SFP inserted or port restored this week
PKT03001G00,ZTE,C300,,gpon_1/2/4,up,2.4,nan,PKT01X0000D,Recovered / Fixed,SFP inserted or port restored this week
PKT03001G00,ZTE,C300,,gpon_1/2/6,up,2.4,nan,PKT03X00006,Recovered / Fixed,SFP inserted or port restored this week
PKT03001G00,ZTE,C300,,gpon_1/2/8,up,2.4,nan,PKT03X0000F,Recovered / Fixed,SFP inserted or port restored this week
PKT03001G00,ZTE,C300,,gpon_1/2/9,up,2.4,nan,PKT03X0000J,Recovered / Fixed,SFP inserted or port restored this week
PKT03001G00,ZTE,C300,,gpon_1/3/1,up,2.4,nan,PKT03X00070,Recovered / Fixed,SFP inserted or port restored this week
PKT03001G00,ZTE,C300,,gpon_1/3/10,up,2.4,nan,PKT03X0008E,Recovered / Fixed,SFP inserted or port restored this week
PKT03001G00,ZTE,C300,,gpon_1/3/11,up,2.4,nan,PKT03X0008J,Recovered / Fixed,SFP inserted or port restored this week
PKT03001G00,ZTE,C300,,gpon_1/3/13,up,2.4,nan,PKT03X3NZL6,Recovered / Fixed,SFP inserted or port restored this week
PKT03001G00,ZTE,C300,,gpon_1/3/14,up,2.4,nan,PKT03X0008V,Recovered / Fixed,SFP inserted or port restored this week
PKT03001G00,ZTE,C300,,gpon_1/3/15,up,2.4,nan,PKT03X00090,Recovered / Fixed,SFP inserted or port restored this week
PKT03001G00,ZTE,C300,,gpon_1/3/16,up,2.4,nan,PKT03X00095,Recovered / Fixed,SFP inserted or port restored this week
PKT03001G00,ZTE,C300,,gpon_1/3/2,up,2.4,nan,PKT03X0007A,Recovered / Fixed,SFP inserted or port restored this week
PKT03001G00,ZTE,C300,,gpon_1/3/4,up,2.4,nan,PKT03X2XJOB,Recovered / Fixed,SFP inserted or port restored this week
PKT03001G00,ZTE,C300,,gpon_1/3/5,up,2.4,nan,PKT03X2RHED,Recovered / Fixed,SFP inserted or port restored this week
PKT03001G00,ZTE,C300,,gpon_1/3/6,up,2.4,nan,PKT03X0007U,Recovered / Fixed,SFP inserted or port restored this week
PKT03001G00,ZTE,C300,,gpon_1/3/7,up,2.4,nan,PKT03X0007Z,Recovered / Fixed,SFP inserted or port restored this week
PKT03001G00,ZTE,C300,,gpon_1/3/8,up,2.4,nan,PKT03X00084,Recovered / Fixed,SFP inserted or port restored this week
PKT03001G00,ZTE,C300,,gpon_1/3/9,up,2.4,nan,PKT03X00089,Recovered / Fixed,SFP inserted or port restored this week
PKT03001G00,ZTE,C300,,gpon_1/4/1,up,2.4,nan,PKT03X00099,Recovered / Fixed,SFP inserted or port restored this week
PKT03001G00,ZTE,C300,,gpon_1/4/10,up,2.4,nan,PKT01X000C6,Recovered / Fixed,SFP inserted or port restored this week
PKT03001G00,ZTE,C300,,gpon_1/4/11,up,2.4,nan,PKT01X000C9,Recovered / Fixed,SFP inserted or port restored this week
PKT03001G00,ZTE,C300,,gpon_1/4/12,up,2.4,nan,PKT01X000CC,Recovered / Fixed,SFP inserted or port restored this week
PKT03001G00,ZTE,C300,,gpon_1/4/13,up,2.4,nan,PKT01X000CF,Recovered / Fixed,SFP inserted or port restored this week
PKT03001G00,ZTE,C300,,gpon_1/4/14,up,2.4,nan,PKT01X000CI,Recovered / Fixed,SFP inserted or port restored this week
PKT03001G00,ZTE,C300,,gpon_1/4/15,up,2.4,nan,PKT01X000CL,Recovered / Fixed,SFP inserted or port restored this week
PKT03001G00,ZTE,C300,,gpon_1/4/16,up,2.4,nan,PKT01X000CQ,Recovered / Fixed,SFP inserted or port restored this week
PKT03001G00,ZTE,C300,,gpon_1/4/2,up,2.4,nan,PKT03X0009E,Recovered / Fixed,SFP inserted or port restored this week
PKT03001G00,ZTE,C300,,gpon_1/4/3,up,2.4,nan,PKT03X0009H,Recovered / Fixed,SFP inserted or port restored this week
PKT03001G00,ZTE,C300,,gpon_1/4/4,up,2.4,nan,PKT03X0009M,Recovered / Fixed,SFP inserted or port restored this week
PKT03001G00,ZTE,C300,,gpon_1/4/5,up,2.4,nan,PKT03X0009R,Recovered / Fixed,SFP inserted or port restored this week
PKT03001G00,ZTE,C300,,gpon_1/4/6,up,2.4,nan,PKT03X0009W,Recovered / Fixed,SFP inserted or port restored this week
PKT03001G00,ZTE,C300,,gpon_1/4/7,up,2.4,nan,PKT03X000A1,Recovered / Fixed,SFP inserted or port restored this week
PKT03001G00,ZTE,C300,,gpon_1/4/8,up,2.4,nan,PKT03X000A6,Recovered / Fixed,SFP inserted or port restored this week
PKT03001G00,ZTE,C300,,gpon_1/5/1,up,2.4,nan,PKT01X000CV,Recovered / Fixed,SFP inserted or port restored this week
PKT03001G00,ZTE,C300,,gpon_1/5/10,up,2.4,nan,PKT03X000FC,Recovered / Fixed,SFP inserted or port restored this week
PKT03001G00,ZTE,C300,,gpon_1/5/11,up,2.4,nan,PKT03X000FH,Recovered / Fixed,SFP inserted or port restored this week
PKT03001G00,ZTE,C300,,gpon_1/5/12,up,2.4,nan,PKT03X000FM,Recovered / Fixed,SFP inserted or port restored this week
PKT03001G00,ZTE,C300,,gpon_1/5/13,up,2.4,nan,PKT03X000FR,Recovered / Fixed,SFP inserted or port restored this week
PKT03001G00,ZTE,C300,,gpon_1/5/14,up,2.4,nan,PKT01X3JABQ,Recovered / Fixed,SFP inserted or port restored this week
PKT03001G00,ZTE,C300,,gpon_1/5/15,up,2.4,nan,PKT03X000JR,Recovered / Fixed,SFP inserted or port restored this week
PKT03001G00,ZTE,C300,,gpon_1/5/16,up,2.4,nan,PKT01X000YP,Recovered / Fixed,SFP inserted or port restored this week
PKT03001G00,ZTE,C300,,gpon_1/5/2,up,2.4,nan,PKT01X000CY,Recovered / Fixed,SFP inserted or port restored this week
PKT03001G00,ZTE,C300,,gpon_1/5/3,up,2.4,nan,PKT01X000D1,Recovered / Fixed,SFP inserted or port restored this week
PKT03001G00,ZTE,C300,,gpon_1/5/4,up,2.4,nan,PKT01X000D4,Recovered / Fixed,SFP inserted or port restored this week
PKT03001G00,ZTE,C300,,gpon_1/5/5,up,2.4,nan,PKT01X000D7,Recovered / Fixed,SFP inserted or port restored this week
PKT03001G00,ZTE,C300,,gpon_1/5/6,up,2.4,nan,PKT01X000D9,Recovered / Fixed,SFP inserted or port restored this week
PKT03001G00,ZTE,C300,,gpon_1/5/7,up,2.4,nan,PKT01X000DC,Recovered / Fixed,SFP inserted or port restored this week
PKT03001G00,ZTE,C300,,gpon_1/5/8,up,2.4,nan,PKT03X000EN,Recovered / Fixed,SFP inserted or port restored this week
PKT03001G00,ZTE,C300,,gpon_1/5/9,up,2.4,nan,PKT03X000ER,Recovered / Fixed,SFP inserted or port restored this week
PKT03001G00,ZTE,C300,,gpon_1/6/3,up,2.4,nan,PKT01X001M4,Recovered / Fixed,SFP inserted or port restored this week
PKT03001G00,ZTE,C300,,gpon_1/6/9,up,2.4,nan,PKT03X000ZJ,Recovered / Fixed,SFP inserted or port restored this week
PKT03001G00,ZTE,C300,,gpon_1/7/1,up,2.4,nan,PKT03X0013Q,Recovered / Fixed,SFP inserted or port restored this week
PKT03001G00,ZTE,C300,,gpon_1/7/10,up,2.4,nan,PKT03X00205,Recovered / Fixed,SFP inserted or port restored this week
PKT03001G00,ZTE,C300,,gpon_1/7/15,up,2.4,nan,PKT03X0020P,Recovered / Fixed,SFP inserted or port restored this week
PKT03001G00,ZTE,C300,,gpon_1/7/4,up,2.4,nan,PKT03X00145,Recovered / Fixed,SFP inserted or port restored this week
PKT03001G00,ZTE,C300,,gpon_1/7/6,up,2.4,nan,PKT03X0014E,Recovered / Fixed,SFP inserted or port restored this week
PKT03002G00,ZTE,C300,,gpon_1/2/1,up,2.4,nan,PKT03X0000Z,Recovered / Fixed,SFP inserted or port restored this week
PKT03002G00,ZTE,C300,,gpon_1/2/10,up,2.4,nan,PKT03X0001Z,Recovered / Fixed,SFP inserted or port restored this week
PKT03002G00,ZTE,C300,,gpon_1/2/11,up,2.4,nan,PKT03X00021,Recovered / Fixed,SFP inserted or port restored this week
PKT03002G00,ZTE,C300,,gpon_1/2/12,up,2.4,nan,PKT03X00024,Recovered / Fixed,SFP inserted or port restored this week
PKT03002G00,ZTE,C300,,gpon_1/2/13,up,2.4,nan,PKT03X00029,Recovered / Fixed,SFP inserted or port restored this week
PKT03002G00,ZTE,C300,,gpon_1/2/14,up,2.4,nan,PKT03X0002C,Recovered / Fixed,SFP inserted or port restored this week
PKT03002G00,ZTE,C300,,gpon_1/2/15,up,2.4,nan,PKT03X0002F,Recovered / Fixed,SFP inserted or port restored this week
PKT03002G00,ZTE,C300,,gpon_1/2/16,up,2.4,nan,PKT03X0002K,Recovered / Fixed,SFP inserted or port restored this week
PKT03002G00,ZTE,C300,,gpon_1/2/2,up,2.4,nan,PKT03X00013,Recovered / Fixed,SFP inserted or port restored this week
PKT03002G00,ZTE,C300,,gpon_1/2/3,up,2.4,nan,PKT03X00018,Recovered / Fixed,SFP inserted or port restored this week
PKT03002G00,ZTE,C300,,gpon_1/2/4,up,2.4,nan,PKT03X0001C,Recovered / Fixed,SFP inserted or port restored this week
PKT03002G00,ZTE,C300,,gpon_1/2/5,up,2.4,nan,PKT03X0001G,Recovered / Fixed,SFP inserted or port restored this week
PKT03002G00,ZTE,C300,,gpon_1/2/6,up,2.4,nan,PKT03X0001I,Recovered / Fixed,SFP inserted or port restored this week
PKT03002G00,ZTE,C300,,gpon_1/2/7,up,2.4,nan,PKT03X0001M,Recovered / Fixed,SFP inserted or port restored this week
PKT03002G00,ZTE,C300,,gpon_1/2/9,up,2.4,nan,PKT03X0001V,Recovered / Fixed,SFP inserted or port restored this week
PKT03002G00,ZTE,C300,,gpon_1/3/1,up,2.4,nan,PKT03X0002M,Recovered / Fixed,SFP inserted or port restored this week
PKT03002G00,ZTE,C300,,gpon_1/3/10,up,2.4,nan,PKT03X0003J,Recovered / Fixed,SFP inserted or port restored this week
PKT03002G00,ZTE,C300,,gpon_1/3/11,up,2.4,nan,PKT03X0003N,Recovered / Fixed,SFP inserted or port restored this week
PKT03002G00,ZTE,C300,,gpon_1/3/12,up,2.4,nan,PKT03X0003Q,Recovered / Fixed,SFP inserted or port restored this week
PKT03002G00,ZTE,C300,,gpon_1/3/13,up,2.4,nan,PKT03X0003T,Recovered / Fixed,SFP inserted or port restored this week
PKT03002G00,ZTE,C300,,gpon_1/3/14,up,2.4,nan,PKT03X0003Y,Recovered / Fixed,SFP inserted or port restored this week
PKT03002G00,ZTE,C300,,gpon_1/3/15,up,2.4,nan,PKT03X00041,Recovered / Fixed,SFP inserted or port restored this week
PKT03002G00,ZTE,C300,,gpon_1/3/16,up,2.4,nan,PKT03X00046,Recovered / Fixed,SFP inserted or port restored this week
PKT03002G00,ZTE,C300,,gpon_1/3/2,up,2.4,nan,PKT03X0002R,Recovered / Fixed,SFP inserted or port restored this week
PKT03002G00,ZTE,C300,,gpon_1/3/3,up,2.4,nan,PKT03X0002W,Recovered / Fixed,SFP inserted or port restored this week
PKT03002G00,ZTE,C300,,gpon_1/3/4,up,2.4,nan,PKT03X0002Z,Recovered / Fixed,SFP inserted or port restored this week
PKT03002G00,ZTE,C300,,gpon_1/3/5,up,2.4,nan,PKT03X00031,Recovered / Fixed,SFP inserted or port restored this week
PKT03002G00,ZTE,C300,,gpon_1/3/6,up,2.4,nan,PKT03X00033,Recovered / Fixed,SFP inserted or port restored this week
PKT03002G00,ZTE,C300,,gpon_1/3/7,up,2.4,nan,PKT03X00037,Recovered / Fixed,SFP inserted or port restored this week
PKT03002G00,ZTE,C300,,gpon_1/3/8,up,2.4,nan,PKT03X0003C,Recovered / Fixed,SFP inserted or port restored this week
PKT03002G00,ZTE,C300,,gpon_1/4/1,up,2.4,nan,PKT03X00049,Recovered / Fixed,SFP inserted or port restored this week
PKT03002G00,ZTE,C300,,gpon_1/4/10,up,2.4,nan,PKT03X00052,Recovered / Fixed,SFP inserted or port restored this week
PKT03002G00,ZTE,C300,,gpon_1/4/11,up,2.4,nan,PKT03X00054,Recovered / Fixed,SFP inserted or port restored this week
PKT03002G00,ZTE,C300,,gpon_1/4/12,up,2.4,nan,PKT03X00057,Recovered / Fixed,SFP inserted or port restored this week
PKT03002G00,ZTE,C300,,gpon_1/4/13,up,2.4,nan,PKT03X0005B,Recovered / Fixed,SFP inserted or port restored this week
PKT03002G00,ZTE,C300,,gpon_1/4/14,up,2.4,nan,PKT03X0005F,Recovered / Fixed,SFP inserted or port restored this week
PKT03002G00,ZTE,C300,,gpon_1/4/15,up,2.4,nan,PKT03X0005I,Recovered / Fixed,SFP inserted or port restored this week
PKT03002G00,ZTE,C300,,gpon_1/4/16,up,2.4,nan,PKT03X0005L,Recovered / Fixed,SFP inserted or port restored this week
PKT03002G00,ZTE,C300,,gpon_1/4/2,up,2.4,nan,PKT03X0004D,Recovered / Fixed,SFP inserted or port restored this week
PKT03002G00,ZTE,C300,,gpon_1/4/3,up,2.4,nan,PKT03X0004G,Recovered / Fixed,SFP inserted or port restored this week
PKT03002G00,ZTE,C300,,gpon_1/4/4,up,2.4,nan,PKT03X0004K,Recovered / Fixed,SFP inserted or port restored this week
PKT03002G00,ZTE,C300,,gpon_1/4/5,up,2.4,nan,PKT03X0004N,Recovered / Fixed,SFP inserted or port restored this week
PKT03002G00,ZTE,C300,,gpon_1/4/6,up,2.4,nan,PKT03X0004P,Recovered / Fixed,SFP inserted or port restored this week
PKT03002G00,ZTE,C300,,gpon_1/4/7,up,2.4,nan,PKT03X0004T,Recovered / Fixed,SFP inserted or port restored this week
PKT03002G00,ZTE,C300,,gpon_1/4/8,up,2.4,nan,PKT03X0004W,Recovered / Fixed,SFP inserted or port restored this week
PKT03002G00,ZTE,C300,,gpon_1/4/9,up,2.4,nan,PKT03X0004Z,Recovered / Fixed,SFP inserted or port restored this week
PKT03002G00,ZTE,C300,,gpon_1/5/1,up,2.4,nan,PKT03X0005Q,Recovered / Fixed,SFP inserted or port restored this week
PKT03002G00,ZTE,C300,,gpon_1/5/10,up,2.4,nan,PKT03X000EU,Recovered / Fixed,SFP inserted or port restored this week
PKT03002G00,ZTE,C300,,gpon_1/5/11,up,2.4,nan,PKT03X000EX,Recovered / Fixed,SFP inserted or port restored this week
PKT03002G00,ZTE,C300,,gpon_1/5/12,up,2.4,nan,PKT03X000F2,Recovered / Fixed,SFP inserted or port restored this week
PKT03002G00,ZTE,C300,,gpon_1/5/13,up,2.4,nan,PKT03X000F7,Recovered / Fixed,SFP inserted or port restored this week
PKT03002G00,ZTE,C300,,gpon_1/5/14,up,2.4,nan,PKT03X000FX,Recovered / Fixed,SFP inserted or port restored this week
PKT03002G00,ZTE,C300,,gpon_1/5/15,up,2.4,nan,PKT03X000I2,Recovered / Fixed,SFP inserted or port restored this week
PKT03002G00,ZTE,C300,,gpon_1/5/16,up,2.4,nan,PKT03X000I7,Recovered / Fixed,SFP inserted or port restored this week
PKT03002G00,ZTE,C300,,gpon_1/5/2,up,2.4,nan,PKT03X0005T,Recovered / Fixed,SFP inserted or port restored this week
PKT03002G00,ZTE,C300,,gpon_1/5/3,up,2.4,nan,PKT03X0005Y,Recovered / Fixed,SFP inserted or port restored this week
PKT03002G00,ZTE,C300,,gpon_1/5/4,up,2.4,nan,PKT03X00061,Recovered / Fixed,SFP inserted or port restored this week
PKT03002G00,ZTE,C300,,gpon_1/5/5,up,2.4,nan,PKT03X00065,Recovered / Fixed,SFP inserted or port restored this week
PKT03002G00,ZTE,C300,,gpon_1/5/6,up,2.4,nan,PKT03X00068,Recovered / Fixed,SFP inserted or port restored this week
PKT03002G00,ZTE,C300,,gpon_1/5/7,up,2.4,nan,PKT03X0006C,Recovered / Fixed,SFP inserted or port restored this week
PKT03002G00,ZTE,C300,,gpon_1/5/9,up,2.4,nan,PKT03X0006H,Recovered / Fixed,SFP inserted or port restored this week
PKT03002G00,ZTE,C300,,gpon_1/7/4,up,2.4,nan,PKT03X31CBL,Recovered / Fixed,SFP inserted or port restored this week
PKT03002G00,ZTE,C300,,gpon_1/7/7,up,2.4,nan,PKT03X3L54J,Recovered / Fixed,SFP inserted or port restored this week
PKT03020GO0,ZTE,C320,,gpon_1/2/1,up,2.4,nan,PKT03X328AZ,Recovered / Fixed,SFP inserted or port restored this week
PKT03020GO0,ZTE,C320,,gpon_1/2/2,up,2.4,nan,PKT03X3KUY2,Recovered / Fixed,SFP inserted or port restored this week
PKT03022GO0,ZTE,C320,,gpon_1/2/1,up,2.4,nan,PKT03X2WNVS,Recovered / Fixed,SFP inserted or port restored this week
PKT03022GO0,ZTE,C320,,gpon_1/2/2,up,2.4,nan,PKT03X2WNWN,Recovered / Fixed,SFP inserted or port restored this week
PKT03022GO0,ZTE,C320,,gpon_1/2/3,up,2.4,nan,PKT03X316FN,Recovered / Fixed,SFP inserted or port restored this week
PKT03022GO0,ZTE,C320,,gpon_1/2/4,up,2.4,nan,PKT03X379FF,Recovered / Fixed,SFP inserted or port restored this week
PKT03022GO0,ZTE,C320,,gpon_1/2/5,up,2.4,nan,PKT03X3RK70,Recovered / Fixed,SFP inserted or port restored this week
PKT03025GO0,ZTE,C320,,gpon_1/1/8,up,2.4,nan,PKT03X3C8S9,Recovered / Fixed,SFP inserted or port restored this week
PKT03028GO0,ZTE,C320,,gpon_1/1/1,up,2.4,nan,PKT03X000QH,Recovered / Fixed,SFP inserted or port restored this week
PKT03028GO0,ZTE,C320,,gpon_1/1/10,up,2.4,nan,PKT03X3QWS6,Recovered / Fixed,SFP inserted or port restored this week
PKT03028GO0,ZTE,C320,,gpon_1/1/2,up,2.4,nan,PKT03X000QQ,Recovered / Fixed,SFP inserted or port restored this week
PKT03028GO0,ZTE,C320,,gpon_1/1/3,up,2.4,nan,PKT03X000QZ,Recovered / Fixed,SFP inserted or port restored this week
PKT03028GO0,ZTE,C320,,gpon_1/1/4,up,2.4,nan,PKT03X000R7,Recovered / Fixed,SFP inserted or port restored this week
PKT03028GO0,ZTE,C320,,gpon_1/1/5,up,2.4,nan,PKT03X000RF,Recovered / Fixed,SFP inserted or port restored this week
PKT03028GO0,ZTE,C320,,gpon_1/1/6,up,2.4,nan,PKT03X3LA0M,Recovered / Fixed,SFP inserted or port restored this week
PKT03028GO0,ZTE,C320,,gpon_1/1/8,up,2.4,nan,PKT03X3QEAU,Recovered / Fixed,SFP inserted or port restored this week
PKT03028GO0,ZTE,C320,,gpon_1/1/9,up,2.4,nan,PKT03X3QNKC,Recovered / Fixed,SFP inserted or port restored this week
PKT03028GO0,ZTE,C320,,gpon_1/2/1,up,2.4,nan,PKT03X3LD4E,Recovered / Fixed,SFP inserted or port restored this week
PKT03028GO0,ZTE,C320,,gpon_1/2/10,up,2.4,nan,PKT03X3LD5S,Recovered / Fixed,SFP inserted or port restored this week
PKT03028GO0,ZTE,C320,,gpon_1/2/11,up,2.4,nan,PKT03X3LD5U,Recovered / Fixed,SFP inserted or port restored this week
PKT03028GO0,ZTE,C320,,gpon_1/2/12,up,2.4,nan,PKT03X3MN0O,Recovered / Fixed,SFP inserted or port restored this week
PKT03028GO0,ZTE,C320,,gpon_1/2/13,up,2.4,nan,PKT03X3MN0X,Recovered / Fixed,SFP inserted or port restored this week
PKT03028GO0,ZTE,C320,,gpon_1/2/14,up,2.4,nan,PKT03X3MN16,Recovered / Fixed,SFP inserted or port restored this week
PKT03028GO0,ZTE,C320,,gpon_1/2/2,up,2.4,nan,PKT03X3LD4G,Recovered / Fixed,SFP inserted or port restored this week
PKT03028GO0,ZTE,C320,,gpon_1/2/3,up,2.4,nan,PKT03X3LD4I,Recovered / Fixed,SFP inserted or port restored this week
PKT03028GO0,ZTE,C320,,gpon_1/2/4,up,2.4,nan,PKT03X3LD4K,Recovered / Fixed,SFP inserted or port restored this week
PKT03028GO0,ZTE,C320,,gpon_1/2/5,up,2.4,nan,PKT03X3LD4O,Recovered / Fixed,SFP inserted or port restored this week
PKT03028GO0,ZTE,C320,,gpon_1/2/6,up,2.4,nan,PKT03X3LD52,Recovered / Fixed,SFP inserted or port restored this week
PKT03028GO0,ZTE,C320,,gpon_1/2/7,up,2.4,nan,PKT03X3LD54,Recovered / Fixed,SFP inserted or port restored this week
PKT03028GO0,ZTE,C320,,gpon_1/2/8,up,2.4,nan,PKT03X3LD5K,Recovered / Fixed,SFP inserted or port restored this week
PKT03028GO0,ZTE,C320,,gpon_1/2/9,up,2.4,nan,PKT03X3LD5N,Recovered / Fixed,SFP inserted or port restored this week
PKT03029GO0,ZTE,C320,,gpon_1/2/1,up,2.4,nan,PKT03X2WNUO,Recovered / Fixed,SFP inserted or port restored this week
PKT03029GO0,ZTE,C320,,gpon_1/2/2,up,2.4,nan,PKT03X3L98H,Recovered / Fixed,SFP inserted or port restored this week
PKT03029GO0,ZTE,C320,,gpon_1/2/3,up,2.4,nan,PKT03X3O090,Recovered / Fixed,SFP inserted or port restored this week
PKT03029GO0,ZTE,C320,,gpon_1/2/4,up,2.4,nan,PKT03X3RK5O,Recovered / Fixed,SFP inserted or port restored this week
PKT03029GO0,ZTE,C320,,gpon_1/2/5,up,2.4,nan,PKT03X3RK5W,Recovered / Fixed,SFP inserted or port restored this week
PKT03029GO0,ZTE,C320,,gpon_1/2/6,up,2.4,nan,PKT03X3RK5U,Recovered / Fixed,SFP inserted or port restored this week
PKT03029GO0,ZTE,C320,,gpon_1/2/7,up,2.4,nan,PKT03X3RK6Q,Recovered / Fixed,SFP inserted or port restored this week
PNA04001G00,ZTE,C300,,gpon_1/2/1,down,2.4,nan,PNA04X00001,Recovered / Fixed,SFP inserted or port restored this week
PNA04001G00,ZTE,C300,,gpon_1/2/10,up,2.4,nan,PNA04X00014,Recovered / Fixed,SFP inserted or port restored this week
PNA04001G00,ZTE,C300,,gpon_1/2/11,down,2.4,nan,PNA04X00018,Recovered / Fixed,SFP inserted or port restored this week
PNA04001G00,ZTE,C300,,gpon_1/2/12,up,2.4,nan,PNA04X0001D,Recovered / Fixed,SFP inserted or port restored this week
PNA04001G00,ZTE,C300,,gpon_1/2/13,down,2.4,nan,PNA04X0001I,Recovered / Fixed,SFP inserted or port restored this week
PNA04001G00,ZTE,C300,,gpon_1/2/14,up,2.4,nan,PNA04X0001N,Recovered / Fixed,SFP inserted or port restored this week
PNA04001G00,ZTE,C300,,gpon_1/2/15,up,2.4,nan,PNA04X0001S,Recovered / Fixed,SFP inserted or port restored this week
PNA04001G00,ZTE,C300,,gpon_1/2/16,up,2.4,nan,PNA04X0001X,Recovered / Fixed,SFP inserted or port restored this week
PNA04001G00,ZTE,C300,,gpon_1/2/2,up,2.4,nan,PNA04X00004,Recovered / Fixed,SFP inserted or port restored this week
PNA04001G00,ZTE,C300,,gpon_1/2/3,up,2.4,nan,PNA04X00009,Recovered / Fixed,SFP inserted or port restored this week
PNA04001G00,ZTE,C300,,gpon_1/2/4,up,2.4,nan,PNA04X0000D,Recovered / Fixed,SFP inserted or port restored this week
PNA04001G00,ZTE,C300,,gpon_1/2/5,up,2.4,nan,PNA04X0000H,Recovered / Fixed,SFP inserted or port restored this week
PNA04001G00,ZTE,C300,,gpon_1/2/6,up,2.4,nan,PNA04X0000L,Recovered / Fixed,SFP inserted or port restored this week
PNA04001G00,ZTE,C300,,gpon_1/2/7,up,2.4,nan,PNA04X0000Q,Recovered / Fixed,SFP inserted or port restored this week
PNA04001G00,ZTE,C300,,gpon_1/2/8,up,2.4,nan,PNA04X0000V,Recovered / Fixed,SFP inserted or port restored this week
PNA04001G00,ZTE,C300,,gpon_1/2/9,up,2.4,nan,PNA04X0000Z,Recovered / Fixed,SFP inserted or port restored this week
PNA04001G00,ZTE,C300,,gpon_1/3/1,down,2.4,nan,PNA04X00022,Recovered / Fixed,SFP inserted or port restored this week
PNA04001G00,ZTE,C300,,gpon_1/3/10,up,2.4,nan,PNA04X0003A,Recovered / Fixed,SFP inserted or port restored this week
PNA04001G00,ZTE,C300,,gpon_1/3/11,up,2.4,nan,PNA04X0003F,Recovered / Fixed,SFP inserted or port restored this week
PNA04001G00,ZTE,C300,,gpon_1/3/12,up,2.4,nan,PNA04X0003K,Recovered / Fixed,SFP inserted or port restored this week
PNA04001G00,ZTE,C300,,gpon_1/3/13,up,2.4,nan,PNA04X0003P,Recovered / Fixed,SFP inserted or port restored this week
PNA04001G00,ZTE,C300,,gpon_1/3/14,up,2.4,nan,PNA04X0003U,Recovered / Fixed,SFP inserted or port restored this week
PNA04001G00,ZTE,C300,,gpon_1/3/15,up,2.4,nan,PNA04X0003Z,Recovered / Fixed,SFP inserted or port restored this week
PNA04001G00,ZTE,C300,,gpon_1/3/16,up,2.4,nan,PNA04X00044,Recovered / Fixed,SFP inserted or port restored this week
PNA04001G00,ZTE,C300,,gpon_1/3/2,down,2.4,nan,PNA04X00027,Recovered / Fixed,SFP inserted or port restored this week
PNA04001G00,ZTE,C300,,gpon_1/3/3,down,2.4,nan,PNA04X0002C,Recovered / Fixed,SFP inserted or port restored this week
PNA04001G00,ZTE,C300,,gpon_1/3/4,down,2.4,nan,PNA04X0002H,Recovered / Fixed,SFP inserted or port restored this week
PNA04001G00,ZTE,C300,,gpon_1/3/5,down,2.4,nan,PNA04X0002M,Recovered / Fixed,SFP inserted or port restored this week
PNA04001G00,ZTE,C300,,gpon_1/3/6,down,2.4,nan,PNA04X0002R,Recovered / Fixed,SFP inserted or port restored this week
PNA04001G00,ZTE,C300,,gpon_1/3/7,up,2.4,nan,PNA04X0002V,Recovered / Fixed,SFP inserted or port restored this week
PNA04001G00,ZTE,C300,,gpon_1/3/8,down,2.4,nan,PNA04X00030,Recovered / Fixed,SFP inserted or port restored this week
PNA04001G00,ZTE,C300,,gpon_1/3/9,up,2.4,nan,PNA04X00035,Recovered / Fixed,SFP inserted or port restored this week
PNA04001G00,ZTE,C300,,gpon_1/4/1,up,2.4,nan,PNA04X00048,Recovered / Fixed,SFP inserted or port restored this week
PNA04001G00,ZTE,C300,,gpon_1/4/10,down,2.4,nan,PNA04X00900,Recovered / Fixed,SFP inserted or port restored this week
PNA04001G00,ZTE,C300,,gpon_1/4/2,up,2.4,nan,PNA04X0004C,Recovered / Fixed,SFP inserted or port restored this week
PNA04001G00,ZTE,C300,,gpon_1/4/3,up,2.4,nan,PNA04X0004H,Recovered / Fixed,SFP inserted or port restored this week
PNA04001G00,ZTE,C300,,gpon_1/4/4,down,2.4,nan,PNA04X0004Q,Recovered / Fixed,SFP inserted or port restored this week
PNA04001G00,ZTE,C300,,gpon_1/4/6,up,2.4,nan,PNA04X2XGOG,Recovered / Fixed,SFP inserted or port restored this week
PNA04001G00,ZTE,C300,,gpon_1/4/7,up,2.4,nan,PNA04X2ZVL2,Recovered / Fixed,SFP inserted or port restored this week
PNA04001G00,ZTE,C300,,gpon_1/4/8,up,2.4,nan,PNA04X33KQQ,Recovered / Fixed,SFP inserted or port restored this week
PNA04001G00,ZTE,C300,,gpon_1/4/9,up,2.4,nan,PNA04X33L4P,Recovered / Fixed,SFP inserted or port restored this week
PNA05003GO0,ZTE,C320,,gpon_1/1/1,up,2.4,nan,PNA05X00068,Recovered / Fixed,SFP inserted or port restored this week
PNA05003GO0,ZTE,C320,,gpon_1/1/5,up,2.4,nan,PNA05X0006Q,Recovered / Fixed,SFP inserted or port restored this week
PNA05003GO0,ZTE,C320,,gpon_1/1/9,up,2.4,nan,PNA05X0007A,Recovered / Fixed,SFP inserted or port restored this week
PNA05003GO0,ZTE,C320,,gpon_1/2/13,up,2.4,nan,PNA05X0009W,Recovered / Fixed,SFP inserted or port restored this week
PNA05004G00,ZTE,C300,,gpon_1/2/1,up,2.4,nan,PNA05X00005,Recovered / Fixed,SFP inserted or port restored this week
PNA05004G00,ZTE,C300,,gpon_1/2/10,up,2.4,nan,PNA05X0001A,Recovered / Fixed,SFP inserted or port restored this week
PNA05004G00,ZTE,C300,,gpon_1/2/11,up,2.4,nan,PNA05X0001F,Recovered / Fixed,SFP inserted or port restored this week
PNA05004G00,ZTE,C300,,gpon_1/2/12,up,2.4,nan,PNA05X0001K,Recovered / Fixed,SFP inserted or port restored this week
PNA05004G00,ZTE,C300,,gpon_1/2/13,up,2.4,nan,PNA05X0001O,Recovered / Fixed,SFP inserted or port restored this week
PNA05004G00,ZTE,C300,,gpon_1/2/14,up,2.4,nan,PNA05X0001T,Recovered / Fixed,SFP inserted or port restored this week
PNA05004G00,ZTE,C300,,gpon_1/2/15,up,2.4,nan,PNA05X0001Y,Recovered / Fixed,SFP inserted or port restored this week
PNA05004G00,ZTE,C300,,gpon_1/2/16,up,2.4,nan,PNA05X00022,Recovered / Fixed,SFP inserted or port restored this week
PNA05004G00,ZTE,C300,,gpon_1/2/2,up,2.4,nan,PNA05X00008,Recovered / Fixed,SFP inserted or port restored this week
PNA05004G00,ZTE,C300,,gpon_1/2/3,up,2.4,nan,PNA05X0000D,Recovered / Fixed,SFP inserted or port restored this week
PNA05004G00,ZTE,C300,,gpon_1/2/4,up,2.4,nan,PNA05X0000H,Recovered / Fixed,SFP inserted or port restored this week
PNA05004G00,ZTE,C300,,gpon_1/2/5,up,2.4,nan,PNA05X0000M,Recovered / Fixed,SFP inserted or port restored this week
PNA05004G00,ZTE,C300,,gpon_1/2/6,up,2.4,nan,PNA05X0000Q,Recovered / Fixed,SFP inserted or port restored this week
PNA05004G00,ZTE,C300,,gpon_1/2/7,up,2.4,nan,PNA05X0000V,Recovered / Fixed,SFP inserted or port restored this week
PNA05004G00,ZTE,C300,,gpon_1/2/8,up,2.4,nan,PNA05X00010,Recovered / Fixed,SFP inserted or port restored this week
PNA05004G00,ZTE,C300,,gpon_1/2/9,up,2.4,nan,PNA05X00015,Recovered / Fixed,SFP inserted or port restored this week
PNA05004G00,ZTE,C300,,gpon_1/3/1,up,2.4,nan,PNA05X00027,Recovered / Fixed,SFP inserted or port restored this week
PNA05004G00,ZTE,C300,,gpon_1/3/10,up,2.4,nan,PNA05X0003D,Recovered / Fixed,SFP inserted or port restored this week
PNA05004G00,ZTE,C300,,gpon_1/3/11,up,2.4,nan,PNA05X0003I,Recovered / Fixed,SFP inserted or port restored this week
PNA05004G00,ZTE,C300,,gpon_1/3/12,up,2.4,nan,PNA05X0003N,Recovered / Fixed,SFP inserted or port restored this week
PNA05004G00,ZTE,C300,,gpon_1/3/13,up,2.4,nan,PNA05X0003S,Recovered / Fixed,SFP inserted or port restored this week
PNA05004G00,ZTE,C300,,gpon_1/3/14,up,2.4,nan,PNA05X0003V,Recovered / Fixed,SFP inserted or port restored this week
PNA05004G00,ZTE,C300,,gpon_1/3/15,up,2.4,nan,PNA05X0003Z,Recovered / Fixed,SFP inserted or port restored this week
PNA05004G00,ZTE,C300,,gpon_1/3/16,up,2.4,nan,PNA05X00044,Recovered / Fixed,SFP inserted or port restored this week
PNA05004G00,ZTE,C300,,gpon_1/3/2,up,2.4,nan,PNA05X0002C,Recovered / Fixed,SFP inserted or port restored this week
PNA05004G00,ZTE,C300,,gpon_1/3/3,up,2.4,nan,PNA05X0002H,Recovered / Fixed,SFP inserted or port restored this week
PNA05004G00,ZTE,C300,,gpon_1/3/4,up,2.4,nan,PNA05X0002M,Recovered / Fixed,SFP inserted or port restored this week
PNA05004G00,ZTE,C300,,gpon_1/3/5,up,2.4,nan,PNA05X0002R,Recovered / Fixed,SFP inserted or port restored this week
PNA05004G00,ZTE,C300,,gpon_1/3/6,up,2.4,nan,PNA05X0002U,Recovered / Fixed,SFP inserted or port restored this week
PNA05004G00,ZTE,C300,,gpon_1/3/7,up,2.4,nan,PNA05X0002Y,Recovered / Fixed,SFP inserted or port restored this week
PNA05004G00,ZTE,C300,,gpon_1/3/8,up,2.4,nan,PNA05X00033,Recovered / Fixed,SFP inserted or port restored this week
PNA05004G00,ZTE,C300,,gpon_1/3/9,up,2.4,nan,PNA05X00038,Recovered / Fixed,SFP inserted or port restored this week
PNA05004G00,ZTE,C300,,gpon_1/4/1,up,2.4,nan,PNA05X00049,Recovered / Fixed,SFP inserted or port restored this week
PNA05004G00,ZTE,C300,,gpon_1/4/10,up,2.4,nan,PNA05X0005G,Recovered / Fixed,SFP inserted or port restored this week
PNA05004G00,ZTE,C300,,gpon_1/4/11,up,2.4,nan,PNA05X0005L,Recovered / Fixed,SFP inserted or port restored this week
PNA05004G00,ZTE,C300,,gpon_1/4/12,up,2.4,nan,PNA05X0005Q,Recovered / Fixed,SFP inserted or port restored this week
PNA05004G00,ZTE,C300,,gpon_1/4/13,up,2.4,nan,PNA05X0005V,Recovered / Fixed,SFP inserted or port restored this week
PNA05004G00,ZTE,C300,,gpon_1/4/14,up,2.4,nan,PNA05X0005Y,Recovered / Fixed,SFP inserted or port restored this week
PNA05004G00,ZTE,C300,,gpon_1/4/15,up,2.4,nan,PNA05X00063,Recovered / Fixed,SFP inserted or port restored this week
PNA05004G00,ZTE,C300,,gpon_1/4/16,up,2.4,nan,PNA05X00065,Recovered / Fixed,SFP inserted or port restored this week
PNA05004G00,ZTE,C300,,gpon_1/4/2,up,2.4,nan,PNA05X0004C,Recovered / Fixed,SFP inserted or port restored this week
PNA05004G00,ZTE,C300,,gpon_1/4/3,up,2.4,nan,PNA05X0004H,Recovered / Fixed,SFP inserted or port restored this week
PNA05004G00,ZTE,C300,,gpon_1/4/4,up,2.4,nan,PNA05X0004M,Recovered / Fixed,SFP inserted or port restored this week
PNA05004G00,ZTE,C300,,gpon_1/4/5,up,2.4,nan,PNA05X0004R,Recovered / Fixed,SFP inserted or port restored this week
PNA05004G00,ZTE,C300,,gpon_1/4/6,up,2.4,nan,PNA05X0004W,Recovered / Fixed,SFP inserted or port restored this week
PNA05004G00,ZTE,C300,,gpon_1/4/7,up,2.4,nan,PNA05X00051,Recovered / Fixed,SFP inserted or port restored this week
PNA05004G00,ZTE,C300,,gpon_1/4/8,up,2.4,nan,PNA05X00056,Recovered / Fixed,SFP inserted or port restored this week
PNA05004G00,ZTE,C300,,gpon_1/4/9,up,2.4,nan,PNA05X0005B,Recovered / Fixed,SFP inserted or port restored this week
PNA05004G00,ZTE,C300,,gpon_1/5/1,up,2.4,nan,PNA05X00067,Recovered / Fixed,SFP inserted or port restored this week
PNA05004G00,ZTE,C300,,gpon_1/5/10,up,2.4,nan,PNA05X000BJ,Recovered / Fixed,SFP inserted or port restored this week
PNA05004G00,ZTE,C300,,gpon_1/5/11,up,2.4,nan,PNA05X2GBFU,Recovered / Fixed,SFP inserted or port restored this week
PNA05004G00,ZTE,C300,,gpon_1/5/12,up,2.4,nan,PNA05X2TFLG,Recovered / Fixed,SFP inserted or port restored this week
PNA05004G00,ZTE,C300,,gpon_1/5/13,up,2.4,nan,PNA05X2TAIM,Recovered / Fixed,SFP inserted or port restored this week
PNA05004G00,ZTE,C300,,gpon_1/5/14,up,2.4,nan,PNA05X2VC0Y,Recovered / Fixed,SFP inserted or port restored this week
PNA05004G00,ZTE,C300,,gpon_1/5/15,down,2.4,nan,PNA05X2VC37,Recovered / Fixed,SFP inserted or port restored this week
PNA05004G00,ZTE,C300,,gpon_1/5/16,up,2.4,nan,PNA05X2W3TR,Recovered / Fixed,SFP inserted or port restored this week
PNA05004G00,ZTE,C300,,gpon_1/5/2,up,2.4,nan,PNA05X000AB,Recovered / Fixed,SFP inserted or port restored this week
PNA05004G00,ZTE,C300,,gpon_1/5/3,up,2.4,nan,PNA05X000AG,Recovered / Fixed,SFP inserted or port restored this week
PNA05004G00,ZTE,C300,,gpon_1/5/4,up,2.4,nan,PNA05X000AL,Recovered / Fixed,SFP inserted or port restored this week
PNA05004G00,ZTE,C300,,gpon_1/5/5,up,2.4,nan,PNA05X000AP,Recovered / Fixed,SFP inserted or port restored this week
PNA05004G00,ZTE,C300,,gpon_1/5/6,up,2.4,nan,PNA05X000AZ,Recovered / Fixed,SFP inserted or port restored this week
PNA05004G00,ZTE,C300,,gpon_1/5/7,up,2.4,nan,PNA05X000B4,Recovered / Fixed,SFP inserted or port restored this week
PNA05004G00,ZTE,C300,,gpon_1/5/8,up,2.4,nan,PNA05X000B9,Recovered / Fixed,SFP inserted or port restored this week
PNA05004G00,ZTE,C300,,gpon_1/5/9,up,2.4,nan,PNA05X000BE,Recovered / Fixed,SFP inserted or port restored this week
PNA06006GO0,ZTE,C320,,gpon_1/1/6,up,2.4,nan,PNA06X3L3FH,Recovered / Fixed,SFP inserted or port restored this week
PNA07001GO0,ZTE,C320,,gpon_1/1/10,down,2.4,nan,PNA07X0000Z,Recovered / Fixed,SFP inserted or port restored this week
PNA07001GO0,ZTE,C320,,gpon_1/1/11,up,2.4,nan,PNA07X00012,Recovered / Fixed,SFP inserted or port restored this week
PNA07001GO0,ZTE,C320,,gpon_1/1/12,up,2.4,nan,PNA07X00015,Recovered / Fixed,SFP inserted or port restored this week
PNA07001GO0,ZTE,C320,,gpon_1/1/16,up,2.4,nan,PNA07X0001K,Recovered / Fixed,SFP inserted or port restored this week
PNA07001GO0,ZTE,C320,,gpon_1/1/2,up,2.4,nan,PNA07X00006,Recovered / Fixed,SFP inserted or port restored this week
PNA07001GO0,ZTE,C320,,gpon_1/1/3,up,2.4,nan,PNA07X00009,Recovered / Fixed,SFP inserted or port restored this week
PNA07001GO0,ZTE,C320,,gpon_1/1/6,up,2.4,nan,PNA07X0000O,Recovered / Fixed,SFP inserted or port restored this week
PNA07001GO0,ZTE,C320,,gpon_1/1/7,up,2.4,nan,PNA07X0000R,Recovered / Fixed,SFP inserted or port restored this week
PNA07001GO0,ZTE,C320,,gpon_1/1/9,up,2.4,nan,PNA07X0000X,Recovered / Fixed,SFP inserted or port restored this week
PNA07001GO0,ZTE,C320,,gpon_1/2/7,up,2.4,nan,PNA07X0002B,Recovered / Fixed,SFP inserted or port restored this week
PNA08004GO0,ZTE,C320,,gpon_1/2/1,up,2.4,nan,PNA08X34SL4,Recovered / Fixed,SFP inserted or port restored this week
PNA08004GO0,ZTE,C320,,gpon_1/2/2,down,2.4,nan,PNA08X3J22Z,Recovered / Fixed,SFP inserted or port restored this week
PNA08005GO0,ZTE,C320,,gpon_1/2/1,up,2.4,nan,PNA08X2VACY,Recovered / Fixed,SFP inserted or port restored this week
PNA08005GO0,ZTE,C320,,gpon_1/2/2,up,2.4,nan,PNA08X314US,Recovered / Fixed,SFP inserted or port restored this week
PNA08005GO0,ZTE,C320,,gpon_1/2/3,up,2.4,nan,PNA08X33QZM,Recovered / Fixed,SFP inserted or port restored this week
PNA08005GO0,ZTE,C320,,gpon_1/2/4,up,2.4,nan,PNA08X370AR,Recovered / Fixed,SFP inserted or port restored this week
PNA08005GO0,ZTE,C320,,gpon_1/2/5,up,2.4,nan,PNA08X3D2B3,Recovered / Fixed,SFP inserted or port restored this week
PNA08005GO0,ZTE,C320,,gpon_1/2/6,up,2.4,nan,PNA08X3D2B2,Recovered / Fixed,SFP inserted or port restored this week
PNA08005GO0,ZTE,C320,,gpon_1/2/7,up,2.4,nan,PNA08X3D2B1,Recovered / Fixed,SFP inserted or port restored this week
PTL01001G00,ZTE,C300,,gpon_1/6/6,up,2.4,nan,PTL01X000IU,Recovered / Fixed,SFP inserted or port restored this week
PTL01005G00,ZTE,C320,,gpon_1/1/1,up,2.4,nan,PTL03X0000N,Recovered / Fixed,SFP inserted or port restored this week
PTL01005G00,ZTE,C320,,gpon_1/1/3,up,2.4,nan,PTL01X000A1,Recovered / Fixed,SFP inserted or port restored this week
PTL01014GO0,Fiberhome,AN5516-04,,PON 1/3,up,2.4,nan,PTL01X31FJ3,Recovered / Fixed,SFP inserted or port restored this week
PTL05002GO0,ZTE,C320,,gpon_1/1/7,up,2.4,nan,PTL05X306O0,Recovered / Fixed,SFP inserted or port restored this week
PTL05002GO0,ZTE,C320,,gpon_1/2/1,up,2.4,nan,PTL05X3H0ZO,Recovered / Fixed,SFP inserted or port restored this week
PTL05002GO0,ZTE,C320,,gpon_1/2/2,up,2.4,nan,PTL05X3H0ZN,Recovered / Fixed,SFP inserted or port restored this week
PTL05002GO0,ZTE,C320,,gpon_1/2/3,up,2.4,nan,PTL05X3R5VN,Recovered / Fixed,SFP inserted or port restored this week
PTL05002GO0,ZTE,C320,,gpon_1/2/4,up,2.4,nan,PTL05X3R5X3,Recovered / Fixed,SFP inserted or port restored this week
PTL08001G00,ZTE,C320,,gpon_1/1/2,up,2.4,nan,PTL08X0000I,Recovered / Fixed,SFP inserted or port restored this week
PTL08001G00,ZTE,C320,,gpon_1/1/3,up,2.4,nan,PTL08X0000L,Recovered / Fixed,SFP inserted or port restored this week
PTL08001G00,ZTE,C320,,gpon_1/1/8,up,2.4,nan,PTL08X2V7T3,Recovered / Fixed,SFP inserted or port restored this week
PTL11003GO0,Fiberhome,AN5516-04,,PON 1/3,up,2.4,nan,PTL11X3H13C,Recovered / Fixed,SFP inserted or port restored this week
PTL11003GO0,Fiberhome,AN5516-04,,PON 1/4,up,2.4,nan,PTL11X3H13D,Recovered / Fixed,SFP inserted or port restored this week
PTN01001G00,ZTE,C300,,gpon_1/12/1,up,2.4,nan,PTN01X3AAYN,Recovered / Fixed,SFP inserted or port restored this week
PTN01001G00,ZTE,C300,,gpon_1/12/10,up,2.4,nan,PTN01X3HDSU,Recovered / Fixed,SFP inserted or port restored this week
PTN01001G00,ZTE,C300,,gpon_1/12/11,up,2.4,nan,PTN01X3HDSV,Recovered / Fixed,SFP inserted or port restored this week
PTN01001G00,ZTE,C300,,gpon_1/12/12,up,2.4,nan,PTN01X3IK0A,Recovered / Fixed,SFP inserted or port restored this week
PTN01001G00,ZTE,C300,,gpon_1/12/2,up,2.4,nan,PTN01X3C0AM,Recovered / Fixed,SFP inserted or port restored this week
PTN01001G00,ZTE,C300,,gpon_1/12/3,up,2.4,nan,PTN01X3C0AI,Recovered / Fixed,SFP inserted or port restored this week
PTN01001G00,ZTE,C300,,gpon_1/12/4,up,2.4,nan,PTN01X3C0AK,Recovered / Fixed,SFP inserted or port restored this week
PTN01001G00,ZTE,C300,,gpon_1/12/6,up,2.4,nan,PTN01X3GTN5,Recovered / Fixed,SFP inserted or port restored this week
PTN01001G00,ZTE,C300,,gpon_1/12/8,up,2.4,nan,PTN01X3GTN3,Recovered / Fixed,SFP inserted or port restored this week
PTN01001G00,ZTE,C300,,gpon_1/12/9,up,2.4,nan,PTN01X3GFYE,Recovered / Fixed,SFP inserted or port restored this week
PTN01001G00,ZTE,C300,,gpon_1/5/15,up,2.4,nan,PTN01X0007X,Recovered / Fixed,SFP inserted or port restored this week
PTN01001G00,ZTE,C300,,gpon_1/7/5,up,2.4,nan,PTN01X2D7H9,Recovered / Fixed,SFP inserted or port restored this week
PTN01001G00,ZTE,C300,,gpon_1/7/8,up,2.4,nan,PTN01X2D7GO,Recovered / Fixed,SFP inserted or port restored this week
PTN01001G00,ZTE,C300,,gpon_1/8/10,up,2.4,nan,PTN01XHPBAA,Recovered / Fixed,SFP inserted or port restored this week
PTN01001G00,ZTE,C300,,gpon_1/8/12,up,2.4,nan,PTN01X31XJM,Recovered / Fixed,SFP inserted or port restored this week
PTN01001G00,ZTE,C300,,gpon_1/9/1,up,2.4,nan,PTN01X35W7E,Recovered / Fixed,SFP inserted or port restored this week
PTN01001G00,ZTE,C300,,gpon_1/9/10,up,2.4,nan,PTN01X37GMJ,Recovered / Fixed,SFP inserted or port restored this week
PTN01001G00,ZTE,C300,,gpon_1/9/11,up,2.4,nan,PTN01X36T03,Recovered / Fixed,SFP inserted or port restored this week
PTN01001G00,ZTE,C300,,gpon_1/9/12,up,2.4,nan,PTN01X37LBX,Recovered / Fixed,SFP inserted or port restored this week
PTN01001G00,ZTE,C300,,gpon_1/9/13,up,2.4,nan,PTN01X37LBI,Recovered / Fixed,SFP inserted or port restored this week
PTN01001G00,ZTE,C300,,gpon_1/9/14,up,2.4,nan,PTN01X395DZ,Recovered / Fixed,SFP inserted or port restored this week
PTN01001G00,ZTE,C300,,gpon_1/9/16,up,2.4,nan,PTN01X39A0E,Recovered / Fixed,SFP inserted or port restored this week
PTN01001G00,ZTE,C300,,gpon_1/9/2,up,2.4,nan,PTN01X35W2U,Recovered / Fixed,SFP inserted or port restored this week
PTN01001G00,ZTE,C300,,gpon_1/9/3,up,2.4,nan,PTN01X369OL,Recovered / Fixed,SFP inserted or port restored this week
PTN01001G00,ZTE,C300,,gpon_1/9/4,up,2.4,nan,PTN01X39BP6,Recovered / Fixed,SFP inserted or port restored this week
PTN01001G00,ZTE,C300,,gpon_1/9/5,up,2.4,nan,PTN01X36XN8,Recovered / Fixed,SFP inserted or port restored this week
PTN01001G00,ZTE,C300,,gpon_1/9/6,up,2.4,nan,PTN01X36XN9,Recovered / Fixed,SFP inserted or port restored this week
PTN01001G00,ZTE,C300,,gpon_1/9/8,up,2.4,nan,PTN01X37GOR,Recovered / Fixed,SFP inserted or port restored this week
PTN01001G00,ZTE,C300,,gpon_1/9/9,up,2.4,nan,PTN01X37GKU,Recovered / Fixed,SFP inserted or port restored this week
PTN07006GO0,ZTE,C320,,gpon_1/1/1,up,2.4,nan,PTN07X37BM0,Recovered / Fixed,SFP inserted or port restored this week
PTN07006GO0,ZTE,C320,,gpon_1/1/2,down,2.4,nan,PTN07X3H15R,Recovered / Fixed,SFP inserted or port restored this week
PTN10001GO0,ZTE,C320,,gpon_1/1/7,up,2.4,nan,PTN10X3FFUZ,Recovered / Fixed,SFP inserted or port restored this week
PTN10001GO0,ZTE,C320,,gpon_1/2/1,up,2.4,nan,PTN10X2VFH9,Recovered / Fixed,SFP inserted or port restored this week
PTN10001GO0,ZTE,C320,,gpon_1/2/2,up,2.4,nan,PTN10X2VFHF,Recovered / Fixed,SFP inserted or port restored this week
PTN10001GO0,ZTE,C320,,gpon_1/2/3,up,2.4,nan,PTN10X2VFHK,Recovered / Fixed,SFP inserted or port restored this week
PTN10001GO0,ZTE,C320,,gpon_1/2/4,up,2.4,nan,PTN05X3QK54,Recovered / Fixed,SFP inserted or port restored this week
PTN10001GO0,ZTE,C320,,gpon_1/2/5,up,2.4,nan,PTN10X31NF4,Recovered / Fixed,SFP inserted or port restored this week
PTN10001GO0,ZTE,C320,,gpon_1/2/6,up,2.4,nan,PTN10X3KKL3,Recovered / Fixed,SFP inserted or port restored this week
PTN10001GO0,ZTE,C320,,gpon_1/2/7,up,2.4,nan,PTN10X397XY,Recovered / Fixed,SFP inserted or port restored this week
PTT01001G00,ZTE,C300,,gpon_1/12/1,up,2.4,nan,PTT01X1KSB8,Recovered / Fixed,SFP inserted or port restored this week
PTT01001G00,ZTE,C300,,gpon_1/12/10,up,2.4,nan,PTT01X3DVXR,Recovered / Fixed,SFP inserted or port restored this week
PTT01001G00,ZTE,C300,,gpon_1/12/11,up,2.4,nan,PTT01X3DVZ7,Recovered / Fixed,SFP inserted or port restored this week
PTT01001G00,ZTE,C300,,gpon_1/12/12,up,2.4,nan,PTT01X3DVZ8,Recovered / Fixed,SFP inserted or port restored this week
PTT01001G00,ZTE,C300,,gpon_1/12/14,up,2.4,nan,PTT01X3DRIJ,Recovered / Fixed,SFP inserted or port restored this week
PTT01001G00,ZTE,C300,,gpon_1/12/15,up,2.4,nan,PTT01X3DS36,Recovered / Fixed,SFP inserted or port restored this week
PTT01001G00,ZTE,C300,,gpon_1/12/16,up,2.4,nan,PTT01X3DOKU,Recovered / Fixed,SFP inserted or port restored this week
PTT01001G00,ZTE,C300,,gpon_1/12/3,up,2.4,nan,PTT01X3DRS9,Recovered / Fixed,SFP inserted or port restored this week
PTT01001G00,ZTE,C300,,gpon_1/12/4,up,2.4,nan,PTT01X3DRSA,Recovered / Fixed,SFP inserted or port restored this week
PTT01001G00,ZTE,C300,,gpon_1/12/5,up,2.4,nan,PTT01X3DRSX,Recovered / Fixed,SFP inserted or port restored this week
PTT01001G00,ZTE,C300,,gpon_1/12/6,up,2.4,nan,PTT01X3DRSY,Recovered / Fixed,SFP inserted or port restored this week
PTT01001G00,ZTE,C300,,gpon_1/12/7,up,2.4,nan,PTT01X3DSXM,Recovered / Fixed,SFP inserted or port restored this week
PTT01001G00,ZTE,C300,,gpon_1/12/8,up,2.4,nan,PTT01X3DVB5,Recovered / Fixed,SFP inserted or port restored this week
PTT01001G00,ZTE,C300,,gpon_1/12/9,up,2.4,nan,PTT01X3DV9F,Recovered / Fixed,SFP inserted or port restored this week
PTT01001G00,ZTE,C300,,gpon_1/13/10,up,2.4,nan,PTT01X1L3GC,Recovered / Fixed,SFP inserted or port restored this week
PTT01001G00,ZTE,C300,,gpon_1/13/11,up,2.4,nan,PTT01X1L3HT,Recovered / Fixed,SFP inserted or port restored this week
PTT01001G00,ZTE,C300,,gpon_1/13/12,up,2.4,nan,PTT01X1L3HU,Recovered / Fixed,SFP inserted or port restored this week
PTT01001G00,ZTE,C300,,gpon_1/13/13,up,2.4,nan,PTT01X1L3I7,Recovered / Fixed,SFP inserted or port restored this week
PTT01001G00,ZTE,C300,,gpon_1/13/14,up,2.4,nan,PTT01X1L3I8,Recovered / Fixed,SFP inserted or port restored this week
PTT01001G00,ZTE,C300,,gpon_1/13/15,up,2.4,nan,PTT01X1L3KU,Recovered / Fixed,SFP inserted or port restored this week
PTT01001G00,ZTE,C300,,gpon_1/13/16,up,2.4,nan,PTT01X1L3KY,Recovered / Fixed,SFP inserted or port restored this week
PTT01001G00,ZTE,C300,,gpon_1/13/2,up,2.4,nan,PTT01X3HYY4,Recovered / Fixed,SFP inserted or port restored this week
PTT01001G00,ZTE,C300,,gpon_1/13/6,up,2.4,nan,PTT01X3NZV8,Recovered / Fixed,SFP inserted or port restored this week
PTT01001G00,ZTE,C300,,gpon_1/13/7,up,2.4,nan,PTT01X3NZVE,Recovered / Fixed,SFP inserted or port restored this week
PTT01001G00,ZTE,C300,,gpon_1/13/8,up,2.4,nan,PTT01X3NZV6,Recovered / Fixed,SFP inserted or port restored this week
PTT01001G00,ZTE,C300,,gpon_1/13/9,up,2.4,nan,PTT01X1L3GA,Recovered / Fixed,SFP inserted or port restored this week
PTT01001G00,ZTE,C300,,gpon_1/14/1,up,2.4,nan,PTT01X1L3E3,Recovered / Fixed,SFP inserted or port restored this week
PTT01001G00,ZTE,C300,,gpon_1/14/10,up,2.4,nan,PTT01X1L3MH,Recovered / Fixed,SFP inserted or port restored this week
PTT01001G00,ZTE,C300,,gpon_1/14/11,up,2.4,nan,PTT01X1L3OV,Recovered / Fixed,SFP inserted or port restored this week
PTT01001G00,ZTE,C300,,gpon_1/14/12,up,2.4,nan,PTT01X1L3PL,Recovered / Fixed,SFP inserted or port restored this week
PTT01001G00,ZTE,C300,,gpon_1/14/14,up,2.4,nan,PTT01X1L3PY,Recovered / Fixed,SFP inserted or port restored this week
PTT01001G00,ZTE,C300,,gpon_1/14/15,up,2.4,nan,PTT01X1L3PZ,Recovered / Fixed,SFP inserted or port restored this week
PTT01001G00,ZTE,C300,,gpon_1/14/16,up,2.4,nan,PTT01X1L3QP,Recovered / Fixed,SFP inserted or port restored this week
PTT01001G00,ZTE,C300,,gpon_1/14/2,up,2.4,nan,PTT01X1L3E4,Recovered / Fixed,SFP inserted or port restored this week
PTT01001G00,ZTE,C300,,gpon_1/14/3,up,2.4,nan,PTT01X1L3ES,Recovered / Fixed,SFP inserted or port restored this week
PTT01001G00,ZTE,C300,,gpon_1/14/4,up,2.4,nan,PTT01X1L3ET,Recovered / Fixed,SFP inserted or port restored this week
PTT01001G00,ZTE,C300,,gpon_1/14/5,up,2.4,nan,PTT01X1L3I0,Recovered / Fixed,SFP inserted or port restored this week
PTT01001G00,ZTE,C300,,gpon_1/14/6,up,2.4,nan,PTT01X1L3I1,Recovered / Fixed,SFP inserted or port restored this week
PTT01001G00,ZTE,C300,,gpon_1/14/7,up,2.4,nan,PTT01X1L4YM,Recovered / Fixed,SFP inserted or port restored this week
PTT01001G00,ZTE,C300,,gpon_1/14/8,up,2.4,nan,PTT01X1L4YN,Recovered / Fixed,SFP inserted or port restored this week
PTT01001G00,ZTE,C300,,gpon_1/14/9,up,2.4,nan,PTT01X1L3MG,Recovered / Fixed,SFP inserted or port restored this week
PTT01001G00,ZTE,C300,,gpon_1/15/1,up,2.4,nan,PTT01X1L3QQ,Recovered / Fixed,SFP inserted or port restored this week
PTT01001G00,ZTE,C300,,gpon_1/15/10,up,2.4,nan,PTT01X1Q8D7,Recovered / Fixed,SFP inserted or port restored this week
PTT01001G00,ZTE,C300,,gpon_1/15/11,up,2.4,nan,PTT01X1Q8DS,Recovered / Fixed,SFP inserted or port restored this week
PTT01001G00,ZTE,C300,,gpon_1/15/12,up,2.4,nan,PTT01X1Q8AA,Recovered / Fixed,SFP inserted or port restored this week
PTT01001G00,ZTE,C300,,gpon_1/15/13,up,2.4,nan,PTT01X1Q8D0,Recovered / Fixed,SFP inserted or port restored this week
PTT01001G00,ZTE,C300,,gpon_1/15/16,up,2.4,nan,PTT01X345DR,Recovered / Fixed,SFP inserted or port restored this week
PTT01001G00,ZTE,C300,,gpon_1/15/2,up,2.4,nan,PTT01X1OYGM,Recovered / Fixed,SFP inserted or port restored this week
PTT01001G00,ZTE,C300,,gpon_1/15/3,up,2.4,nan,PTT01X1IJPF,Recovered / Fixed,SFP inserted or port restored this week
PTT01001G00,ZTE,C300,,gpon_1/15/4,up,2.4,nan,PTT01X1IJPH,Recovered / Fixed,SFP inserted or port restored this week
PTT01001G00,ZTE,C300,,gpon_1/15/6,up,2.4,nan,PTT01X1Q8CE,Recovered / Fixed,SFP inserted or port restored this week
PTT01001G00,ZTE,C300,,gpon_1/15/7,up,2.4,nan,PTT01X1Q8B1,Recovered / Fixed,SFP inserted or port restored this week
PTT01001G00,ZTE,C300,,gpon_1/15/8,up,2.4,nan,PTT01X1Q8B2,Recovered / Fixed,SFP inserted or port restored this week
PTT01001G00,ZTE,C300,,gpon_1/17/1,up,2.4,nan,PTT01X22LOT,Recovered / Fixed,SFP inserted or port restored this week
PTT01001G00,ZTE,C300,,gpon_1/17/14,up,2.4,nan,PTT01X3PF0M,Recovered / Fixed,SFP inserted or port restored this week
PTT01001G00,ZTE,C300,,gpon_1/17/15,up,2.4,nan,PTT01X3OMBT,Recovered / Fixed,SFP inserted or port restored this week
PTT01001G00,ZTE,C300,,gpon_1/17/3,down,2.4,nan,PTT01X2280Q,Recovered / Fixed,SFP inserted or port restored this week
PTT01001G00,ZTE,C300,,gpon_1/17/4,up,2.4,nan,PTT01X2280R,Recovered / Fixed,SFP inserted or port restored this week
PTT01001G00,ZTE,C300,,gpon_1/17/6,up,2.4,nan,PTT01X3PF1N,Recovered / Fixed,SFP inserted or port restored this week
PTT01001G00,ZTE,C300,,gpon_1/2/1,up,2.4,nan,PTT01X33CZK,Recovered / Fixed,SFP inserted or port restored this week
PTT01001G00,ZTE,C300,,gpon_1/2/10,up,2.4,nan,PTT01X3OWOQ,Recovered / Fixed,SFP inserted or port restored this week
PTT01001G00,ZTE,C300,,gpon_1/2/11,up,2.4,nan,PTT01X3OWP3,Recovered / Fixed,SFP inserted or port restored this week
PTT01001G00,ZTE,C300,,gpon_1/2/14,up,2.4,nan,PTT01X01001,Recovered / Fixed,SFP inserted or port restored this week
PTT01001G00,ZTE,C300,,gpon_1/2/15,up,2.4,nan,PTT01X01006,Recovered / Fixed,SFP inserted or port restored this week
PTT01001G00,ZTE,C300,,gpon_1/2/16,up,2.4,nan,PTT01X0100B,Recovered / Fixed,SFP inserted or port restored this week
PTT01001G00,ZTE,C300,,gpon_1/2/2,up,2.4,nan,PTT01X33CZQ,Recovered / Fixed,SFP inserted or port restored this week
PTT01001G00,ZTE,C300,,gpon_1/2/8,up,2.4,nan,PTT01X3OWOW,Recovered / Fixed,SFP inserted or port restored this week
PTT01001G00,ZTE,C300,,gpon_1/3/1,up,2.4,nan,PTT01X0100G,Recovered / Fixed,SFP inserted or port restored this week
PTT01001G00,ZTE,C300,,gpon_1/3/10,up,2.4,nan,PTT01X0000T,Recovered / Fixed,SFP inserted or port restored this week
PTT01001G00,ZTE,C300,,gpon_1/3/11,up,2.4,nan,PTT01X0000X,Recovered / Fixed,SFP inserted or port restored this week
PTT01001G00,ZTE,C300,,gpon_1/3/12,up,2.4,nan,PTT01X00012,Recovered / Fixed,SFP inserted or port restored this week
PTT01001G00,ZTE,C300,,gpon_1/3/13,up,2.4,nan,PTT01X00017,Recovered / Fixed,SFP inserted or port restored this week
PTT01001G00,ZTE,C300,,gpon_1/3/14,up,2.4,nan,PTT01X0001C,Recovered / Fixed,SFP inserted or port restored this week
PTT01001G00,ZTE,C300,,gpon_1/3/15,up,2.4,nan,PTT01X0001H,Recovered / Fixed,SFP inserted or port restored this week
PTT01001G00,ZTE,C300,,gpon_1/3/16,up,2.4,nan,PTT01X0001M,Recovered / Fixed,SFP inserted or port restored this week
PTT01001G00,ZTE,C300,,gpon_1/3/2,up,2.4,nan,PTT01X0100L,Recovered / Fixed,SFP inserted or port restored this week
PTT01001G00,ZTE,C300,,gpon_1/3/4,up,2.4,nan,PTT01X00001,Recovered / Fixed,SFP inserted or port restored this week
PTT01001G00,ZTE,C300,,gpon_1/3/5,up,2.4,nan,PTT01X00006,Recovered / Fixed,SFP inserted or port restored this week
PTT01001G00,ZTE,C300,,gpon_1/3/6,up,2.4,nan,PTT01X00009,Recovered / Fixed,SFP inserted or port restored this week
PTT01001G00,ZTE,C300,,gpon_1/3/8,up,2.4,nan,PTT01X0000J,Recovered / Fixed,SFP inserted or port restored this week
PTT01001G00,ZTE,C300,,gpon_1/3/9,up,2.4,nan,PTT01X0000O,Recovered / Fixed,SFP inserted or port restored this week
PTT01001G00,ZTE,C300,,gpon_1/4/1,up,2.4,nan,PTT01X0001P,Recovered / Fixed,SFP inserted or port restored this week
PTT01001G00,ZTE,C300,,gpon_1/4/10,up,2.4,nan,PTT01X0002Y,Recovered / Fixed,SFP inserted or port restored this week
PTT01001G00,ZTE,C300,,gpon_1/4/11,up,2.4,nan,PTT01X00033,Recovered / Fixed,SFP inserted or port restored this week
PTT01001G00,ZTE,C300,,gpon_1/4/12,up,2.4,nan,PTT01X00038,Recovered / Fixed,SFP inserted or port restored this week
PTT01001G00,ZTE,C300,,gpon_1/4/13,up,2.4,nan,PTT01X0003D,Recovered / Fixed,SFP inserted or port restored this week
PTT01001G00,ZTE,C300,,gpon_1/4/15,up,2.4,nan,PTT01X0003N,Recovered / Fixed,SFP inserted or port restored this week
PTT01001G00,ZTE,C300,,gpon_1/4/16,up,2.4,nan,PTT01X0003S,Recovered / Fixed,SFP inserted or port restored this week
PTT01001G00,ZTE,C300,,gpon_1/4/2,up,2.4,nan,PTT01X0001U,Recovered / Fixed,SFP inserted or port restored this week
PTT01001G00,ZTE,C300,,gpon_1/4/3,up,2.4,nan,PTT01X0001Z,Recovered / Fixed,SFP inserted or port restored this week
PTT01001G00,ZTE,C300,,gpon_1/4/5,up,2.4,nan,PTT01X00029,Recovered / Fixed,SFP inserted or port restored this week
PTT01001G00,ZTE,C300,,gpon_1/4/6,up,2.4,nan,PTT01X0002E,Recovered / Fixed,SFP inserted or port restored this week
PTT01001G00,ZTE,C300,,gpon_1/4/8,up,2.4,nan,PTT01X0002O,Recovered / Fixed,SFP inserted or port restored this week
PTT01001G00,ZTE,C300,,gpon_1/4/9,up,2.4,nan,PTT01X0002T,Recovered / Fixed,SFP inserted or port restored this week
PTT01001G00,ZTE,C300,,gpon_1/5/1,up,2.4,nan,PTT01X0003X,Recovered / Fixed,SFP inserted or port restored this week
PTT01001G00,ZTE,C300,,gpon_1/5/12,up,2.4,nan,PTT01X0201B,Recovered / Fixed,SFP inserted or port restored this week
PTT01001G00,ZTE,C300,,gpon_1/5/14,up,2.4,nan,PTT01X0201L,Recovered / Fixed,SFP inserted or port restored this week
PTT01001G00,ZTE,C300,,gpon_1/5/16,up,2.4,nan,PTT01X1F7PI,Recovered / Fixed,SFP inserted or port restored this week
PTT01001G00,ZTE,C300,,gpon_1/6/1,up,2.4,nan,PTT01X01010,Recovered / Fixed,SFP inserted or port restored this week
PTT01001G00,ZTE,C300,,gpon_1/6/13,up,2.4,nan,PTT01X1KIKT,Recovered / Fixed,SFP inserted or port restored this week
PTT01001G00,ZTE,C300,,gpon_1/6/16,up,2.4,nan,PTT01X1KHIK,Recovered / Fixed,SFP inserted or port restored this week
PTT01001G00,ZTE,C300,,gpon_1/6/2,up,2.4,nan,PTT01X0100V,Recovered / Fixed,SFP inserted or port restored this week
PTT01001G00,ZTE,C300,,gpon_1/6/3,up,2.4,nan,PTT01X01015,Recovered / Fixed,SFP inserted or port restored this week
PTT01001G00,ZTE,C300,,gpon_1/6/4,up,2.4,nan,PTT01X1DIXL,Recovered / Fixed,SFP inserted or port restored this week
PTT01001G00,ZTE,C300,,gpon_1/6/5,up,2.4,nan,PTT01X0101D,Recovered / Fixed,SFP inserted or port restored this week
PTT01001G00,ZTE,C300,,gpon_1/6/6,up,2.4,nan,PTT01X1KHJS,Recovered / Fixed,SFP inserted or port restored this week
PTT01001G00,ZTE,C300,,gpon_1/6/7,up,2.4,nan,PTT01X1KHJT,Recovered / Fixed,SFP inserted or port restored this week
PTT01001G00,ZTE,C300,,gpon_1/6/8,up,2.4,nan,PTT01X1KHNA,Recovered / Fixed,SFP inserted or port restored this week
PTT01001G00,ZTE,C300,,gpon_1/7/1,up,2.4,nan,PTT01X1KHIM,Recovered / Fixed,SFP inserted or port restored this week
PTT01001G00,ZTE,C300,,gpon_1/7/10,up,2.4,nan,PTT01X1KH86,Recovered / Fixed,SFP inserted or port restored this week
PTT01001G00,ZTE,C300,,gpon_1/7/11,up,2.4,nan,PTT01X1KH92,Recovered / Fixed,SFP inserted or port restored this week
PTT01001G00,ZTE,C300,,gpon_1/7/13,up,2.4,nan,PTT01X1KH94,Recovered / Fixed,SFP inserted or port restored this week
PTT01001G00,ZTE,C300,,gpon_1/7/14,up,2.4,nan,PTT01X1KH96,Recovered / Fixed,SFP inserted or port restored this week
PTT01001G00,ZTE,C300,,gpon_1/7/15,up,2.4,nan,PTT01X1KIXD,Recovered / Fixed,SFP inserted or port restored this week
PTT01001G00,ZTE,C300,,gpon_1/7/16,up,2.4,nan,PTT01X1KHHA,Recovered / Fixed,SFP inserted or port restored this week
PTT01001G00,ZTE,C300,,gpon_1/7/2,up,2.4,nan,PTT01X1KHJ1,Recovered / Fixed,SFP inserted or port restored this week
PTT01001G00,ZTE,C300,,gpon_1/7/3,up,2.4,nan,PTT01X1KHJ3,Recovered / Fixed,SFP inserted or port restored this week
PTT01001G00,ZTE,C300,,gpon_1/7/4,up,2.4,nan,PTT01X1KHJM,Recovered / Fixed,SFP inserted or port restored this week
PTT01001G00,ZTE,C300,,gpon_1/7/5,up,2.4,nan,PTT01X1KHJO,Recovered / Fixed,SFP inserted or port restored this week
PTT01001G00,ZTE,C300,,gpon_1/7/6,up,2.4,nan,PTT01X1KH8T,Recovered / Fixed,SFP inserted or port restored this week
PTT01001G00,ZTE,C300,,gpon_1/7/7,up,2.4,nan,PTT01X1KH8U,Recovered / Fixed,SFP inserted or port restored this week
PTT01001G00,ZTE,C300,,gpon_1/7/8,up,2.4,nan,PTT01X1KIV9,Recovered / Fixed,SFP inserted or port restored this week
PTT01001G00,ZTE,C300,,gpon_1/7/9,up,2.4,nan,PTT01X1KH85,Recovered / Fixed,SFP inserted or port restored this week
PTT01001G00,ZTE,C300,,gpon_1/8/10,up,2.4,nan,PTT01X1KUA4,Recovered / Fixed,SFP inserted or port restored this week
PTT01001G00,ZTE,C300,,gpon_1/8/11,up,2.4,nan,PTT01X1KU8I,Recovered / Fixed,SFP inserted or port restored this week
PTT01001G00,ZTE,C300,,gpon_1/8/12,up,2.4,nan,PTT01X1KU8J,Recovered / Fixed,SFP inserted or port restored this week
PTT01001G00,ZTE,C300,,gpon_1/8/13,up,2.4,nan,PTT01X1KUCI,Recovered / Fixed,SFP inserted or port restored this week
PTT01001G00,ZTE,C300,,gpon_1/8/14,up,2.4,nan,PTT01X1KUCJ,Recovered / Fixed,SFP inserted or port restored this week
PTT01001G00,ZTE,C300,,gpon_1/8/15,up,2.4,nan,PTT01X1KTW8,Recovered / Fixed,SFP inserted or port restored this week
PTT01001G00,ZTE,C300,,gpon_1/8/16,up,2.4,nan,PTT01X1KTXT,Recovered / Fixed,SFP inserted or port restored this week
PTT01001G00,ZTE,C300,,gpon_1/8/6,up,2.4,nan,PTT01X1KTCC,Recovered / Fixed,SFP inserted or port restored this week
PTT01001G00,ZTE,C300,,gpon_1/8/7,up,2.4,nan,PTT01X1KTEL,Recovered / Fixed,SFP inserted or port restored this week
PTT01001G00,ZTE,C300,,gpon_1/8/8,up,2.4,nan,PTT01X1KU5K,Recovered / Fixed,SFP inserted or port restored this week
PTT01001G00,ZTE,C300,,gpon_1/8/9,up,2.4,nan,PTT01X1KU5L,Recovered / Fixed,SFP inserted or port restored this week
PTT01001G00,ZTE,C300,,gpon_1/9/12,up,2.4,nan,PTT01X1KS56,Recovered / Fixed,SFP inserted or port restored this week
PTT01001G00,ZTE,C300,,gpon_1/9/14,up,2.4,nan,PTT01X1KSL2,Recovered / Fixed,SFP inserted or port restored this week
PTT01001G00,ZTE,C300,,gpon_1/9/15,up,2.4,nan,PTT01X1KSL3,Recovered / Fixed,SFP inserted or port restored this week
PTT01001G00,ZTE,C300,,gpon_1/9/4,up,2.4,nan,PTT01X1KSMB,Recovered / Fixed,SFP inserted or port restored this week
PTT01001G00,ZTE,C300,,gpon_1/9/5,up,2.4,nan,PTT01X1KSMC,Recovered / Fixed,SFP inserted or port restored this week
PTT01001G00,ZTE,C300,,gpon_1/9/8,up,2.4,nan,PTT01X1KS92,Recovered / Fixed,SFP inserted or port restored this week
PTT01001G00,ZTE,C300,,gpon_1/9/9,up,2.4,nan,PTT01X1KSIL,Recovered / Fixed,SFP inserted or port restored this week
PTT01001G01,ZTE,C300,,gpon_1/2/1,up,2.4,nan,PTT01X38WQX,Recovered / Fixed,SFP inserted or port restored this week
PTT01001G01,ZTE,C300,,gpon_1/2/15,up,2.4,nan,PTT01X398HA,Recovered / Fixed,SFP inserted or port restored this week
PTT01001G01,ZTE,C300,,gpon_1/2/16,up,2.4,nan,PTT01X398JE,Recovered / Fixed,SFP inserted or port restored this week
PTT01001G01,ZTE,C300,,gpon_1/2/2,up,2.4,nan,PTT01X3997Y,Recovered / Fixed,SFP inserted or port restored this week
PTT01001G01,ZTE,C300,,gpon_1/3/12,up,2.4,nan,PTT01X1ZFP3,Recovered / Fixed,SFP inserted or port restored this week
PTT01001G01,ZTE,C300,,gpon_1/3/13,up,2.4,nan,PTT01X1ZFP4,Recovered / Fixed,SFP inserted or port restored this week
PTT01001G01,ZTE,C300,,gpon_1/3/14,up,2.4,nan,PTT01X20DYF,Recovered / Fixed,SFP inserted or port restored this week
PTT01001G01,ZTE,C300,,gpon_1/3/16,up,2.4,nan,PTT01X20E3Z,Recovered / Fixed,SFP inserted or port restored this week
PTT01001G01,ZTE,C300,,gpon_1/3/2,up,2.4,nan,PTT01X3PJVN,Recovered / Fixed,SFP inserted or port restored this week
PTT01001G01,ZTE,C300,,gpon_1/3/6,up,2.4,nan,PTT01X3UL17,Recovered / Fixed,SFP inserted or port restored this week
PTT01001G01,ZTE,C300,,gpon_1/4/11,up,2.4,nan,PTT01X2KT40,Recovered / Fixed,SFP inserted or port restored this week
PTT01002G00,ZTE,C300,,gpon_1/2/11,up,2.4,nan,PTT01X0B01B,Recovered / Fixed,SFP inserted or port restored this week
PTT01002G00,ZTE,C300,,gpon_1/2/12,up,2.4,nan,PTT01X0B01G,Recovered / Fixed,SFP inserted or port restored this week
PTT01002G00,ZTE,C300,,gpon_1/2/13,up,2.4,nan,PTT01X0B01L,Recovered / Fixed,SFP inserted or port restored this week
PTT01002G00,ZTE,C300,,gpon_1/2/14,up,2.4,nan,PTT01X0B01Q,Recovered / Fixed,SFP inserted or port restored this week
PTT01002G00,ZTE,C300,,gpon_1/2/15,up,2.4,nan,PTT01X0B01V,Recovered / Fixed,SFP inserted or port restored this week
PTT01002G00,ZTE,C300,,gpon_1/2/16,up,2.4,nan,PTT01X0B01Z,Recovered / Fixed,SFP inserted or port restored this week
PTT01002G00,ZTE,C300,,gpon_1/3/1,up,2.4,nan,PTT01X0B024,Recovered / Fixed,SFP inserted or port restored this week
PTT01002G00,ZTE,C300,,gpon_1/3/10,up,2.4,nan,PTT01X0B03B,Recovered / Fixed,SFP inserted or port restored this week
PTT01002G00,ZTE,C300,,gpon_1/3/11,up,2.4,nan,PTT01X0B03G,Recovered / Fixed,SFP inserted or port restored this week
PTT01002G00,ZTE,C300,,gpon_1/3/12,up,2.4,nan,PTT01X0B03L,Recovered / Fixed,SFP inserted or port restored this week
PTT01002G00,ZTE,C300,,gpon_1/3/13,up,2.4,nan,PTT01X0B03Q,Recovered / Fixed,SFP inserted or port restored this week
PTT01002G00,ZTE,C300,,gpon_1/3/14,up,2.4,nan,PTT01X0B03T,Recovered / Fixed,SFP inserted or port restored this week
PTT01002G00,ZTE,C300,,gpon_1/3/15,up,2.4,nan,PTT01X0B03Y,Recovered / Fixed,SFP inserted or port restored this week
PTT01002G00,ZTE,C300,,gpon_1/3/16,up,2.4,nan,PTT01X0B043,Recovered / Fixed,SFP inserted or port restored this week
PTT01002G00,ZTE,C300,,gpon_1/3/2,up,2.4,nan,PTT01X0B029,Recovered / Fixed,SFP inserted or port restored this week
PTT01002G00,ZTE,C300,,gpon_1/3/3,up,2.4,nan,PTT01X0B02E,Recovered / Fixed,SFP inserted or port restored this week
PTT01002G00,ZTE,C300,,gpon_1/3/4,up,2.4,nan,PTT01X0B02J,Recovered / Fixed,SFP inserted or port restored this week
PTT01002G00,ZTE,C300,,gpon_1/3/5,up,2.4,nan,PTT01X0B02O,Recovered / Fixed,SFP inserted or port restored this week
PTT01002G00,ZTE,C300,,gpon_1/3/6,up,2.4,nan,PTT01X0B02R,Recovered / Fixed,SFP inserted or port restored this week
PTT01002G00,ZTE,C300,,gpon_1/3/7,up,2.4,nan,PTT01X0B02W,Recovered / Fixed,SFP inserted or port restored this week
PTT01002G00,ZTE,C300,,gpon_1/3/8,up,2.4,nan,PTT01X0B031,Recovered / Fixed,SFP inserted or port restored this week
PTT01002G00,ZTE,C300,,gpon_1/3/9,up,2.4,nan,PTT01X0B036,Recovered / Fixed,SFP inserted or port restored this week
PTT01002G00,ZTE,C300,,gpon_1/4/1,up,2.4,nan,PTT01X0B048,Recovered / Fixed,SFP inserted or port restored this week
PTT01002G00,ZTE,C300,,gpon_1/4/10,up,2.4,nan,PTT01X0B05H,Recovered / Fixed,SFP inserted or port restored this week
PTT01002G00,ZTE,C300,,gpon_1/4/11,up,2.4,nan,PTT01X0B05M,Recovered / Fixed,SFP inserted or port restored this week
PTT01002G00,ZTE,C300,,gpon_1/4/12,up,2.4,nan,PTT01X0B05R,Recovered / Fixed,SFP inserted or port restored this week
PTT01002G00,ZTE,C300,,gpon_1/4/13,up,2.4,nan,PTT01X0B05W,Recovered / Fixed,SFP inserted or port restored this week
PTT01002G00,ZTE,C300,,gpon_1/4/14,up,2.4,nan,PTT01X0B061,Recovered / Fixed,SFP inserted or port restored this week
PTT01002G00,ZTE,C300,,gpon_1/4/15,up,2.4,nan,PTT01X0B066,Recovered / Fixed,SFP inserted or port restored this week
PTT01002G00,ZTE,C300,,gpon_1/4/16,up,2.4,nan,PTT01X0B06B,Recovered / Fixed,SFP inserted or port restored this week
PTT01002G00,ZTE,C300,,gpon_1/4/2,up,2.4,nan,PTT01X0B04D,Recovered / Fixed,SFP inserted or port restored this week
PTT01002G00,ZTE,C300,,gpon_1/4/3,up,2.4,nan,PTT01X0B04I,Recovered / Fixed,SFP inserted or port restored this week
PTT01002G00,ZTE,C300,,gpon_1/4/4,up,2.4,nan,PTT01X0B04N,Recovered / Fixed,SFP inserted or port restored this week
PTT01002G00,ZTE,C300,,gpon_1/4/5,up,2.4,nan,PTT01X0B04S,Recovered / Fixed,SFP inserted or port restored this week
PTT01002G00,ZTE,C300,,gpon_1/4/6,up,2.4,nan,PTT01X0B04X,Recovered / Fixed,SFP inserted or port restored this week
PTT01002G00,ZTE,C300,,gpon_1/4/7,up,2.4,nan,PTT01X0B052,Recovered / Fixed,SFP inserted or port restored this week
PTT01002G00,ZTE,C300,,gpon_1/4/8,up,2.4,nan,PTT01X0B057,Recovered / Fixed,SFP inserted or port restored this week
PTT01002G00,ZTE,C300,,gpon_1/4/9,up,2.4,nan,PTT01X0B05C,Recovered / Fixed,SFP inserted or port restored this week
PTT01002G00,ZTE,C300,,gpon_1/5/1,up,2.4,nan,PTT01X0B06G,Recovered / Fixed,SFP inserted or port restored this week
PTT01002G00,ZTE,C300,,gpon_1/5/10,up,2.4,nan,PTT01X0B07P,Recovered / Fixed,SFP inserted or port restored this week
PTT01002G00,ZTE,C300,,gpon_1/5/11,up,2.4,nan,PTT01X0B07U,Recovered / Fixed,SFP inserted or port restored this week
PTT01002G00,ZTE,C300,,gpon_1/5/12,up,2.4,nan,PTT01X08001,Recovered / Fixed,SFP inserted or port restored this week
PTT01002G00,ZTE,C300,,gpon_1/5/13,up,2.4,nan,PTT01X08006,Recovered / Fixed,SFP inserted or port restored this week
PTT01002G00,ZTE,C300,,gpon_1/5/14,up,2.4,nan,PTT01X0800B,Recovered / Fixed,SFP inserted or port restored this week
PTT01002G00,ZTE,C300,,gpon_1/5/15,up,2.4,nan,PTT01X0800G,Recovered / Fixed,SFP inserted or port restored this week
PTT01002G00,ZTE,C300,,gpon_1/5/16,up,2.4,nan,PTT01X0800L,Recovered / Fixed,SFP inserted or port restored this week
PTT01002G00,ZTE,C300,,gpon_1/5/2,up,2.4,nan,PTT01X0B06L,Recovered / Fixed,SFP inserted or port restored this week
PTT01002G00,ZTE,C300,,gpon_1/5/3,up,2.4,nan,PTT01X0B06Q,Recovered / Fixed,SFP inserted or port restored this week
PTT01002G00,ZTE,C300,,gpon_1/5/4,up,2.4,nan,PTT01X0B06V,Recovered / Fixed,SFP inserted or port restored this week
PTT01002G00,ZTE,C300,,gpon_1/5/5,up,2.4,nan,PTT01X0B070,Recovered / Fixed,SFP inserted or port restored this week
PTT01002G00,ZTE,C300,,gpon_1/5/6,up,2.4,nan,PTT01X0B075,Recovered / Fixed,SFP inserted or port restored this week
PTT01002G00,ZTE,C300,,gpon_1/5/7,up,2.4,nan,PTT01X0B07A,Recovered / Fixed,SFP inserted or port restored this week
PTT01002G00,ZTE,C300,,gpon_1/5/8,up,2.4,nan,PTT01X0B07F,Recovered / Fixed,SFP inserted or port restored this week
PTT01002G00,ZTE,C300,,gpon_1/5/9,up,2.4,nan,PTT01X0B07K,Recovered / Fixed,SFP inserted or port restored this week
PTT01002G00,ZTE,C300,,gpon_1/6/1,up,2.4,nan,PTT01X0800Q,Recovered / Fixed,SFP inserted or port restored this week
PTT01002G00,ZTE,C300,,gpon_1/6/11,up,2.4,nan,PTT01X08021,Recovered / Fixed,SFP inserted or port restored this week
PTT01002G00,ZTE,C300,,gpon_1/6/12,up,2.4,nan,PTT01X08025,Recovered / Fixed,SFP inserted or port restored this week
PTT01002G00,ZTE,C300,,gpon_1/6/13,up,2.4,nan,PTT01X0802A,Recovered / Fixed,SFP inserted or port restored this week
PTT01002G00,ZTE,C300,,gpon_1/6/14,up,2.4,nan,PTT01X0I001,Recovered / Fixed,SFP inserted or port restored this week
PTT01002G00,ZTE,C300,,gpon_1/6/15,up,2.4,nan,PTT01X0I006,Recovered / Fixed,SFP inserted or port restored this week
PTT01002G00,ZTE,C300,,gpon_1/6/16,up,2.4,nan,PTT01X0I00A,Recovered / Fixed,SFP inserted or port restored this week
PTT01002G00,ZTE,C300,,gpon_1/6/2,up,2.4,nan,PTT01X0800V,Recovered / Fixed,SFP inserted or port restored this week
PTT01002G00,ZTE,C300,,gpon_1/6/3,up,2.4,nan,PTT01X08010,Recovered / Fixed,SFP inserted or port restored this week
PTT01002G00,ZTE,C300,,gpon_1/6/4,up,2.4,nan,PTT01X08015,Recovered / Fixed,SFP inserted or port restored this week
PTT01002G00,ZTE,C300,,gpon_1/6/5,up,2.4,nan,PTT01X0801A,Recovered / Fixed,SFP inserted or port restored this week
PTT01002G00,ZTE,C300,,gpon_1/6/6,up,2.4,nan,PTT01X0801F,Recovered / Fixed,SFP inserted or port restored this week
PTT01002G00,ZTE,C300,,gpon_1/6/7,up,2.4,nan,PTT01X0801J,Recovered / Fixed,SFP inserted or port restored this week
PTT01002G00,ZTE,C300,,gpon_1/6/8,up,2.4,nan,PTT01X0801O,Recovered / Fixed,SFP inserted or port restored this week
PTT01002G00,ZTE,C300,,gpon_1/6/9,up,2.4,nan,PTT01X0801S,Recovered / Fixed,SFP inserted or port restored this week
PTT01002G00,ZTE,C300,,gpon_1/7/1,up,2.4,nan,PTT01X0I00D,Recovered / Fixed,SFP inserted or port restored this week
PTT01002G00,ZTE,C300,,gpon_1/7/10,up,2.4,nan,PTT01X0I01M,Recovered / Fixed,SFP inserted or port restored this week
PTT01002G00,ZTE,C300,,gpon_1/7/11,up,2.4,nan,PTT01X0I01R,Recovered / Fixed,SFP inserted or port restored this week
PTT01002G00,ZTE,C300,,gpon_1/7/12,up,2.4,nan,PTT01X0I01W,Recovered / Fixed,SFP inserted or port restored this week
PTT01002G00,ZTE,C300,,gpon_1/7/13,up,2.4,nan,PTT01X0I021,Recovered / Fixed,SFP inserted or port restored this week
PTT01002G00,ZTE,C300,,gpon_1/7/14,up,2.4,nan,PTT01X0I026,Recovered / Fixed,SFP inserted or port restored this week
PTT01002G00,ZTE,C300,,gpon_1/7/15,up,2.4,nan,PTT01X0I02B,Recovered / Fixed,SFP inserted or port restored this week
PTT01002G00,ZTE,C300,,gpon_1/7/16,up,2.4,nan,PTT01X0I02G,Recovered / Fixed,SFP inserted or port restored this week
PTT01002G00,ZTE,C300,,gpon_1/7/2,up,2.4,nan,PTT01X0I00I,Recovered / Fixed,SFP inserted or port restored this week
PTT01002G00,ZTE,C300,,gpon_1/7/3,up,2.4,nan,PTT01X0I00N,Recovered / Fixed,SFP inserted or port restored this week
PTT01002G00,ZTE,C300,,gpon_1/7/4,up,2.4,nan,PTT01X0I00S,Recovered / Fixed,SFP inserted or port restored this week
PTT01002G00,ZTE,C300,,gpon_1/7/5,up,2.4,nan,PTT01X0I00X,Recovered / Fixed,SFP inserted or port restored this week
PTT01002G00,ZTE,C300,,gpon_1/7/6,up,2.4,nan,PTT01X0I012,Recovered / Fixed,SFP inserted or port restored this week
PTT01002G00,ZTE,C300,,gpon_1/7/7,up,2.4,nan,PTT01X0I017,Recovered / Fixed,SFP inserted or port restored this week
PTT01002G00,ZTE,C300,,gpon_1/7/8,up,2.4,nan,PTT01X0I01C,Recovered / Fixed,SFP inserted or port restored this week
PTT01002G00,ZTE,C300,,gpon_1/7/9,up,2.4,nan,PTT01X0I01H,Recovered / Fixed,SFP inserted or port restored this week
PTT01002G00,ZTE,C300,,gpon_1/9/8,up,2.4,nan,PTT01X1L8J6,Recovered / Fixed,SFP inserted or port restored this week
PTT01002G01,ZTE,C300,,gpon_1/12/1,up,2.4,nan,PTT01X1KK7Y,Recovered / Fixed,SFP inserted or port restored this week
PTT01002G01,ZTE,C300,,gpon_1/12/10,up,2.4,nan,PTT01X1L9LZ,Recovered / Fixed,SFP inserted or port restored this week
PTT01002G01,ZTE,C300,,gpon_1/12/11,up,2.4,nan,PTT01X1L9N9,Recovered / Fixed,SFP inserted or port restored this week
PTT01002G01,ZTE,C300,,gpon_1/12/12,up,2.4,nan,PTT01X1L9RV,Recovered / Fixed,SFP inserted or port restored this week
PTT01002G01,ZTE,C300,,gpon_1/12/13,up,2.4,nan,PTT01X1L937,Recovered / Fixed,SFP inserted or port restored this week
PTT01002G01,ZTE,C300,,gpon_1/12/14,up,2.4,nan,PTT01X1LAGM,Recovered / Fixed,SFP inserted or port restored this week
PTT01002G01,ZTE,C300,,gpon_1/12/15,up,2.4,nan,PTT01X1LAPC,Recovered / Fixed,SFP inserted or port restored this week
PTT01002G01,ZTE,C300,,gpon_1/12/16,up,2.4,nan,PTT01X1LAPD,Recovered / Fixed,SFP inserted or port restored this week
PTT01002G01,ZTE,C300,,gpon_1/12/2,up,2.4,nan,PTT01X1KIYW,Recovered / Fixed,SFP inserted or port restored this week
PTT01002G01,ZTE,C300,,gpon_1/12/3,up,2.4,nan,PTT01X1NBFC,Recovered / Fixed,SFP inserted or port restored this week
PTT01002G01,ZTE,C300,,gpon_1/12/4,up,2.4,nan,PTT01X1NBEC,Recovered / Fixed,SFP inserted or port restored this week
PTT01002G01,ZTE,C300,,gpon_1/12/6,up,2.4,nan,PTT01X1L6FT,Recovered / Fixed,SFP inserted or port restored this week
PTT01002G01,ZTE,C300,,gpon_1/12/7,up,2.4,nan,PTT01X1L9T1,Recovered / Fixed,SFP inserted or port restored this week
PTT01002G01,ZTE,C300,,gpon_1/12/8,up,2.4,nan,PTT01X1L9TU,Recovered / Fixed,SFP inserted or port restored this week
PTT01002G01,ZTE,C300,,gpon_1/12/9,up,2.4,nan,PTT01X1LA5M,Recovered / Fixed,SFP inserted or port restored this week
PTT01002G01,ZTE,C300,,gpon_1/13/1,up,2.4,nan,PTT01X1LAFN,Recovered / Fixed,SFP inserted or port restored this week
PTT01002G01,ZTE,C300,,gpon_1/13/10,up,2.4,nan,PTT01X1L8P7,Recovered / Fixed,SFP inserted or port restored this week
PTT01002G01,ZTE,C300,,gpon_1/13/12,up,2.4,nan,PTT01X1L8Q1,Recovered / Fixed,SFP inserted or port restored this week
PTT01002G01,ZTE,C300,,gpon_1/13/13,up,2.4,nan,PTT01X1L8SV,Recovered / Fixed,SFP inserted or port restored this week
PTT01002G01,ZTE,C300,,gpon_1/13/14,up,2.4,nan,PTT01X1L8SX,Recovered / Fixed,SFP inserted or port restored this week
PTT01002G01,ZTE,C300,,gpon_1/13/15,up,2.4,nan,PTT01X1L8TY,Recovered / Fixed,SFP inserted or port restored this week
PTT01002G01,ZTE,C300,,gpon_1/13/16,up,2.4,nan,PTT01X1L8TZ,Recovered / Fixed,SFP inserted or port restored this week
PTT01002G01,ZTE,C300,,gpon_1/13/2,up,2.4,nan,PTT01X1LAFO,Recovered / Fixed,SFP inserted or port restored this week
PTT01002G01,ZTE,C300,,gpon_1/13/3,up,2.4,nan,PTT01X1LANW,Recovered / Fixed,SFP inserted or port restored this week
PTT01002G01,ZTE,C300,,gpon_1/13/4,up,2.4,nan,PTT01X1LAOJ,Recovered / Fixed,SFP inserted or port restored this week
PTT01002G01,ZTE,C300,,gpon_1/13/5,up,2.4,nan,PTT01X1LAOD,Recovered / Fixed,SFP inserted or port restored this week
PTT01002G01,ZTE,C300,,gpon_1/13/6,up,2.4,nan,PTT01X1L8NV,Recovered / Fixed,SFP inserted or port restored this week
PTT01002G01,ZTE,C300,,gpon_1/13/7,up,2.4,nan,PTT01X1L8NX,Recovered / Fixed,SFP inserted or port restored this week
PTT01002G01,ZTE,C300,,gpon_1/13/8,up,2.4,nan,PTT01X1L8MR,Recovered / Fixed,SFP inserted or port restored this week
PTT01002G01,ZTE,C300,,gpon_1/13/9,up,2.4,nan,PTT01X1L8MU,Recovered / Fixed,SFP inserted or port restored this week
PTT01002G01,ZTE,C300,,gpon_1/2/1,up,2.4,nan,PTT01X2FG4V,Recovered / Fixed,SFP inserted or port restored this week
PTT01002G01,ZTE,C300,,gpon_1/2/10,up,2.4,nan,PTT01X0I03S,Recovered / Fixed,SFP inserted or port restored this week
PTT01002G01,ZTE,C300,,gpon_1/2/11,up,2.4,nan,PTT01X3CPKQ,Recovered / Fixed,SFP inserted or port restored this week
PTT01002G01,ZTE,C300,,gpon_1/2/12,up,2.4,nan,PTT01X3CPJM,Recovered / Fixed,SFP inserted or port restored this week
PTT01002G01,ZTE,C300,,gpon_1/2/13,up,2.4,nan,PTT01X3DT9F,Recovered / Fixed,SFP inserted or port restored this week
PTT01002G01,ZTE,C300,,gpon_1/2/14,up,2.4,nan,PTT01X3DTAA,Recovered / Fixed,SFP inserted or port restored this week
PTT01002G01,ZTE,C300,,gpon_1/2/15,up,2.4,nan,PTT01X3G9HT,Recovered / Fixed,SFP inserted or port restored this week
PTT01002G01,ZTE,C300,,gpon_1/2/4,up,2.4,nan,PTT01X0I030,Recovered / Fixed,SFP inserted or port restored this week
PTT01002G01,ZTE,C300,,gpon_1/2/5,up,2.4,nan,PTT01X0I035,Recovered / Fixed,SFP inserted or port restored this week
PTT01002G01,ZTE,C300,,gpon_1/2/6,up,2.4,nan,PTT01X0I038,Recovered / Fixed,SFP inserted or port restored this week
PTT01002G01,ZTE,C300,,gpon_1/2/7,up,2.4,nan,PTT01X0I03D,Recovered / Fixed,SFP inserted or port restored this week
PTT01002G01,ZTE,C300,,gpon_1/2/8,up,2.4,nan,PTT01X0I03I,Recovered / Fixed,SFP inserted or port restored this week
PTT01002G01,ZTE,C300,,gpon_1/2/9,up,2.4,nan,PTT01X3C9II,Recovered / Fixed,SFP inserted or port restored this week
PTT01002G01,ZTE,C300,,gpon_1/3/11,up,2.4,nan,PTT01X3OMBS,Recovered / Fixed,SFP inserted or port restored this week
PTT01002G01,ZTE,C300,,gpon_1/3/8,up,2.4,nan,PTT01X3O0AP,Recovered / Fixed,SFP inserted or port restored this week
PTT01002G01,ZTE,C300,,gpon_1/4/11,up,2.4,nan,PTT01X0M00F,Recovered / Fixed,SFP inserted or port restored this week
PTT01002G01,ZTE,C300,,gpon_1/4/12,up,2.4,nan,PTT01X0M00J,Recovered / Fixed,SFP inserted or port restored this week
PTT01002G01,ZTE,C300,,gpon_1/4/13,up,2.4,nan,PTT01X0M00N,Recovered / Fixed,SFP inserted or port restored this week
PTT01002G01,ZTE,C300,,gpon_1/4/14,up,2.4,nan,PTT01X0M00S,Recovered / Fixed,SFP inserted or port restored this week
PTT01002G01,ZTE,C300,,gpon_1/4/15,up,2.4,nan,PTT01X0M00X,Recovered / Fixed,SFP inserted or port restored this week
PTT01002G01,ZTE,C300,,gpon_1/4/16,up,2.4,nan,PTT01X0M012,Recovered / Fixed,SFP inserted or port restored this week
PTT01002G01,ZTE,C300,,gpon_1/4/8,up,2.4,nan,PTT01X0M001,Recovered / Fixed,SFP inserted or port restored this week
PTT01002G01,ZTE,C300,,gpon_1/4/9,up,2.4,nan,PTT01X0M006,Recovered / Fixed,SFP inserted or port restored this week
PTT01002G01,ZTE,C300,,gpon_1/5/1,up,2.4,nan,PTT01X0M017,Recovered / Fixed,SFP inserted or port restored this week
PTT01002G01,ZTE,C300,,gpon_1/5/10,up,2.4,nan,PTT01X0M02E,Recovered / Fixed,SFP inserted or port restored this week
PTT01002G01,ZTE,C300,,gpon_1/5/11,up,2.4,nan,PTT01X0M02J,Recovered / Fixed,SFP inserted or port restored this week
PTT01002G01,ZTE,C300,,gpon_1/5/12,up,2.4,nan,PTT01X0M02O,Recovered / Fixed,SFP inserted or port restored this week
PTT01002G01,ZTE,C300,,gpon_1/5/14,up,2.4,nan,PTT01X0M02Y,Recovered / Fixed,SFP inserted or port restored this week
PTT01002G01,ZTE,C300,,gpon_1/5/16,up,2.4,nan,PTT01X0M038,Recovered / Fixed,SFP inserted or port restored this week
PTT01002G01,ZTE,C300,,gpon_1/5/2,up,2.4,nan,PTT01X0M01C,Recovered / Fixed,SFP inserted or port restored this week
PTT01002G01,ZTE,C300,,gpon_1/5/3,up,2.4,nan,PTT01X0M01H,Recovered / Fixed,SFP inserted or port restored this week
PTT01002G01,ZTE,C300,,gpon_1/5/4,up,2.4,nan,PTT01X0M01M,Recovered / Fixed,SFP inserted or port restored this week
PTT01002G01,ZTE,C300,,gpon_1/5/6,up,2.4,nan,PTT01X0M01T,Recovered / Fixed,SFP inserted or port restored this week
PTT01002G01,ZTE,C300,,gpon_1/5/7,up,2.4,nan,PTT01X0M01Y,Recovered / Fixed,SFP inserted or port restored this week
PTT01002G01,ZTE,C300,,gpon_1/5/8,up,2.4,nan,PTT01X0M024,Recovered / Fixed,SFP inserted or port restored this week
PTT01002G01,ZTE,C300,,gpon_1/5/9,up,2.4,nan,PTT01X0M029,Recovered / Fixed,SFP inserted or port restored this week
PTT01002G01,ZTE,C300,,gpon_1/6/1,up,2.4,nan,PTT01X0M03D,Recovered / Fixed,SFP inserted or port restored this week
PTT01002G01,ZTE,C300,,gpon_1/6/10,up,2.4,nan,PTT01X0M02T,Recovered / Fixed,SFP inserted or port restored this week
PTT01002G01,ZTE,C300,,gpon_1/6/11,up,2.4,nan,PTT01X0M00B,Recovered / Fixed,SFP inserted or port restored this week
PTT01002G01,ZTE,C300,,gpon_1/6/12,up,2.4,nan,NTB06X1Q5S9,Recovered / Fixed,SFP inserted or port restored this week
PTT01002G01,ZTE,C300,,gpon_1/6/14,up,2.4,nan,NTB06X0M099,Recovered / Fixed,SFP inserted or port restored this week
PTT01002G01,ZTE,C300,,gpon_1/6/16,up,2.4,nan,NTB06X0M095,Recovered / Fixed,SFP inserted or port restored this week
PTT01002G01,ZTE,C300,,gpon_1/6/2,up,2.4,nan,PTT01X0M03I,Recovered / Fixed,SFP inserted or port restored this week
PTT01002G01,ZTE,C300,,gpon_1/6/3,up,2.4,nan,PTT01X0M03M,Recovered / Fixed,SFP inserted or port restored this week
PTT01002G01,ZTE,C300,,gpon_1/6/5,up,2.4,nan,PTT01X0M03W,Recovered / Fixed,SFP inserted or port restored this week
PTT01002G01,ZTE,C300,,gpon_1/6/6,up,2.4,nan,PTT01X0M041,Recovered / Fixed,SFP inserted or port restored this week
PTT01002G01,ZTE,C300,,gpon_1/6/7,up,2.4,nan,PTT01X0M046,Recovered / Fixed,SFP inserted or port restored this week
PTT01002G01,ZTE,C300,,gpon_1/6/8,up,2.4,nan,NTB06X0M04B,Recovered / Fixed,SFP inserted or port restored this week
PTT01002G01,ZTE,C300,,gpon_1/6/9,up,2.4,nan,NTB06X0M04G,Recovered / Fixed,SFP inserted or port restored this week
PTT01002G01,ZTE,C300,,gpon_1/7/1,up,2.4,nan,PTT01X0A09M,Recovered / Fixed,SFP inserted or port restored this week
PTT01002G01,ZTE,C300,,gpon_1/7/10,up,2.4,nan,PTT01X0802Q,Recovered / Fixed,SFP inserted or port restored this week
PTT01002G01,ZTE,C300,,gpon_1/7/11,up,2.4,nan,PTT01X0802V,Recovered / Fixed,SFP inserted or port restored this week
PTT01002G01,ZTE,C300,,gpon_1/7/12,up,2.4,nan,PTT01X0I03N,Recovered / Fixed,SFP inserted or port restored this week
PTT01002G01,ZTE,C300,,gpon_1/7/13,up,2.4,nan,PTT01X0I02Q,Recovered / Fixed,SFP inserted or port restored this week
PTT01002G01,ZTE,C300,,gpon_1/7/14,up,2.4,nan,PTT01X0I02V,Recovered / Fixed,SFP inserted or port restored this week
PTT01002G01,ZTE,C300,,gpon_1/7/15,up,2.4,nan,NTB06X2GFX9,Recovered / Fixed,SFP inserted or port restored this week
PTT01002G01,ZTE,C300,,gpon_1/7/16,up,2.4,nan,PTT01X0I02L,Recovered / Fixed,SFP inserted or port restored this week
PTT01002G01,ZTE,C300,,gpon_1/7/2,up,2.4,nan,PTT01X0A09R,Recovered / Fixed,SFP inserted or port restored this week
PTT01002G01,ZTE,C300,,gpon_1/7/6,up,2.4,nan,PTT01X0802G,Recovered / Fixed,SFP inserted or port restored this week
PTT01002G01,ZTE,C300,,gpon_1/7/7,up,2.4,nan,PTT01X0802L,Recovered / Fixed,SFP inserted or port restored this week
PTT01002G01,ZTE,C300,,gpon_1/7/8,up,2.4,nan,NTB06X1BU7W,Recovered / Fixed,SFP inserted or port restored this week
PTT01002G01,ZTE,C300,,gpon_1/7/9,up,2.4,nan,NTB06X1BU7Z,Recovered / Fixed,SFP inserted or port restored this week
PTT01002G01,ZTE,C300,,gpon_1/8/10,up,2.4,nan,PTT01X1JHMI,Recovered / Fixed,SFP inserted or port restored this week
PTT01002G01,ZTE,C300,,gpon_1/8/12,up,2.4,nan,PTT01X1JHI6,Recovered / Fixed,SFP inserted or port restored this week
PTT01002G01,ZTE,C300,,gpon_1/8/13,down,2.4,nan,PTT01X1JGAE,Recovered / Fixed,SFP inserted or port restored this week
PTT01002G01,ZTE,C300,,gpon_1/8/14,up,2.4,nan,PTT01X1JG2B,Recovered / Fixed,SFP inserted or port restored this week
PTT01002G01,ZTE,C300,,gpon_1/8/15,up,2.4,nan,PTT01X1JF57,Recovered / Fixed,SFP inserted or port restored this week
PTT01002G01,ZTE,C300,,gpon_1/8/16,up,2.4,nan,PTT01X1JF5L,Recovered / Fixed,SFP inserted or port restored this week
PTT01002G01,ZTE,C300,,gpon_1/8/2,up,2.4,nan,PTT01X1D4XA,Recovered / Fixed,SFP inserted or port restored this week
PTT01002G01,ZTE,C300,,gpon_1/8/4,up,2.4,nan,NTB06X1JUJV,Recovered / Fixed,SFP inserted or port restored this week
PTT01002G01,ZTE,C300,,gpon_1/8/5,up,2.4,nan,NTB06X1JUJY,Recovered / Fixed,SFP inserted or port restored this week
PTT01002G01,ZTE,C300,,gpon_1/8/8,up,2.4,nan,PTT01X1JHKE,Recovered / Fixed,SFP inserted or port restored this week
PTT01002G01,ZTE,C300,,gpon_1/8/9,up,2.4,nan,PTT01X1JHM1,Recovered / Fixed,SFP inserted or port restored this week
PTT01002G01,ZTE,C300,,gpon_1/9/1,up,2.4,nan,PTT01X1JHOG,Recovered / Fixed,SFP inserted or port restored this week
PTT01002G01,ZTE,C300,,gpon_1/9/11,up,2.4,nan,PTT01X1KIY5,Recovered / Fixed,SFP inserted or port restored this week
PTT01002G01,ZTE,C300,,gpon_1/9/12,up,2.4,nan,PTT01X1KIXF,Recovered / Fixed,SFP inserted or port restored this week
PTT01002G01,ZTE,C300,,gpon_1/9/13,up,2.4,nan,PTT01X1KIXN,Recovered / Fixed,SFP inserted or port restored this week
PTT01002G01,ZTE,C300,,gpon_1/9/14,up,2.4,nan,PTT01X1KIYF,Recovered / Fixed,SFP inserted or port restored this week
PTT01002G01,ZTE,C300,,gpon_1/9/15,up,2.4,nan,PTT01X1KKAR,Recovered / Fixed,SFP inserted or port restored this week
PTT01002G01,ZTE,C300,,gpon_1/9/16,up,2.4,nan,PTT01X1KIYN,Recovered / Fixed,SFP inserted or port restored this week
PTT01002G01,ZTE,C300,,gpon_1/9/2,up,2.4,nan,PTT01X1JHOH,Recovered / Fixed,SFP inserted or port restored this week
PTT01002G01,ZTE,C300,,gpon_1/9/3,up,2.4,nan,PTT01X1JHOS,Recovered / Fixed,SFP inserted or port restored this week
PTT01002G01,ZTE,C300,,gpon_1/9/8,up,2.4,nan,PTT01X1KIWB,Recovered / Fixed,SFP inserted or port restored this week
PTT01004GO0,ZTE,C320,,gpon_1/1/4,up,2.4,nan,PTT01X0702G,Recovered / Fixed,SFP inserted or port restored this week
PTT01004GO0,ZTE,C320,,gpon_1/2/7,up,2.4,nan,PTT01X0704S,Recovered / Fixed,SFP inserted or port restored this week
PTT01004GO0,ZTE,C320,,gpon_1/2/9,up,2.4,nan,PTT01X07050,Recovered / Fixed,SFP inserted or port restored this week
PTT01005GO0,ZTE,C320,,gpon_1/1/15,up,2.4,nan,PTT01X0706Q,Recovered / Fixed,SFP inserted or port restored this week
PTT01005GO0,ZTE,C320,,gpon_1/1/9,up,2.4,nan,PTT01X07067,Recovered / Fixed,SFP inserted or port restored this week
PTT01014GO0,ZTE,C320,,gpon_1/1/6,up,2.4,nan,PTT07X1L1EI,Recovered / Fixed,SFP inserted or port restored this week
PTT01022GO0,Fiberhome,AN5516-04,,PON 2/3,up,2.4,nan,PTT01X2H0XN,Recovered / Fixed,SFP inserted or port restored this week
PTT01022GO0,Fiberhome,AN5516-04,,PON 2/8,up,2.4,nan,PTT01X2ZLVT,Recovered / Fixed,SFP inserted or port restored this week
PTT01031GO0,ZTE,C320,,gpon_1/2/8,up,2.4,nan,PTT01X35L5T,Recovered / Fixed,SFP inserted or port restored this week
PTT02001G00,ZTE,C300,,gpon_1/17/8,up,2.4,nan,PTT02X1ZXBZ,Recovered / Fixed,SFP inserted or port restored this week
PTT02001G00,ZTE,C300,,gpon_1/18/2,up,2.4,nan,PTT02X37ZCG,Recovered / Fixed,SFP inserted or port restored this week
PTT02001G01,ZTE,C300,,gpon_1/13/16,up,2.4,nan,PTT02X2X1W8,Recovered / Fixed,SFP inserted or port restored this week
PTT02001G01,ZTE,C300,,gpon_1/14/1,up,2.4,nan,PTT02X2ZG9W,Recovered / Fixed,SFP inserted or port restored this week
PTT02001G01,ZTE,C300,,gpon_1/14/10,up,2.4,nan,PTT02X2ZEOL,Recovered / Fixed,SFP inserted or port restored this week
PTT02001G01,ZTE,C300,,gpon_1/14/11,up,2.4,nan,PTT02X31NR1,Recovered / Fixed,SFP inserted or port restored this week
PTT02001G01,ZTE,C300,,gpon_1/14/12,up,2.4,nan,PTT02X31NR6,Recovered / Fixed,SFP inserted or port restored this week
PTT02001G01,ZTE,C300,,gpon_1/14/13,up,2.4,nan,PTT02X31NRB,Recovered / Fixed,SFP inserted or port restored this week
PTT02001G01,ZTE,C300,,gpon_1/14/14,up,2.4,nan,PTT02X31NRG,Recovered / Fixed,SFP inserted or port restored this week
PTT02001G01,ZTE,C300,,gpon_1/14/15,up,2.4,nan,PTT02X33GG6,Recovered / Fixed,SFP inserted or port restored this week
PTT02001G01,ZTE,C300,,gpon_1/14/2,up,2.4,nan,PTT02X2ZGA6,Recovered / Fixed,SFP inserted or port restored this week
PTT02001G01,ZTE,C300,,gpon_1/14/3,up,2.4,nan,PTT02X2ZGA7,Recovered / Fixed,SFP inserted or port restored this week
PTT02001G01,ZTE,C300,,gpon_1/14/4,up,2.4,nan,PTT02X2ZGA8,Recovered / Fixed,SFP inserted or port restored this week
PTT02001G01,ZTE,C300,,gpon_1/14/5,up,2.4,nan,PTT02X2ZEO1,Recovered / Fixed,SFP inserted or port restored this week
PTT02001G01,ZTE,C300,,gpon_1/14/6,down,2.4,nan,PTT02X2ZEO6,Recovered / Fixed,SFP inserted or port restored this week
PTT02001G01,ZTE,C300,,gpon_1/14/7,up,2.4,nan,PTT02X2ZEOB,Recovered / Fixed,SFP inserted or port restored this week
PTT02001G01,ZTE,C300,,gpon_1/14/8,up,2.4,nan,PTT02X35D51,Recovered / Fixed,SFP inserted or port restored this week
PTT02001G01,ZTE,C300,,gpon_1/14/9,up,2.4,nan,PTT02X2ZEOG,Recovered / Fixed,SFP inserted or port restored this week
PTT02001G01,ZTE,C300,,gpon_1/16/1,up,2.4,nan,PTT02X37Z0Z,Recovered / Fixed,SFP inserted or port restored this week
PTT02001G01,ZTE,C300,,gpon_1/16/10,up,2.4,nan,PTT02X3EDE6,Recovered / Fixed,SFP inserted or port restored this week
PTT02001G01,ZTE,C300,,gpon_1/16/11,up,2.4,nan,PTT02X3EDEB,Recovered / Fixed,SFP inserted or port restored this week
PTT02001G01,ZTE,C300,,gpon_1/16/12,up,2.4,nan,PTT02X3EDEG,Recovered / Fixed,SFP inserted or port restored this week
PTT02001G01,ZTE,C300,,gpon_1/16/13,up,2.4,nan,PTT02X3EDEL,Recovered / Fixed,SFP inserted or port restored this week
PTT02001G01,ZTE,C300,,gpon_1/16/14,up,2.4,nan,PTT02X3HJV5,Recovered / Fixed,SFP inserted or port restored this week
PTT02001G01,ZTE,C300,,gpon_1/16/15,down,2.4,nan,PTT02X3HJV8,Recovered / Fixed,SFP inserted or port restored this week
PTT02001G01,ZTE,C300,,gpon_1/16/16,up,2.4,nan,PTT02X3HJVB,Recovered / Fixed,SFP inserted or port restored this week
PTT02001G01,ZTE,C300,,gpon_1/16/2,up,2.4,nan,PTT02X39P2T,Recovered / Fixed,SFP inserted or port restored this week
PTT02001G01,ZTE,C300,,gpon_1/16/4,up,2.4,nan,PTT02X39P3R,Recovered / Fixed,SFP inserted or port restored this week
PTT02001G01,ZTE,C300,,gpon_1/16/5,up,2.4,nan,PTT02X39P4B,Recovered / Fixed,SFP inserted or port restored this week
PTT02001G01,ZTE,C300,,gpon_1/16/6,up,2.4,nan,PTT02X3A0E1,Recovered / Fixed,SFP inserted or port restored this week
PTT02001G01,ZTE,C300,,gpon_1/16/7,up,2.4,nan,PTT02X3A0GP,Recovered / Fixed,SFP inserted or port restored this week
PTT02001G01,ZTE,C300,,gpon_1/16/9,up,2.4,nan,PTT02X3C9S0,Recovered / Fixed,SFP inserted or port restored this week
PTT02001G01,ZTE,C300,,gpon_1/17/10,up,2.4,nan,PTT02X3J970,Recovered / Fixed,SFP inserted or port restored this week
PTT02001G01,ZTE,C300,,gpon_1/17/13,up,2.4,nan,PTT02X3KLC5,Recovered / Fixed,SFP inserted or port restored this week
PTT02001G01,ZTE,C300,,gpon_1/17/14,up,2.4,nan,PTT02X3N1HQ,Recovered / Fixed,SFP inserted or port restored this week
PTT02001G01,ZTE,C300,,gpon_1/17/15,up,2.4,nan,PTT02X3N5YB,Recovered / Fixed,SFP inserted or port restored this week
PTT02001G01,ZTE,C300,,gpon_1/17/16,up,2.4,nan,PTT02X3N5YP,Recovered / Fixed,SFP inserted or port restored this week
PTT02001G01,ZTE,C300,,gpon_1/17/3,up,2.4,nan,PTT02X3HTTB,Recovered / Fixed,SFP inserted or port restored this week
PTT02001G01,ZTE,C300,,gpon_1/17/5,up,2.4,nan,PTT02X3IKWF,Recovered / Fixed,SFP inserted or port restored this week
PTT02001G01,ZTE,C300,,gpon_1/17/6,up,2.4,nan,PTT02X3IKTO,Recovered / Fixed,SFP inserted or port restored this week
PTT02001G01,ZTE,C300,,gpon_1/17/7,down,2.4,nan,PTT02X3IHH8,Recovered / Fixed,SFP inserted or port restored this week
PTT02001G01,ZTE,C300,,gpon_1/17/8,up,2.4,nan,PTT02X3IHH7,Recovered / Fixed,SFP inserted or port restored this week
PTT02001G01,ZTE,C300,,gpon_1/17/9,up,2.4,nan,PTT02X3IHH9,Recovered / Fixed,SFP inserted or port restored this week
PTT02001G01,ZTE,C300,,gpon_1/5/16,up,2.4,nan,PTT02X2H4PW,Recovered / Fixed,SFP inserted or port restored this week
PTT02001G01,ZTE,C300,,gpon_1/5/2,up,2.4,nan,PTT02X2E682,Recovered / Fixed,SFP inserted or port restored this week
PTT02001G01,ZTE,C300,,gpon_1/6/1,up,2.4,nan,PTT02X2H4Q1,Recovered / Fixed,SFP inserted or port restored this week
PTT02001G01,ZTE,C300,,gpon_1/7/14,up,2.4,nan,PTT02X2I9OV,Recovered / Fixed,SFP inserted or port restored this week
PTT02001G01,ZTE,C300,,gpon_1/7/4,up,2.4,nan,PTT02X279YT,Recovered / Fixed,SFP inserted or port restored this week
PTT02001G01,ZTE,C300,,gpon_1/9/13,up,2.4,nan,PTT02X2N2EL,Recovered / Fixed,SFP inserted or port restored this week
PTT02001G01,ZTE,C300,,gpon_1/9/6,up,2.4,nan,PTT02X2JU03,Recovered / Fixed,SFP inserted or port restored this week
PTT02001G01,ZTE,C300,,gpon_1/9/9,up,2.4,nan,PTT02X2JHET,Recovered / Fixed,SFP inserted or port restored this week
PTT02002G00,ZTE,C300,,gpon_1/12/16,up,2.4,nan,PTT02X06030,Recovered / Fixed,SFP inserted or port restored this week
PTT02002G00,ZTE,C300,,gpon_1/12/5,up,2.4,nan,PTT02X0601C,Recovered / Fixed,SFP inserted or port restored this week
PTT02002G00,ZTE,C300,,gpon_1/12/6,up,2.4,nan,PTT02X0601H,Recovered / Fixed,SFP inserted or port restored this week
PTT02002G00,ZTE,C300,,gpon_1/12/7,up,2.4,nan,PTT02X0601K,Recovered / Fixed,SFP inserted or port restored this week
PTT02002G00,ZTE,C300,,gpon_1/13/11,up,2.4,nan,PTT02X06046,Recovered / Fixed,SFP inserted or port restored this week
PTT02002G00,ZTE,C300,,gpon_1/13/14,up,2.4,nan,PTT02X0604L,Recovered / Fixed,SFP inserted or port restored this week
PTT02002G00,ZTE,C300,,gpon_1/13/15,up,2.4,nan,PTT02X0604Q,Recovered / Fixed,SFP inserted or port restored this week
PTT02002G00,ZTE,C300,,gpon_1/13/16,up,2.4,nan,PTT02X0604V,Recovered / Fixed,SFP inserted or port restored this week
PTT02002G00,ZTE,C300,,gpon_1/13/2,up,2.4,nan,PTT02X0602R,Recovered / Fixed,SFP inserted or port restored this week
PTT02002G00,ZTE,C300,,gpon_1/13/3,up,2.4,nan,PTT02X0602C,Recovered / Fixed,SFP inserted or port restored this week
PTT02002G00,ZTE,C300,,gpon_1/13/4,up,2.4,nan,PTT02X0602H,Recovered / Fixed,SFP inserted or port restored this week
PTT02002G00,ZTE,C300,,gpon_1/13/5,up,2.4,nan,PTT02X06027,Recovered / Fixed,SFP inserted or port restored this week
PTT02002G00,ZTE,C300,,gpon_1/13/6,up,2.4,nan,PTT02X0601Y,Recovered / Fixed,SFP inserted or port restored this week
PTT02002G00,ZTE,C300,,gpon_1/13/8,up,2.4,nan,PTT02X0603R,Recovered / Fixed,SFP inserted or port restored this week
PTT02002G00,ZTE,C300,,gpon_1/13/9,up,2.4,nan,PTT02X0603W,Recovered / Fixed,SFP inserted or port restored this week
PTT02002G00,ZTE,C300,,gpon_1/14/1,up,2.4,nan,PTT02X06050,Recovered / Fixed,SFP inserted or port restored this week
PTT02002G00,ZTE,C300,,gpon_1/14/12,up,2.4,nan,PTT02X0606T,Recovered / Fixed,SFP inserted or port restored this week
PTT02002G00,ZTE,C300,,gpon_1/14/13,up,2.4,nan,PTT02X06061,Recovered / Fixed,SFP inserted or port restored this week
PTT02002G00,ZTE,C300,,gpon_1/14/14,up,2.4,nan,PTT02X06066,Recovered / Fixed,SFP inserted or port restored this week
PTT02002G00,ZTE,C300,,gpon_1/14/15,up,2.4,nan,PTT02X0605W,Recovered / Fixed,SFP inserted or port restored this week
PTT02002G00,ZTE,C300,,gpon_1/14/16,up,2.4,nan,PTT02X06078,Recovered / Fixed,SFP inserted or port restored this week
PTT02002G00,ZTE,C300,,gpon_1/14/2,up,2.4,nan,PTT02X06053,Recovered / Fixed,SFP inserted or port restored this week
PTT02002G00,ZTE,C300,,gpon_1/14/3,up,2.4,nan,PTT02X0605D,Recovered / Fixed,SFP inserted or port restored this week
PTT02002G00,ZTE,C300,,gpon_1/14/4,up,2.4,nan,PTT02X0605H,Recovered / Fixed,SFP inserted or port restored this week
PTT02002G00,ZTE,C300,,gpon_1/14/5,up,2.4,nan,PTT02X06058,Recovered / Fixed,SFP inserted or port restored this week
PTT02002G00,ZTE,C300,,gpon_1/14/6,up,2.4,nan,PTT02X0605M,Recovered / Fixed,SFP inserted or port restored this week
PTT02002G00,ZTE,C300,,gpon_1/14/9,up,2.4,nan,PTT02X0606B,Recovered / Fixed,SFP inserted or port restored this week
PTT02002G00,ZTE,C300,,gpon_1/15/1,up,2.4,nan,PTT02X0607D,Recovered / Fixed,SFP inserted or port restored this week
PTT02002G00,ZTE,C300,,gpon_1/15/11,up,2.4,nan,PTT02X0608H,Recovered / Fixed,SFP inserted or port restored this week
PTT02002G00,ZTE,C300,,gpon_1/15/12,up,2.4,nan,PTT02X0608M,Recovered / Fixed,SFP inserted or port restored this week
PTT02002G00,ZTE,C300,,gpon_1/15/13,up,2.4,nan,PTT02X0608R,Recovered / Fixed,SFP inserted or port restored this week
PTT02002G00,ZTE,C300,,gpon_1/15/14,up,2.4,nan,PTT02X0608W,Recovered / Fixed,SFP inserted or port restored this week
PTT02002G00,ZTE,C300,,gpon_1/15/2,up,2.4,nan,PTT02X0606Y,Recovered / Fixed,SFP inserted or port restored this week
PTT02002G00,ZTE,C300,,gpon_1/15/4,up,2.4,nan,PTT02X0607S,Recovered / Fixed,SFP inserted or port restored this week
PTT02002G00,ZTE,C300,,gpon_1/15/5,up,2.4,nan,PTT02X0607X,Recovered / Fixed,SFP inserted or port restored this week
PTT02002G00,ZTE,C300,,gpon_1/15/6,up,2.4,nan,PTT02X06087,Recovered / Fixed,SFP inserted or port restored this week
PTT02002G00,ZTE,C300,,gpon_1/15/7,up,2.4,nan,PTT02X0608C,Recovered / Fixed,SFP inserted or port restored this week
PTT02002G00,ZTE,C300,,gpon_1/15/9,up,2.4,nan,PTT02X0607I,Recovered / Fixed,SFP inserted or port restored this week
PTT02002G00,ZTE,C300,,gpon_1/17/1,up,2.4,nan,PTT02X1RYG3,Recovered / Fixed,SFP inserted or port restored this week
PTT02002G00,ZTE,C300,,gpon_1/17/10,up,2.4,nan,PTT02X1O2TA,Recovered / Fixed,SFP inserted or port restored this week
PTT02002G00,ZTE,C300,,gpon_1/17/8,up,2.4,nan,PTT02X1O2S2,Recovered / Fixed,SFP inserted or port restored this week
PTT02002G00,ZTE,C300,,gpon_1/17/9,up,2.4,nan,PTT02X1O2S3,Recovered / Fixed,SFP inserted or port restored this week
PTT02002G00,ZTE,C300,,gpon_1/4/3,up,2.4,nan,PTT02X0300N,Recovered / Fixed,SFP inserted or port restored this week
PTT02002G00,ZTE,C300,,gpon_1/6/1,up,2.4,nan,PTT02X1MZN2,Recovered / Fixed,SFP inserted or port restored this week
PTT02002G00,ZTE,C300,,gpon_1/6/10,up,2.4,nan,PTT02X1MZTT,Recovered / Fixed,SFP inserted or port restored this week
PTT02002G00,ZTE,C300,,gpon_1/6/11,up,2.4,nan,PTT02X1MZST,Recovered / Fixed,SFP inserted or port restored this week
PTT02002G00,ZTE,C300,,gpon_1/6/13,up,2.4,nan,PTT02X1LS3E,Recovered / Fixed,SFP inserted or port restored this week
PTT02002G00,ZTE,C300,,gpon_1/6/15,up,2.4,nan,PTT02X1LS2U,Recovered / Fixed,SFP inserted or port restored this week
PTT02002G00,ZTE,C300,,gpon_1/6/2,up,2.4,nan,PTT02X1MWA8,Recovered / Fixed,SFP inserted or port restored this week
PTT02002G00,ZTE,C300,,gpon_1/6/3,up,2.4,nan,PTT02X1MWAD,Recovered / Fixed,SFP inserted or port restored this week
PTT02002G00,ZTE,C300,,gpon_1/6/4,up,2.4,nan,PTT02X1MZNK,Recovered / Fixed,SFP inserted or port restored this week
PTT02002G00,ZTE,C300,,gpon_1/6/5,up,2.4,nan,PTT02X1MZNL,Recovered / Fixed,SFP inserted or port restored this week
PTT02002G00,ZTE,C300,,gpon_1/6/6,up,2.4,nan,PTT02X1MZNP,Recovered / Fixed,SFP inserted or port restored this week
PTT02002G00,ZTE,C300,,gpon_1/6/7,up,2.4,nan,PTT02X1MZPQ,Recovered / Fixed,SFP inserted or port restored this week
PTT02002G00,ZTE,C300,,gpon_1/6/8,up,2.4,nan,PTT02X1MWCW,Recovered / Fixed,SFP inserted or port restored this week
PTT02002G00,ZTE,C300,,gpon_1/6/9,up,2.4,nan,PTT02X1MZTQ,Recovered / Fixed,SFP inserted or port restored this week
PTT02002G00,ZTE,C300,,gpon_1/7/3,up,2.4,nan,PTT02X1LSGU,Recovered / Fixed,SFP inserted or port restored this week
PTT02002G00,ZTE,C300,,gpon_1/7/4,up,2.4,nan,PTT02X1LS9V,Recovered / Fixed,SFP inserted or port restored this week
PTT02002G00,ZTE,C300,,gpon_1/7/5,up,2.4,nan,PTT02X1LS9Z,Recovered / Fixed,SFP inserted or port restored this week
PTT02002G00,ZTE,C300,,gpon_1/7/6,up,2.4,nan,PTT02X1LSLK,Recovered / Fixed,SFP inserted or port restored this week
PTT02002G00,ZTE,C300,,gpon_1/7/7,up,2.4,nan,PTT02X1LSLL,Recovered / Fixed,SFP inserted or port restored this week
PTT02002G00,ZTE,C300,,gpon_1/7/8,down,2.4,nan,PTT02X1LSO0,Recovered / Fixed,SFP inserted or port restored this week
PTT02002G00,ZTE,C300,,gpon_1/8/10,down,2.4,nan,PTT02X1PLV7,Recovered / Fixed,SFP inserted or port restored this week
PTT02002G00,ZTE,C300,,gpon_1/8/11,up,2.4,nan,PTT02X1PLW1,Recovered / Fixed,SFP inserted or port restored this week
PTT02002G00,ZTE,C300,,gpon_1/8/12,up,2.4,nan,PTT02X1PLY3,Recovered / Fixed,SFP inserted or port restored this week
PTT02002G00,ZTE,C300,,gpon_1/8/13,up,2.4,nan,PTT02X1NKTP,Recovered / Fixed,SFP inserted or port restored this week
PTT02002G00,ZTE,C300,,gpon_1/8/14,up,2.4,nan,PTT02X1NKY3,Recovered / Fixed,SFP inserted or port restored this week
PTT02002G00,ZTE,C300,,gpon_1/8/15,up,2.4,nan,PTT02X1NL5H,Recovered / Fixed,SFP inserted or port restored this week
PTT02002G00,ZTE,C300,,gpon_1/8/16,up,2.4,nan,PTT02X1NLAU,Recovered / Fixed,SFP inserted or port restored this week
PTT02002G00,ZTE,C300,,gpon_1/8/9,up,2.4,nan,PTT02X1PLWL,Recovered / Fixed,SFP inserted or port restored this week
PTT02002G00,ZTE,C300,,gpon_1/9/1,up,2.4,nan,PTT02X1NLFI,Recovered / Fixed,SFP inserted or port restored this week
PTT02002G00,ZTE,C300,,gpon_1/9/13,up,2.4,nan,PTT02X0600G,Recovered / Fixed,SFP inserted or port restored this week
PTT02002G00,ZTE,C300,,gpon_1/9/15,up,2.4,nan,PTT02X0600O,Recovered / Fixed,SFP inserted or port restored this week
PTT02002G00,ZTE,C300,,gpon_1/9/16,up,2.4,nan,PTT02X0600T,Recovered / Fixed,SFP inserted or port restored this week
PTT02002G00,ZTE,C300,,gpon_1/9/2,up,2.4,nan,PTT02X1NLHC,Recovered / Fixed,SFP inserted or port restored this week
PTT02002G00,ZTE,C300,,gpon_1/9/3,up,2.4,nan,PTT02X1NLKU,Recovered / Fixed,SFP inserted or port restored this week
PTT02002G00,ZTE,C300,,gpon_1/9/4,up,2.4,nan,PTT02X1NLNF,Recovered / Fixed,SFP inserted or port restored this week
PTT02002G00,ZTE,C300,,gpon_1/9/5,up,2.4,nan,PTT02X1NLNG,Recovered / Fixed,SFP inserted or port restored this week
PTT02002G00,ZTE,C300,,gpon_1/9/6,up,2.4,nan,PTT02X1NLQD,Recovered / Fixed,SFP inserted or port restored this week
PTT02002G00,ZTE,C300,,gpon_1/9/7,up,2.4,nan,PTT02X1NLQE,Recovered / Fixed,SFP inserted or port restored this week
PTT02002G00,ZTE,C300,,gpon_1/9/8,up,2.4,nan,PTT02X1NLTH,Recovered / Fixed,SFP inserted or port restored this week
PTT02002G00,ZTE,C300,,gpon_1/9/9,up,2.4,nan,PTT02X1NLX4,Recovered / Fixed,SFP inserted or port restored this week
PTT02002G01,ZTE,C300,,gpon_1/17/1,up,2.4,nan,PTT02X267P6,Recovered / Fixed,SFP inserted or port restored this week
PTT02002G01,ZTE,C300,,gpon_1/9/1,down,2.4,nan,PTT02X1DAVV,Recovered / Fixed,SFP inserted or port restored this week
PTT02002G02,ZTE,C300,,gpon_1/2/1,up,2.4,nan,PTT02X265CD,Recovered / Fixed,SFP inserted or port restored this week
PTT02002G02,ZTE,C300,,gpon_1/2/2,up,2.4,nan,PTT02X265CE,Recovered / Fixed,SFP inserted or port restored this week
PTT02002G02,ZTE,C300,,gpon_1/2/3,up,2.4,nan,PTT02X265H5,Recovered / Fixed,SFP inserted or port restored this week
PTT02002G02,ZTE,C300,,gpon_1/2/4,up,2.4,nan,PTT02X265GS,Recovered / Fixed,SFP inserted or port restored this week
PTT02002G02,ZTE,C300,,gpon_1/2/5,up,2.4,nan,PTT02X265GT,Recovered / Fixed,SFP inserted or port restored this week
PTT02002G02,ZTE,C300,,gpon_1/2/6,up,2.4,nan,PTT02X265C8,Recovered / Fixed,SFP inserted or port restored this week
PTT02002G02,ZTE,C300,,gpon_1/2/7,up,2.4,nan,PTT02X265GZ,Recovered / Fixed,SFP inserted or port restored this week
PTT02002G02,ZTE,C300,,gpon_1/2/8,up,2.4,nan,PTT02X265H0,Recovered / Fixed,SFP inserted or port restored this week
PTT02002G02,ZTE,C300,,gpon_1/4/10,up,2.4,nan,PTT02X2BD52,Recovered / Fixed,SFP inserted or port restored this week
PTT02002G02,ZTE,C300,,gpon_1/4/16,up,2.4,nan,PTT02X2EX50,Recovered / Fixed,SFP inserted or port restored this week
PTT02002G02,ZTE,C300,,gpon_1/4/3,up,2.4,nan,PTT02X265EE,Recovered / Fixed,SFP inserted or port restored this week
PTT02002G02,ZTE,C300,,gpon_1/4/4,up,2.4,nan,PTT02X265EX,Recovered / Fixed,SFP inserted or port restored this week
PTT02002G02,ZTE,C300,,gpon_1/4/5,up,2.4,nan,PTT02X265EY,Recovered / Fixed,SFP inserted or port restored this week
PTT02002G02,ZTE,C300,,gpon_1/4/7,up,2.4,nan,PTT02X264RG,Recovered / Fixed,SFP inserted or port restored this week
PTT02002G02,ZTE,C300,,gpon_1/4/8,up,2.4,nan,PTT02X2827Z,Recovered / Fixed,SFP inserted or port restored this week
PTT02002G02,ZTE,C300,,gpon_1/5/11,up,2.4,nan,PTT02X2I1MV,Recovered / Fixed,SFP inserted or port restored this week
PTT02002G02,ZTE,C300,,gpon_1/5/15,up,2.4,nan,PTT02X2X1ZY,Recovered / Fixed,SFP inserted or port restored this week
PTT02002G02,ZTE,C300,,gpon_1/5/4,up,2.4,nan,PTT02X2I19E,Recovered / Fixed,SFP inserted or port restored this week
PTT02002G02,ZTE,C300,,gpon_1/5/8,up,2.4,nan,PTT02X2I1MO,Recovered / Fixed,SFP inserted or port restored this week
PTT02014GO1,ZTE,C320,,gpon_1/2/12,up,2.4,nan,PTT02X1SR89,Recovered / Fixed,SFP inserted or port restored this week
PTT02033GO0,ZTE,C320,,gpon_1/2/2,up,2.4,nan,PTT02X36NF4,Recovered / Fixed,SFP inserted or port restored this week
PTT02033GO0,ZTE,C320,,gpon_1/2/4,up,2.4,nan,PTT02X3A0T2,Recovered / Fixed,SFP inserted or port restored this week
PTT02033GO0,ZTE,C320,,gpon_1/2/5,up,2.4,nan,PTT02X3A0U9,Recovered / Fixed,SFP inserted or port restored this week
PTT02033GO0,ZTE,C320,,gpon_1/2/6,up,2.4,nan,PTT02X3A0ZF,Recovered / Fixed,SFP inserted or port restored this week
PTT02033GO0,ZTE,C320,,gpon_1/2/8,up,2.4,nan,PTT02X3HINJ,Recovered / Fixed,SFP inserted or port restored this week
PTT02035GO0,ZTE,C320,,gpon_1/1/1,up,2.4,nan,PTT02X2LUYZ,Recovered / Fixed,SFP inserted or port restored this week
PTT03001G00,ZTE,C300,,gpon_1/12/1,up,2.4,nan,PTT03X3970O,Recovered / Fixed,SFP inserted or port restored this week
PTT03001G00,ZTE,C300,,gpon_1/12/10,up,2.4,nan,PTT03X18R75,Recovered / Fixed,SFP inserted or port restored this week
PTT03001G00,ZTE,C300,,gpon_1/12/11,up,2.4,nan,PTT03X18R6S,Recovered / Fixed,SFP inserted or port restored this week
PTT03001G00,ZTE,C300,,gpon_1/12/12,up,2.4,nan,PTT03X18R6T,Recovered / Fixed,SFP inserted or port restored this week
PTT03001G00,ZTE,C300,,gpon_1/12/14,up,2.4,nan,PTT03X18R4I,Recovered / Fixed,SFP inserted or port restored this week
PTT03001G00,ZTE,C300,,gpon_1/12/15,up,2.4,nan,PTT03X18R2W,Recovered / Fixed,SFP inserted or port restored this week
PTT03001G00,ZTE,C300,,gpon_1/12/16,up,2.4,nan,PTT03X18QZK,Recovered / Fixed,SFP inserted or port restored this week
PTT03001G00,ZTE,C300,,gpon_1/12/2,up,2.4,nan,PTT03X3BZUK,Recovered / Fixed,SFP inserted or port restored this week
PTT03001G00,ZTE,C300,,gpon_1/12/3,up,2.4,nan,PTT02X3D04M,Recovered / Fixed,SFP inserted or port restored this week
PTT03001G00,ZTE,C300,,gpon_1/12/5,up,2.4,nan,PTT02X3DUT0,Recovered / Fixed,SFP inserted or port restored this week
PTT03001G00,ZTE,C300,,gpon_1/12/7,up,2.4,nan,PTT03X3RGBI,Recovered / Fixed,SFP inserted or port restored this week
PTT03001G00,ZTE,C300,,gpon_1/12/8,up,2.4,nan,PTT03X18U6G,Recovered / Fixed,SFP inserted or port restored this week
PTT03001G00,ZTE,C300,,gpon_1/12/9,up,2.4,nan,PTT03X18U6J,Recovered / Fixed,SFP inserted or port restored this week
PTT03001G00,ZTE,C300,,gpon_1/13/1,up,2.4,nan,PTT03X18QUU,Recovered / Fixed,SFP inserted or port restored this week
PTT03001G00,ZTE,C300,,gpon_1/13/2,up,2.4,nan,PTT03X18QUX,Recovered / Fixed,SFP inserted or port restored this week
PTT03001G00,ZTE,C300,,gpon_1/13/5,up,2.4,nan,PTT03X18TIE,Recovered / Fixed,SFP inserted or port restored this week
PTT03001G00,ZTE,C300,,gpon_1/13/7,up,2.4,nan,PTT03X18RAK,Recovered / Fixed,SFP inserted or port restored this week
PTT03001G00,ZTE,C300,,gpon_1/14/1,up,2.4,nan,PTT03X18TE1,Recovered / Fixed,SFP inserted or port restored this week
PTT03001G00,ZTE,C300,,gpon_1/14/10,up,2.4,nan,PTT03X18TN9,Recovered / Fixed,SFP inserted or port restored this week
PTT03001G00,ZTE,C300,,gpon_1/14/11,up,2.4,nan,PTT03X18TMU,Recovered / Fixed,SFP inserted or port restored this week
PTT03001G00,ZTE,C300,,gpon_1/14/12,up,2.4,nan,PTT03X18SUE,Recovered / Fixed,SFP inserted or port restored this week
PTT03001G00,ZTE,C300,,gpon_1/14/13,up,2.4,nan,PTT03X18SUH,Recovered / Fixed,SFP inserted or port restored this week
PTT03001G00,ZTE,C300,,gpon_1/14/14,up,2.4,nan,PTT03X18TRP,Recovered / Fixed,SFP inserted or port restored this week
PTT03001G00,ZTE,C300,,gpon_1/14/15,up,2.4,nan,PTT03X18TRU,Recovered / Fixed,SFP inserted or port restored this week
PTT03001G00,ZTE,C300,,gpon_1/14/16,up,2.4,nan,PTT03X18SJH,Recovered / Fixed,SFP inserted or port restored this week
PTT03001G00,ZTE,C300,,gpon_1/14/2,up,2.4,nan,PTT03X18THS,Recovered / Fixed,SFP inserted or port restored this week
PTT03001G00,ZTE,C300,,gpon_1/14/3,up,2.4,nan,PTT03X18TB8,Recovered / Fixed,SFP inserted or port restored this week
PTT03001G00,ZTE,C300,,gpon_1/14/4,up,2.4,nan,PTT03X18TBC,Recovered / Fixed,SFP inserted or port restored this week
PTT03001G00,ZTE,C300,,gpon_1/14/5,up,2.4,nan,PTT03X18SMG,Recovered / Fixed,SFP inserted or port restored this week
PTT03001G00,ZTE,C300,,gpon_1/14/6,up,2.4,nan,PTT03X18SMJ,Recovered / Fixed,SFP inserted or port restored this week
PTT03001G00,ZTE,C300,,gpon_1/14/7,up,2.4,nan,PTT03X18SS5,Recovered / Fixed,SFP inserted or port restored this week
PTT03001G00,ZTE,C300,,gpon_1/14/8,up,2.4,nan,PTT03X18SS7,Recovered / Fixed,SFP inserted or port restored this week
PTT03001G00,ZTE,C300,,gpon_1/14/9,up,2.4,nan,PTT03X18TN6,Recovered / Fixed,SFP inserted or port restored this week
PTT03001G00,ZTE,C300,,gpon_1/15/1,up,2.4,nan,PTT03X18SJJ,Recovered / Fixed,SFP inserted or port restored this week
PTT03001G00,ZTE,C300,,gpon_1/15/10,up,2.4,nan,PTT03X18SMA,Recovered / Fixed,SFP inserted or port restored this week
PTT03001G00,ZTE,C300,,gpon_1/15/11,up,2.4,nan,PTT03X18RBU,Recovered / Fixed,SFP inserted or port restored this week
PTT03001G00,ZTE,C300,,gpon_1/15/12,up,2.4,nan,PTT03X18T9A,Recovered / Fixed,SFP inserted or port restored this week
PTT03001G00,ZTE,C300,,gpon_1/15/14,up,2.4,nan,PTT03X1P754,Recovered / Fixed,SFP inserted or port restored this week
PTT03001G00,ZTE,C300,,gpon_1/15/3,up,2.4,nan,PTT03X18TSX,Recovered / Fixed,SFP inserted or port restored this week
PTT03001G00,ZTE,C300,,gpon_1/15/4,up,2.4,nan,PTT03X1NLUO,Recovered / Fixed,SFP inserted or port restored this week
PTT03001G00,ZTE,C300,,gpon_1/15/5,up,2.4,nan,PTT03X18TSU,Recovered / Fixed,SFP inserted or port restored this week
PTT03001G00,ZTE,C300,,gpon_1/15/6,up,2.4,nan,PTT03X18R5Z,Recovered / Fixed,SFP inserted or port restored this week
PTT03001G00,ZTE,C300,,gpon_1/15/7,up,2.4,nan,PTT03X18SHP,Recovered / Fixed,SFP inserted or port restored this week
PTT03001G00,ZTE,C300,,gpon_1/15/8,up,2.4,nan,PTT03X18R7N,Recovered / Fixed,SFP inserted or port restored this week
PTT03001G00,ZTE,C300,,gpon_1/15/9,up,2.4,nan,PTT03X18SIL,Recovered / Fixed,SFP inserted or port restored this week
PTT03001G00,ZTE,C300,,gpon_1/16/1,up,2.4,nan,PTT03X1PKLG,Recovered / Fixed,SFP inserted or port restored this week
PTT03001G00,ZTE,C300,,gpon_1/16/10,up,2.4,nan,PTT03X18TWO,Recovered / Fixed,SFP inserted or port restored this week
PTT03001G00,ZTE,C300,,gpon_1/16/11,up,2.4,nan,PTT03X18TWS,Recovered / Fixed,SFP inserted or port restored this week
PTT03001G00,ZTE,C300,,gpon_1/16/12,up,2.4,nan,PTT03X18U4U,Recovered / Fixed,SFP inserted or port restored this week
PTT03001G00,ZTE,C300,,gpon_1/16/13,up,2.4,nan,PTT03X18U47,Recovered / Fixed,SFP inserted or port restored this week
PTT03001G00,ZTE,C300,,gpon_1/16/14,up,2.4,nan,PTT03X18U49,Recovered / Fixed,SFP inserted or port restored this week
PTT03001G00,ZTE,C300,,gpon_1/16/15,up,2.4,nan,PTT03X18UBS,Recovered / Fixed,SFP inserted or port restored this week
PTT03001G00,ZTE,C300,,gpon_1/16/16,up,2.4,nan,PTT03X18UBW,Recovered / Fixed,SFP inserted or port restored this week
PTT03001G00,ZTE,C300,,gpon_1/16/2,up,2.4,nan,PTT03X1PKLJ,Recovered / Fixed,SFP inserted or port restored this week
PTT03001G00,ZTE,C300,,gpon_1/16/3,up,2.4,nan,PTT03X1PKLK,Recovered / Fixed,SFP inserted or port restored this week
PTT03001G00,ZTE,C300,,gpon_1/16/4,up,2.4,nan,PTT03X1PKNM,Recovered / Fixed,SFP inserted or port restored this week
PTT03001G00,ZTE,C300,,gpon_1/16/5,up,2.4,nan,PTT03X1PKPV,Recovered / Fixed,SFP inserted or port restored this week
PTT03001G00,ZTE,C300,,gpon_1/16/6,up,2.4,nan,PTT03X1PKRO,Recovered / Fixed,SFP inserted or port restored this week
PTT03001G00,ZTE,C300,,gpon_1/16/8,up,2.4,nan,PTT03X1OBAD,Recovered / Fixed,SFP inserted or port restored this week
PTT03001G00,ZTE,C300,,gpon_1/16/9,up,2.4,nan,PTT03X1OBOF,Recovered / Fixed,SFP inserted or port restored this week
PTT03001G00,ZTE,C300,,gpon_1/17/1,up,2.4,nan,PTT03X18TQ8,Recovered / Fixed,SFP inserted or port restored this week
PTT03001G00,ZTE,C300,,gpon_1/17/10,up,2.4,nan,PTT03X1S1ST,Recovered / Fixed,SFP inserted or port restored this week
PTT03001G00,ZTE,C300,,gpon_1/17/11,up,2.4,nan,PTT03X1S1SV,Recovered / Fixed,SFP inserted or port restored this week
PTT03001G00,ZTE,C300,,gpon_1/17/12,up,2.4,nan,PTT03X1S1JP,Recovered / Fixed,SFP inserted or port restored this week
PTT03001G00,ZTE,C300,,gpon_1/17/13,up,2.4,nan,PTT03X1S1JQ,Recovered / Fixed,SFP inserted or port restored this week
PTT03001G00,ZTE,C300,,gpon_1/17/14,up,2.4,nan,PTT03X1S1JH,Recovered / Fixed,SFP inserted or port restored this week
PTT03001G00,ZTE,C300,,gpon_1/17/15,up,2.4,nan,PTT03X1S1JI,Recovered / Fixed,SFP inserted or port restored this week
PTT03001G00,ZTE,C300,,gpon_1/17/16,up,2.4,nan,PTT03X22T3N,Recovered / Fixed,SFP inserted or port restored this week
PTT03001G00,ZTE,C300,,gpon_1/17/2,up,2.4,nan,PTT03X18TQB,Recovered / Fixed,SFP inserted or port restored this week
PTT03001G00,ZTE,C300,,gpon_1/17/3,up,2.4,nan,PTT03X18TX2,Recovered / Fixed,SFP inserted or port restored this week
PTT03001G00,ZTE,C300,,gpon_1/17/4,up,2.4,nan,PTT03X18TX6,Recovered / Fixed,SFP inserted or port restored this week
PTT03001G00,ZTE,C300,,gpon_1/17/5,up,2.4,nan,PTT03X1T2HS,Recovered / Fixed,SFP inserted or port restored this week
PTT03001G00,ZTE,C300,,gpon_1/17/7,up,2.4,nan,PTT03X1W8P1,Recovered / Fixed,SFP inserted or port restored this week
PTT03001G00,ZTE,C300,,gpon_1/17/8,up,2.4,nan,PTT03X1T7FD,Recovered / Fixed,SFP inserted or port restored this week
PTT03001G00,ZTE,C300,,gpon_1/17/9,up,2.4,nan,PTT03X1T7FE,Recovered / Fixed,SFP inserted or port restored this week
PTT03001G00,ZTE,C300,,gpon_1/19/1,up,2.4,nan,PTT02X2UH00,Recovered / Fixed,SFP inserted or port restored this week
PTT03001G00,ZTE,C300,,gpon_1/19/10,up,2.4,nan,PTT02X372HW,Recovered / Fixed,SFP inserted or port restored this week
PTT03001G00,ZTE,C300,,gpon_1/19/5,up,2.4,nan,PTT02X2V722,Recovered / Fixed,SFP inserted or port restored this week
PTT03001G00,ZTE,C300,,gpon_1/2/1,up,2.4,nan,PTT03X04001,Recovered / Fixed,SFP inserted or port restored this week
PTT03001G00,ZTE,C300,,gpon_1/2/10,up,2.4,nan,PTT03X04016,Recovered / Fixed,SFP inserted or port restored this week
PTT03001G00,ZTE,C300,,gpon_1/2/12,up,2.4,nan,PTT03X0401G,Recovered / Fixed,SFP inserted or port restored this week
PTT03001G00,ZTE,C300,,gpon_1/2/14,up,2.4,nan,PTT03X0401K,Recovered / Fixed,SFP inserted or port restored this week
PTT03001G00,ZTE,C300,,gpon_1/2/15,up,2.4,nan,PTT03X17EQU,Recovered / Fixed,SFP inserted or port restored this week
PTT03001G00,ZTE,C300,,gpon_1/2/16,up,2.4,nan,PTT03X17EQW,Recovered / Fixed,SFP inserted or port restored this week
PTT03001G00,ZTE,C300,,gpon_1/2/2,up,2.4,nan,PTT03X04006,Recovered / Fixed,SFP inserted or port restored this week
PTT03001G00,ZTE,C300,,gpon_1/2/3,up,2.4,nan,PTT03X0400A,Recovered / Fixed,SFP inserted or port restored this week
PTT03001G00,ZTE,C300,,gpon_1/2/4,up,2.4,nan,PTT03X0400F,Recovered / Fixed,SFP inserted or port restored this week
PTT03001G00,ZTE,C300,,gpon_1/2/5,up,2.4,nan,PTT03X0400K,Recovered / Fixed,SFP inserted or port restored this week
PTT03001G00,ZTE,C300,,gpon_1/2/6,up,2.4,nan,PTT03X0400P,Recovered / Fixed,SFP inserted or port restored this week
PTT03001G00,ZTE,C300,,gpon_1/2/7,up,2.4,nan,PTT03X0400U,Recovered / Fixed,SFP inserted or port restored this week
PTT03001G00,ZTE,C300,,gpon_1/2/8,up,2.4,nan,PTT03X0400Y,Recovered / Fixed,SFP inserted or port restored this week
PTT03001G00,ZTE,C300,,gpon_1/2/9,up,2.4,nan,PTT03X04013,Recovered / Fixed,SFP inserted or port restored this week
PTT03001G00,ZTE,C300,,gpon_1/3/1,up,2.4,nan,PTT03X17ENW,Recovered / Fixed,SFP inserted or port restored this week
PTT03001G00,ZTE,C300,,gpon_1/3/10,up,2.4,nan,PTT03X17EEN,Recovered / Fixed,SFP inserted or port restored this week
PTT03001G00,ZTE,C300,,gpon_1/3/12,up,2.4,nan,PTT03X17EG7,Recovered / Fixed,SFP inserted or port restored this week
PTT03001G00,ZTE,C300,,gpon_1/3/13,up,2.4,nan,PTT03X17EG8,Recovered / Fixed,SFP inserted or port restored this week
PTT03001G00,ZTE,C300,,gpon_1/3/15,up,2.4,nan,PTT03X17EH6,Recovered / Fixed,SFP inserted or port restored this week
PTT03001G00,ZTE,C300,,gpon_1/3/16,up,2.4,nan,PTT03X17EJ6,Recovered / Fixed,SFP inserted or port restored this week
PTT03001G00,ZTE,C300,,gpon_1/3/2,up,2.4,nan,PTT03X17EO0,Recovered / Fixed,SFP inserted or port restored this week
PTT03001G00,ZTE,C300,,gpon_1/3/3,up,2.4,nan,PTT03X17EMW,Recovered / Fixed,SFP inserted or port restored this week
PTT03001G00,ZTE,C300,,gpon_1/3/4,up,2.4,nan,PTT03X17EMY,Recovered / Fixed,SFP inserted or port restored this week
PTT03001G00,ZTE,C300,,gpon_1/3/5,up,2.4,nan,PTT03X17ENM,Recovered / Fixed,SFP inserted or port restored this week
PTT03001G00,ZTE,C300,,gpon_1/3/6,up,2.4,nan,PTT03X17ENO,Recovered / Fixed,SFP inserted or port restored this week
PTT03001G00,ZTE,C300,,gpon_1/3/7,up,2.4,nan,PTT03X17ELC,Recovered / Fixed,SFP inserted or port restored this week
PTT03001G00,ZTE,C300,,gpon_1/3/8,up,2.4,nan,PTT03X17ELD,Recovered / Fixed,SFP inserted or port restored this week
PTT03001G00,ZTE,C300,,gpon_1/3/9,up,2.4,nan,PTT03X17EKJ,Recovered / Fixed,SFP inserted or port restored this week
PTT03001G00,ZTE,C300,,gpon_1/4/1,up,2.4,nan,PTT03X17EJ7,Recovered / Fixed,SFP inserted or port restored this week
PTT03001G00,ZTE,C300,,gpon_1/4/10,up,2.4,nan,PTT03X17ECQ,Recovered / Fixed,SFP inserted or port restored this week
PTT03001G00,ZTE,C300,,gpon_1/4/11,up,2.4,nan,PTT03X17ECR,Recovered / Fixed,SFP inserted or port restored this week
PTT03001G00,ZTE,C300,,gpon_1/4/12,up,2.4,nan,PTT03X17ECM,Recovered / Fixed,SFP inserted or port restored this week
PTT03001G00,ZTE,C300,,gpon_1/4/13,up,2.4,nan,PTT03X17E7F,Recovered / Fixed,SFP inserted or port restored this week
PTT03001G00,ZTE,C300,,gpon_1/4/14,up,2.4,nan,PTT03X17E77,Recovered / Fixed,SFP inserted or port restored this week
PTT03001G00,ZTE,C300,,gpon_1/4/2,up,2.4,nan,PTT03X17EJG,Recovered / Fixed,SFP inserted or port restored this week
PTT03001G00,ZTE,C300,,gpon_1/4/3,up,2.4,nan,PTT03X17EJJ,Recovered / Fixed,SFP inserted or port restored this week
PTT03001G00,ZTE,C300,,gpon_1/4/4,up,2.4,nan,PTT03X17EK9,Recovered / Fixed,SFP inserted or port restored this week
PTT03001G00,ZTE,C300,,gpon_1/4/5,up,2.4,nan,PTT03X17EBE,Recovered / Fixed,SFP inserted or port restored this week
PTT03001G00,ZTE,C300,,gpon_1/4/6,up,2.4,nan,PTT03X17EBF,Recovered / Fixed,SFP inserted or port restored this week
PTT03001G00,ZTE,C300,,gpon_1/4/8,up,2.4,nan,PTT03X17EAZ,Recovered / Fixed,SFP inserted or port restored this week
PTT03001G00,ZTE,C300,,gpon_1/5/10,up,2.4,nan,PTT03X17CTG,Recovered / Fixed,SFP inserted or port restored this week
PTT03001G00,ZTE,C300,,gpon_1/5/11,up,2.4,nan,PTT03X17CTH,Recovered / Fixed,SFP inserted or port restored this week
PTT03001G00,ZTE,C300,,gpon_1/5/12,up,2.4,nan,PTT03X17CUT,Recovered / Fixed,SFP inserted or port restored this week
PTT03001G00,ZTE,C300,,gpon_1/5/13,up,2.4,nan,PTT03X17CUW,Recovered / Fixed,SFP inserted or port restored this week
PTT03001G00,ZTE,C300,,gpon_1/5/14,up,2.4,nan,PTT03X17CWI,Recovered / Fixed,SFP inserted or port restored this week
PTT03001G00,ZTE,C300,,gpon_1/5/15,up,2.4,nan,PTT03X17CWL,Recovered / Fixed,SFP inserted or port restored this week
PTT03001G00,ZTE,C300,,gpon_1/5/16,up,2.4,nan,PTT03X17CWQ,Recovered / Fixed,SFP inserted or port restored this week
PTT03001G00,ZTE,C300,,gpon_1/5/8,up,2.4,nan,PTT03X17CT8,Recovered / Fixed,SFP inserted or port restored this week
PTT03001G00,ZTE,C300,,gpon_1/5/9,up,2.4,nan,PTT03X17CT9,Recovered / Fixed,SFP inserted or port restored this week
PTT03001G00,ZTE,C300,,gpon_1/6/1,up,2.4,nan,PTT03X17CXC,Recovered / Fixed,SFP inserted or port restored this week
PTT03001G00,ZTE,C300,,gpon_1/6/10,up,2.4,nan,PTT03X17E5F,Recovered / Fixed,SFP inserted or port restored this week
PTT03001G00,ZTE,C300,,gpon_1/6/11,up,2.4,nan,PTT03X17E6C,Recovered / Fixed,SFP inserted or port restored this week
PTT03001G00,ZTE,C300,,gpon_1/6/12,up,2.4,nan,PTT03X17E6A,Recovered / Fixed,SFP inserted or port restored this week
PTT03001G00,ZTE,C300,,gpon_1/6/13,up,2.4,nan,PTT02X17D5A,Recovered / Fixed,SFP inserted or port restored this week
PTT03001G00,ZTE,C300,,gpon_1/6/15,up,2.4,nan,PTT03X17DAR,Recovered / Fixed,SFP inserted or port restored this week
PTT03001G00,ZTE,C300,,gpon_1/6/16,up,2.4,nan,PTT03X17DBK,Recovered / Fixed,SFP inserted or port restored this week
PTT03001G00,ZTE,C300,,gpon_1/6/2,up,2.4,nan,PTT03X17CXD,Recovered / Fixed,SFP inserted or port restored this week
PTT03001G00,ZTE,C300,,gpon_1/6/7,up,2.4,nan,PTT03X17CY3,Recovered / Fixed,SFP inserted or port restored this week
PTT03001G00,ZTE,C300,,gpon_1/6/8,up,2.4,nan,PTT03X17CY5,Recovered / Fixed,SFP inserted or port restored this week
PTT03001G00,ZTE,C300,,gpon_1/6/9,up,2.4,nan,PTT03X17CZZ,Recovered / Fixed,SFP inserted or port restored this week
PTT03001G00,ZTE,C300,,gpon_1/7/1,up,2.4,nan,PTT03X17DBM,Recovered / Fixed,SFP inserted or port restored this week
PTT03001G00,ZTE,C300,,gpon_1/7/10,up,2.4,nan,PTT03X18R5T,Recovered / Fixed,SFP inserted or port restored this week
PTT03001G00,ZTE,C300,,gpon_1/7/11,up,2.4,nan,PTT03X18R5W,Recovered / Fixed,SFP inserted or port restored this week
PTT03001G00,ZTE,C300,,gpon_1/7/12,up,2.4,nan,PTT03X3HFNT,Recovered / Fixed,SFP inserted or port restored this week
PTT03001G00,ZTE,C300,,gpon_1/7/13,up,2.4,nan,PTT03X18R6Y,Recovered / Fixed,SFP inserted or port restored this week
PTT03001G00,ZTE,C300,,gpon_1/7/14,up,2.4,nan,PTT03X18R71,Recovered / Fixed,SFP inserted or port restored this week
PTT03001G00,ZTE,C300,,gpon_1/7/15,up,2.4,nan,PTT03X18R4X,Recovered / Fixed,SFP inserted or port restored this week
PTT03001G00,ZTE,C300,,gpon_1/7/16,up,2.4,nan,PTT03X18R4Y,Recovered / Fixed,SFP inserted or port restored this week
PTT03001G00,ZTE,C300,,gpon_1/7/2,up,2.4,nan,PTT03X17DC2,Recovered / Fixed,SFP inserted or port restored this week
PTT03001G00,ZTE,C300,,gpon_1/7/3,up,2.4,nan,PTT03X17DD5,Recovered / Fixed,SFP inserted or port restored this week
PTT03001G00,ZTE,C300,,gpon_1/7/4,up,2.4,nan,PTT03X17DHG,Recovered / Fixed,SFP inserted or port restored this week
PTT03001G00,ZTE,C300,,gpon_1/7/5,up,2.4,nan,PTT03X17DHF,Recovered / Fixed,SFP inserted or port restored this week
PTT03001G00,ZTE,C300,,gpon_1/7/6,up,2.4,nan,PTT03X17MOH,Recovered / Fixed,SFP inserted or port restored this week
PTT03001G00,ZTE,C300,,gpon_1/7/7,up,2.4,nan,PTT03X17MOK,Recovered / Fixed,SFP inserted or port restored this week
PTT03001G00,ZTE,C300,,gpon_1/7/8,up,2.4,nan,PTT03X18R5M,Recovered / Fixed,SFP inserted or port restored this week
PTT03001G00,ZTE,C300,,gpon_1/7/9,up,2.4,nan,PTT03X18R5N,Recovered / Fixed,SFP inserted or port restored this week
PTT03001G00,ZTE,C300,,gpon_1/9/8,up,2.4,nan,PTT03X18SVV,Recovered / Fixed,SFP inserted or port restored this week
PTT03002G00,ZTE,C300,,gpon_1/12/9,up,2.4,nan,PTT06X3CRKT,Recovered / Fixed,SFP inserted or port restored this week
PTT03002G00,ZTE,C300,,gpon_1/15/4,up,2.4,nan,PTT03X1JXIO,Recovered / Fixed,SFP inserted or port restored this week
PTT03002G01,ZTE,C300,,gpon_1/12/10,up,2.4,nan,PTT03X1JXYD,Recovered / Fixed,SFP inserted or port restored this week
PTT03002G01,ZTE,C300,,gpon_1/12/11,up,2.4,nan,PTT03X1JXYE,Recovered / Fixed,SFP inserted or port restored this week
PTT03002G01,ZTE,C300,,gpon_1/12/12,up,2.4,nan,PTT03X1JXXY,Recovered / Fixed,SFP inserted or port restored this week
PTT03002G01,ZTE,C300,,gpon_1/12/13,up,2.4,nan,PTT03X1JXY7,Recovered / Fixed,SFP inserted or port restored this week
PTT03002G01,ZTE,C300,,gpon_1/12/14,up,2.4,nan,PTT03X1K3L7,Recovered / Fixed,SFP inserted or port restored this week
PTT03002G01,ZTE,C300,,gpon_1/12/15,up,2.4,nan,PTT03X1KCZI,Recovered / Fixed,SFP inserted or port restored this week
PTT03002G01,ZTE,C300,,gpon_1/12/16,up,2.4,nan,PTT03X1KDO8,Recovered / Fixed,SFP inserted or port restored this week
PTT03002G01,ZTE,C300,,gpon_1/12/3,up,2.4,nan,PTT03X1FF17,Recovered / Fixed,SFP inserted or port restored this week
PTT03002G01,ZTE,C300,,gpon_1/12/4,up,2.4,nan,PTT03X1FF0Y,Recovered / Fixed,SFP inserted or port restored this week
PTT03002G01,ZTE,C300,,gpon_1/12/5,up,2.4,nan,PTT03X1FF11,Recovered / Fixed,SFP inserted or port restored this week
PTT03002G01,ZTE,C300,,gpon_1/12/7,up,2.4,nan,PTT03X1JXYJ,Recovered / Fixed,SFP inserted or port restored this week
PTT03002G01,ZTE,C300,,gpon_1/12/8,up,2.4,nan,PTT03X1JXYK,Recovered / Fixed,SFP inserted or port restored this week
PTT03002G01,ZTE,C300,,gpon_1/12/9,up,2.4,nan,PTT03X1K31W,Recovered / Fixed,SFP inserted or port restored this week
PTT03002G01,ZTE,C300,,gpon_1/13/1,up,2.4,nan,PTT03X1KDOJ,Recovered / Fixed,SFP inserted or port restored this week
PTT03002G01,ZTE,C300,,gpon_1/13/10,up,2.4,nan,PTT03X21ODP,Recovered / Fixed,SFP inserted or port restored this week
PTT03002G01,ZTE,C300,,gpon_1/13/12,up,2.4,nan,PTT03X21ODZ,Recovered / Fixed,SFP inserted or port restored this week
PTT03002G01,ZTE,C300,,gpon_1/13/13,up,2.4,nan,PTT03X21OE1,Recovered / Fixed,SFP inserted or port restored this week
PTT03002G01,ZTE,C300,,gpon_1/13/15,up,2.4,nan,PTT03X21OEA,Recovered / Fixed,SFP inserted or port restored this week
PTT03002G01,ZTE,C300,,gpon_1/13/16,up,2.4,nan,PTT03X21OEB,Recovered / Fixed,SFP inserted or port restored this week
PTT03002G01,ZTE,C300,,gpon_1/13/2,up,2.4,nan,PTT03X1KDOU,Recovered / Fixed,SFP inserted or port restored this week
PTT03002G01,ZTE,C300,,gpon_1/13/3,up,2.4,nan,PTT03X1ZRDM,Recovered / Fixed,SFP inserted or port restored this week
PTT03002G01,ZTE,C300,,gpon_1/13/4,up,2.4,nan,PTT03X1ZRDN,Recovered / Fixed,SFP inserted or port restored this week
PTT03002G01,ZTE,C300,,gpon_1/13/5,up,2.4,nan,PTT03X21N9Q,Recovered / Fixed,SFP inserted or port restored this week
PTT03002G01,ZTE,C300,,gpon_1/13/6,up,2.4,nan,PTT03X21OD5,Recovered / Fixed,SFP inserted or port restored this week
PTT03002G01,ZTE,C300,,gpon_1/13/7,up,2.4,nan,PTT03X21OD7,Recovered / Fixed,SFP inserted or port restored this week
PTT03002G01,ZTE,C300,,gpon_1/13/8,up,2.4,nan,PTT03X21ODO,Recovered / Fixed,SFP inserted or port restored this week
PTT03002G01,ZTE,C300,,gpon_1/14/1,up,2.4,nan,PTT03X21O66,Recovered / Fixed,SFP inserted or port restored this week
PTT03002G01,ZTE,C300,,gpon_1/14/10,up,2.4,nan,PTT03X21O4F,Recovered / Fixed,SFP inserted or port restored this week
PTT03002G01,ZTE,C300,,gpon_1/14/11,up,2.4,nan,PTT03X2HT59,Recovered / Fixed,SFP inserted or port restored this week
PTT03002G01,ZTE,C300,,gpon_1/14/12,up,2.4,nan,PTT03X2HT5A,Recovered / Fixed,SFP inserted or port restored this week
PTT03002G01,ZTE,C300,,gpon_1/14/13,up,2.4,nan,PTT03X21O4G,Recovered / Fixed,SFP inserted or port restored this week
PTT03002G01,ZTE,C300,,gpon_1/14/14,up,2.4,nan,PTT03X31JE4,Recovered / Fixed,SFP inserted or port restored this week
PTT03002G01,ZTE,C300,,gpon_1/14/15,up,2.4,nan,PTT03X2FMT8,Recovered / Fixed,SFP inserted or port restored this week
PTT03002G01,ZTE,C300,,gpon_1/14/16,up,2.4,nan,PTT03X2OEP9,Recovered / Fixed,SFP inserted or port restored this week
PTT03002G01,ZTE,C300,,gpon_1/14/2,up,2.4,nan,PTT03X34JS4,Recovered / Fixed,SFP inserted or port restored this week
PTT03002G01,ZTE,C300,,gpon_1/14/3,up,2.4,nan,PTT03X21O67,Recovered / Fixed,SFP inserted or port restored this week
PTT03002G01,ZTE,C300,,gpon_1/14/4,up,2.4,nan,PTT06X36VJI,Recovered / Fixed,SFP inserted or port restored this week
PTT03002G01,ZTE,C300,,gpon_1/14/5,up,2.4,nan,PTT03X21O4V,Recovered / Fixed,SFP inserted or port restored this week
PTT03002G01,ZTE,C300,,gpon_1/14/6,up,2.4,nan,PTT03X21O4Y,Recovered / Fixed,SFP inserted or port restored this week
PTT03002G01,ZTE,C300,,gpon_1/14/7,up,2.4,nan,PTT03X2HSUE,Recovered / Fixed,SFP inserted or port restored this week
PTT03002G01,ZTE,C300,,gpon_1/14/8,up,2.4,nan,PTT03X2HSUF,Recovered / Fixed,SFP inserted or port restored this week
PTT03002G01,ZTE,C300,,gpon_1/14/9,up,2.4,nan,PTT03X2HT3H,Recovered / Fixed,SFP inserted or port restored this week
PTT03002G01,ZTE,C300,,gpon_1/15/10,up,2.4,nan,PTT03X249V7,Recovered / Fixed,SFP inserted or port restored this week
PTT03002G01,ZTE,C300,,gpon_1/15/11,up,2.4,nan,PTT03X249V9,Recovered / Fixed,SFP inserted or port restored this week
PTT03002G01,ZTE,C300,,gpon_1/15/12,up,2.4,nan,PTT03X22KG2,Recovered / Fixed,SFP inserted or port restored this week
PTT03002G01,ZTE,C300,,gpon_1/15/13,up,2.4,nan,PTT03X22KG3,Recovered / Fixed,SFP inserted or port restored this week
PTT03002G01,ZTE,C300,,gpon_1/15/4,up,2.4,nan,PTT03X249Y1,Recovered / Fixed,SFP inserted or port restored this week
PTT03002G01,ZTE,C300,,gpon_1/15/5,up,2.4,nan,PTT03X249Y8,Recovered / Fixed,SFP inserted or port restored this week
PTT03002G01,ZTE,C300,,gpon_1/15/6,up,2.4,nan,PTT03X249W0,Recovered / Fixed,SFP inserted or port restored this week
PTT03002G01,ZTE,C300,,gpon_1/15/7,up,2.4,nan,PTT03X249W1,Recovered / Fixed,SFP inserted or port restored this week
PTT03002G01,ZTE,C300,,gpon_1/15/8,up,2.4,nan,PTT03X249VD,Recovered / Fixed,SFP inserted or port restored this week
PTT03002G01,ZTE,C300,,gpon_1/15/9,up,2.4,nan,PTT03X249VF,Recovered / Fixed,SFP inserted or port restored this week
PTT03002G01,ZTE,C300,,gpon_1/17/13,up,2.4,nan,PTT03X2BYAP,Recovered / Fixed,SFP inserted or port restored this week
PTT03002G01,ZTE,C300,,gpon_1/17/15,up,2.4,nan,PTT03X2BYAL,Recovered / Fixed,SFP inserted or port restored this week
PTT03002G01,ZTE,C300,,gpon_1/18/1,up,2.4,nan,PTT03X2C96T,Recovered / Fixed,SFP inserted or port restored this week
PTT03002G01,ZTE,C300,,gpon_1/19/2,up,2.4,nan,PTT06X3HTAI,Recovered / Fixed,SFP inserted or port restored this week
PTT03002G01,ZTE,C300,,gpon_1/19/4,up,2.4,nan,PTT03X3I1XU,Recovered / Fixed,SFP inserted or port restored this week
PTT03002G01,ZTE,C300,,gpon_1/19/5,up,2.4,nan,PTT02X3N8N8,Recovered / Fixed,SFP inserted or port restored this week
PTT03002G01,ZTE,C300,,gpon_1/19/6,up,2.4,nan,PTT03X3O024,Recovered / Fixed,SFP inserted or port restored this week
PTT03002G01,ZTE,C300,,gpon_1/3/6,up,2.4,nan,PTT06X1CIFT,Recovered / Fixed,SFP inserted or port restored this week
PTT03002G01,ZTE,C300,,gpon_1/8/1,down,2.4,nan,PTT03X1OIFX,Recovered / Fixed,SFP inserted or port restored this week
PTT03002G01,ZTE,C300,,gpon_1/8/10,up,2.4,nan,PTT06X1OUJR,Recovered / Fixed,SFP inserted or port restored this week
PTT03002G01,ZTE,C300,,gpon_1/8/11,up,2.4,nan,PTT06X1OUJU,Recovered / Fixed,SFP inserted or port restored this week
PTT03002G01,ZTE,C300,,gpon_1/8/13,up,2.4,nan,PTT06X1OT1K,Recovered / Fixed,SFP inserted or port restored this week
PTT03002G01,ZTE,C300,,gpon_1/8/14,up,2.4,nan,PTT06X1OW0A,Recovered / Fixed,SFP inserted or port restored this week
PTT03002G01,ZTE,C300,,gpon_1/8/15,up,2.4,nan,PTT06X1OW0D,Recovered / Fixed,SFP inserted or port restored this week
PTT03002G01,ZTE,C300,,gpon_1/8/16,up,2.4,nan,PTT06X1OT16,Recovered / Fixed,SFP inserted or port restored this week
PTT03002G01,ZTE,C300,,gpon_1/8/2,up,2.4,nan,PTT03X1OVGC,Recovered / Fixed,SFP inserted or port restored this week
PTT03002G01,ZTE,C300,,gpon_1/8/3,up,2.4,nan,PTT03X1ORRT,Recovered / Fixed,SFP inserted or port restored this week
PTT03002G01,ZTE,C300,,gpon_1/8/4,up,2.4,nan,PTT03X1OS2J,Recovered / Fixed,SFP inserted or port restored this week
PTT03002G01,ZTE,C300,,gpon_1/8/5,up,2.4,nan,PTT03X1ORVV,Recovered / Fixed,SFP inserted or port restored this week
PTT03002G01,ZTE,C300,,gpon_1/8/6,up,2.4,nan,PTT03X1ORZG,Recovered / Fixed,SFP inserted or port restored this week
PTT03002G01,ZTE,C300,,gpon_1/8/9,up,2.4,nan,PTT03X1OIZO,Recovered / Fixed,SFP inserted or port restored this week
PTT03002G01,ZTE,C300,,gpon_1/9/1,up,2.4,nan,PTT06X1OT18,Recovered / Fixed,SFP inserted or port restored this week
PTT03002G01,ZTE,C300,,gpon_1/9/10,up,2.4,nan,PTT03X1OUVN,Recovered / Fixed,SFP inserted or port restored this week
PTT03002G01,ZTE,C300,,gpon_1/9/11,up,2.4,nan,PTT03X1OV1F,Recovered / Fixed,SFP inserted or port restored this week
PTT03002G01,ZTE,C300,,gpon_1/9/12,up,2.4,nan,PTT03X1OW14,Recovered / Fixed,SFP inserted or port restored this week
PTT03002G01,ZTE,C300,,gpon_1/9/13,up,2.4,nan,PTT03X1OWG5,Recovered / Fixed,SFP inserted or port restored this week
PTT03002G01,ZTE,C300,,gpon_1/9/14,up,2.4,nan,PTT03X1OSRV,Recovered / Fixed,SFP inserted or port restored this week
PTT03002G01,ZTE,C300,,gpon_1/9/15,up,2.4,nan,PTT03X1OSSV,Recovered / Fixed,SFP inserted or port restored this week
PTT03002G01,ZTE,C300,,gpon_1/9/16,up,2.4,nan,PTT06X36VJH,Recovered / Fixed,SFP inserted or port restored this week
PTT03002G01,ZTE,C300,,gpon_1/9/4,up,2.4,nan,PTT06X1OT01,Recovered / Fixed,SFP inserted or port restored this week
PTT03002G01,ZTE,C300,,gpon_1/9/5,up,2.4,nan,PTT06X1OVX7,Recovered / Fixed,SFP inserted or port restored this week
PTT03002G01,ZTE,C300,,gpon_1/9/6,up,2.4,nan,PTT06X1OSYA,Recovered / Fixed,SFP inserted or port restored this week
PTT03002G01,ZTE,C300,,gpon_1/9/7,up,2.4,nan,PTT06X1OSYB,Recovered / Fixed,SFP inserted or port restored this week
PTT03002G01,ZTE,C300,,gpon_1/9/8,up,2.4,nan,PTT06X1OT0B,Recovered / Fixed,SFP inserted or port restored this week
PTT03002G01,ZTE,C300,,gpon_1/9/9,up,2.4,nan,PTT06X1OT0E,Recovered / Fixed,SFP inserted or port restored this week
PTT03003G00,ZTE,C300,,gpon_1/18/3,up,2.4,nan,PTT04X1OIDC,Recovered / Fixed,SFP inserted or port restored this week
PTT03003G00,ZTE,C300,,gpon_1/19/13,up,2.4,nan,PTT03X1O8B8,Recovered / Fixed,SFP inserted or port restored this week
PTT03003G00,ZTE,C300,,gpon_1/4/2,up,2.4,nan,PTT03X1CI9J,Recovered / Fixed,SFP inserted or port restored this week
PTT03003G00,ZTE,C300,,gpon_1/5/5,up,2.4,nan,PTT04X1CPJT,Recovered / Fixed,SFP inserted or port restored this week
PTT03003G00,ZTE,C300,,gpon_1/9/6,up,2.4,nan,PTT06X19Q4A,Recovered / Fixed,SFP inserted or port restored this week
PTT03003G01,ZTE,C300,,gpon_1/12/1,up,2.4,nan,PTT03X3D2IR,Recovered / Fixed,SFP inserted or port restored this week
PTT03003G01,ZTE,C300,,gpon_1/12/11,up,2.4,nan,PTT06X2FJ00,Recovered / Fixed,SFP inserted or port restored this week
PTT03003G01,ZTE,C300,,gpon_1/12/2,up,2.4,nan,PTT03X3D2IL,Recovered / Fixed,SFP inserted or port restored this week
PTT03003G01,ZTE,C300,,gpon_1/12/3,up,2.4,nan,PTT06X3EMIH,Recovered / Fixed,SFP inserted or port restored this week
PTT03003G01,ZTE,C300,,gpon_1/12/4,up,2.4,nan,PTT06X3FNYO,Recovered / Fixed,SFP inserted or port restored this week
PTT03003G01,ZTE,C300,,gpon_1/12/5,up,2.4,nan,PTT06X3FS4O,Recovered / Fixed,SFP inserted or port restored this week
PTT03003G01,ZTE,C300,,gpon_1/12/6,up,2.4,nan,PTT03X3G2QY,Recovered / Fixed,SFP inserted or port restored this week
PTT03003G01,ZTE,C300,,gpon_1/12/7,up,2.4,nan,PTT03X3HT9Q,Recovered / Fixed,SFP inserted or port restored this week
PTT03003G01,ZTE,C300,,gpon_1/12/8,up,2.4,nan,PTT03X3NAC4,Recovered / Fixed,SFP inserted or port restored this week
PTT03003G01,ZTE,C300,,gpon_1/12/9,up,2.4,nan,PTT03X3NAE7,Recovered / Fixed,SFP inserted or port restored this week
PTT03003G01,ZTE,C300,,gpon_1/2/15,up,2.4,nan,PTT06X1OG2G,Recovered / Fixed,SFP inserted or port restored this week
PTT03003G01,ZTE,C300,,gpon_1/3/15,up,2.4,nan,PTT03X1RP1M,Recovered / Fixed,SFP inserted or port restored this week
PTT03003G01,ZTE,C300,,gpon_1/3/9,up,2.4,nan,PTT03X1OGPG,Recovered / Fixed,SFP inserted or port restored this week
PTT03003G01,ZTE,C300,,gpon_1/4/3,up,2.4,nan,PTT03X1HU21,Recovered / Fixed,SFP inserted or port restored this week
PTT03003G01,ZTE,C300,,gpon_1/5/1,up,2.4,nan,PTT03X1HU2F,Recovered / Fixed,SFP inserted or port restored this week
PTT03003G01,ZTE,C300,,gpon_1/5/15,up,2.4,nan,PTT03X190M0,Recovered / Fixed,SFP inserted or port restored this week
PTT03003G01,ZTE,C300,,gpon_1/9/1,up,2.4,nan,PTT03X32FKX,Recovered / Fixed,SFP inserted or port restored this week
PTT03003G01,ZTE,C300,,gpon_1/9/11,up,2.4,nan,PTT03X37E0Z,Recovered / Fixed,SFP inserted or port restored this week
PTT03003G01,ZTE,C300,,gpon_1/9/12,up,2.4,nan,PTT03X37DTS,Recovered / Fixed,SFP inserted or port restored this week
PTT03003G01,ZTE,C300,,gpon_1/9/13,up,2.4,nan,PTT03X37DVH,Recovered / Fixed,SFP inserted or port restored this week
PTT03003G01,ZTE,C300,,gpon_1/9/14,up,2.4,nan,PTT03X37DUW,Recovered / Fixed,SFP inserted or port restored this week
PTT03003G01,ZTE,C300,,gpon_1/9/16,up,2.4,nan,PTT03X3D2JK,Recovered / Fixed,SFP inserted or port restored this week
PTT03003G01,ZTE,C300,,gpon_1/9/3,up,2.4,nan,PTT03X33714,Recovered / Fixed,SFP inserted or port restored this week
PTT03003G01,ZTE,C300,,gpon_1/9/4,up,2.4,nan,PTT03X3362R,Recovered / Fixed,SFP inserted or port restored this week
PTT03003G01,ZTE,C300,,gpon_1/9/6,up,2.4,nan,PTT04X36A44,Recovered / Fixed,SFP inserted or port restored this week
PTT03003G01,ZTE,C300,,gpon_1/9/7,up,2.4,nan,PTT03X3747A,Recovered / Fixed,SFP inserted or port restored this week
PTT03003G01,ZTE,C300,,gpon_1/9/8,up,2.4,nan,PTT03X3738C,Recovered / Fixed,SFP inserted or port restored this week
PTT03003G01,ZTE,C300,,gpon_1/9/9,up,2.4,nan,PTT03X3738E,Recovered / Fixed,SFP inserted or port restored this week
PTT03005G00,ZTE,C300,,gpon_1/2/10,up,2.4,nan,PTT03X1BUIS,Recovered / Fixed,SFP inserted or port restored this week
PTT03005G00,ZTE,C300,,gpon_1/3/15,up,2.4,nan,PTT03X1BVVV,Recovered / Fixed,SFP inserted or port restored this week
PTT03005G00,ZTE,C300,,gpon_1/6/10,up,2.4,nan,PTT03X2I2CS,Recovered / Fixed,SFP inserted or port restored this week
PTT03005G00,ZTE,C300,,gpon_1/8/1,up,2.4,nan,PTT03X3EA55,Recovered / Fixed,SFP inserted or port restored this week
PTT03005G00,ZTE,C300,,gpon_1/8/2,up,2.4,nan,PTT03X3FYWX,Recovered / Fixed,SFP inserted or port restored this week
PTT03005G00,ZTE,C300,,gpon_1/8/3,up,2.4,nan,PTT03X3FZLJ,Recovered / Fixed,SFP inserted or port restored this week
PTT03005G00,ZTE,C300,,gpon_1/8/4,up,2.4,nan,PTT03X3HNVY,Recovered / Fixed,SFP inserted or port restored this week
PTT03005G00,ZTE,C300,,gpon_1/8/6,up,2.4,nan,PTT03X3IA6V,Recovered / Fixed,SFP inserted or port restored this week
PTT03007GO0,ZTE,C320,,gpon_1/1/12,up,2.4,nan,PTT03X1BWUJ,Recovered / Fixed,SFP inserted or port restored this week
PTT03007GO0,ZTE,C320,,gpon_1/2/16,up,2.4,nan,PTT03X2SUVG,Recovered / Fixed,SFP inserted or port restored this week
PTT03007GO0,ZTE,C320,,gpon_1/2/7,up,2.4,nan,PTT04X1P1MF,Recovered / Fixed,SFP inserted or port restored this week
PTT03007GO1,ZTE,C320,,gpon_1/1/10,up,2.4,nan,PTT06X1L3U7,Recovered / Fixed,SFP inserted or port restored this week
PTT03007GO1,ZTE,C320,,gpon_1/1/11,up,2.4,nan,PTT06X1O88Z,Recovered / Fixed,SFP inserted or port restored this week
PTT03007GO1,ZTE,C320,,gpon_1/1/14,up,2.4,nan,PTT06X1LBC3,Recovered / Fixed,SFP inserted or port restored this week
PTT03007GO1,ZTE,C320,,gpon_1/1/9,up,2.4,nan,PTT06X1L42A,Recovered / Fixed,SFP inserted or port restored this week
PTT03016GO1,Fiberhome,AN5516-04,,PON 2/3,up,2.4,nan,PTT03X2NBS1,Recovered / Fixed,SFP inserted or port restored this week
PTT03AGNG00,ZTE,C300,,gpon_1/7/15,up,2.4,nan,PTT02X16TNG,Recovered / Fixed,SFP inserted or port restored this week
PTT04001G00,ZTE,C300,,gpon_1/5/5,up,2.4,nan,PTT04X32B7J,Recovered / Fixed,SFP inserted or port restored this week
PTT05001G00,ZTE,C300,,gpon_1/2/1,up,2.4,nan,PTT05X00001,Recovered / Fixed,SFP inserted or port restored this week
PTT05001G00,ZTE,C300,,gpon_1/2/10,up,2.4,nan,PTT05X00017,Recovered / Fixed,SFP inserted or port restored this week
PTT05001G00,ZTE,C300,,gpon_1/2/11,up,2.4,nan,PTT05X0001C,Recovered / Fixed,SFP inserted or port restored this week
PTT05001G00,ZTE,C300,,gpon_1/2/12,up,2.4,nan,PTT05X0001H,Recovered / Fixed,SFP inserted or port restored this week
PTT05001G00,ZTE,C300,,gpon_1/2/13,up,2.4,nan,PTT05X0001M,Recovered / Fixed,SFP inserted or port restored this week
PTT05001G00,ZTE,C300,,gpon_1/2/14,up,2.4,nan,PTT05X0001R,Recovered / Fixed,SFP inserted or port restored this week
PTT05001G00,ZTE,C300,,gpon_1/2/15,up,2.4,nan,PTT05X0001V,Recovered / Fixed,SFP inserted or port restored this week
PTT05001G00,ZTE,C300,,gpon_1/2/2,up,2.4,nan,PTT05X00006,Recovered / Fixed,SFP inserted or port restored this week
PTT05001G00,ZTE,C300,,gpon_1/2/3,up,2.4,nan,PTT05X0000B,Recovered / Fixed,SFP inserted or port restored this week
PTT05001G00,ZTE,C300,,gpon_1/2/5,up,2.4,nan,PTT05X0000L,Recovered / Fixed,SFP inserted or port restored this week
PTT05001G00,ZTE,C300,,gpon_1/2/6,up,2.4,nan,PTT05X0000P,Recovered / Fixed,SFP inserted or port restored this week
PTT05001G00,ZTE,C300,,gpon_1/2/7,up,2.4,nan,PTT05X0000S,Recovered / Fixed,SFP inserted or port restored this week
PTT05001G00,ZTE,C300,,gpon_1/2/8,up,2.4,nan,PTT05X0000X,Recovered / Fixed,SFP inserted or port restored this week
PTT05001G00,ZTE,C300,,gpon_1/2/9,up,2.4,nan,PTT05X00012,Recovered / Fixed,SFP inserted or port restored this week
PTT05001G00,ZTE,C300,,gpon_1/3/1,up,2.4,nan,PTT07X0904B,Recovered / Fixed,SFP inserted or port restored this week
PTT05001G00,ZTE,C300,,gpon_1/3/10,up,2.4,nan,PTT01X09095,Recovered / Fixed,SFP inserted or port restored this week
PTT05001G00,ZTE,C300,,gpon_1/3/11,up,2.4,nan,PTT05X00022,Recovered / Fixed,SFP inserted or port restored this week
PTT05001G00,ZTE,C300,,gpon_1/3/12,up,2.4,nan,PTT05X00027,Recovered / Fixed,SFP inserted or port restored this week
PTT05001G00,ZTE,C300,,gpon_1/3/13,up,2.4,nan,PTT05X0002C,Recovered / Fixed,SFP inserted or port restored this week
PTT05001G00,ZTE,C300,,gpon_1/3/16,up,2.4,nan,PTT05X1L8P0,Recovered / Fixed,SFP inserted or port restored this week
PTT05001G00,ZTE,C300,,gpon_1/3/6,up,2.4,nan,PTT07X0904Z,Recovered / Fixed,SFP inserted or port restored this week
PTT05001G00,ZTE,C300,,gpon_1/3/9,up,2.4,nan,PTT01X09090,Recovered / Fixed,SFP inserted or port restored this week
PTT05001G00,ZTE,C300,,gpon_1/4/1,up,2.4,nan,PTT05X1L8P1,Recovered / Fixed,SFP inserted or port restored this week
PTT05001G00,ZTE,C300,,gpon_1/4/10,up,2.4,nan,PTT05X1L9KW,Recovered / Fixed,SFP inserted or port restored this week
PTT05001G00,ZTE,C300,,gpon_1/4/11,up,2.4,nan,PTT05X1L7YL,Recovered / Fixed,SFP inserted or port restored this week
PTT05001G00,ZTE,C300,,gpon_1/4/12,up,2.4,nan,PTT05X1L7RC,Recovered / Fixed,SFP inserted or port restored this week
PTT05001G00,ZTE,C300,,gpon_1/4/13,up,2.4,nan,PTT05X1L7SV,Recovered / Fixed,SFP inserted or port restored this week
PTT05001G00,ZTE,C300,,gpon_1/4/14,up,2.4,nan,PTT07X1LQ1Z,Recovered / Fixed,SFP inserted or port restored this week
PTT05001G00,ZTE,C300,,gpon_1/4/15,up,2.4,nan,PTT07X1LQ21,Recovered / Fixed,SFP inserted or port restored this week
PTT05001G00,ZTE,C300,,gpon_1/4/16,up,2.4,nan,PTT07X1LQ2K,Recovered / Fixed,SFP inserted or port restored this week
PTT05001G00,ZTE,C300,,gpon_1/4/2,up,2.4,nan,PTT05X1L8RA,Recovered / Fixed,SFP inserted or port restored this week
PTT05001G00,ZTE,C300,,gpon_1/4/3,up,2.4,nan,PTT05X1L88D,Recovered / Fixed,SFP inserted or port restored this week
PTT05001G00,ZTE,C300,,gpon_1/4/4,up,2.4,nan,PTT05X1L88E,Recovered / Fixed,SFP inserted or port restored this week
PTT05001G00,ZTE,C300,,gpon_1/4/5,up,2.4,nan,PTT05X1L9A9,Recovered / Fixed,SFP inserted or port restored this week
PTT05001G00,ZTE,C300,,gpon_1/4/6,up,2.4,nan,PTT05X1L9JV,Recovered / Fixed,SFP inserted or port restored this week
PTT05001G00,ZTE,C300,,gpon_1/4/7,up,2.4,nan,PTT05X1L98W,Recovered / Fixed,SFP inserted or port restored this week
PTT05001G00,ZTE,C300,,gpon_1/4/8,up,2.4,nan,PTT05X1L87J,Recovered / Fixed,SFP inserted or port restored this week
PTT05001G00,ZTE,C300,,gpon_1/4/9,up,2.4,nan,PTT05X1L86E,Recovered / Fixed,SFP inserted or port restored this week
PTT05001G00,ZTE,C300,,gpon_1/5/10,up,2.4,nan,PTT05X29NVW,Recovered / Fixed,SFP inserted or port restored this week
PTT05001G00,ZTE,C300,,gpon_1/5/11,up,2.4,nan,PTT05X29NVV,Recovered / Fixed,SFP inserted or port restored this week
PTT05001G00,ZTE,C300,,gpon_1/5/12,up,2.4,nan,PTT05X29NVZ,Recovered / Fixed,SFP inserted or port restored this week
PTT05001G00,ZTE,C300,,gpon_1/5/13,up,2.4,nan,PTT05X29NVY,Recovered / Fixed,SFP inserted or port restored this week
PTT05001G00,ZTE,C300,,gpon_1/5/14,up,2.4,nan,PTT05X29NY3,Recovered / Fixed,SFP inserted or port restored this week
PTT05001G00,ZTE,C300,,gpon_1/5/15,up,2.4,nan,PTT05X2LJF1,Recovered / Fixed,SFP inserted or port restored this week
PTT05001G00,ZTE,C300,,gpon_1/5/16,up,2.4,nan,PTT05X2LJF2,Recovered / Fixed,SFP inserted or port restored this week
PTT05001G00,ZTE,C300,,gpon_1/6/1,up,2.4,nan,PTT05X2LJF3,Recovered / Fixed,SFP inserted or port restored this week
PTT05001G00,ZTE,C300,,gpon_1/6/10,up,2.4,nan,PTT05X2LJG5,Recovered / Fixed,SFP inserted or port restored this week
PTT05001G00,ZTE,C300,,gpon_1/6/11,up,2.4,nan,PTT05X2LJG6,Recovered / Fixed,SFP inserted or port restored this week
PTT05001G00,ZTE,C300,,gpon_1/6/12,up,2.4,nan,PTT05X2LJG7,Recovered / Fixed,SFP inserted or port restored this week
PTT05001G00,ZTE,C300,,gpon_1/6/15,up,2.4,nan,PTT05X309X9,Recovered / Fixed,SFP inserted or port restored this week
PTT05001G00,ZTE,C300,,gpon_1/6/16,up,2.4,nan,PTT05X309WN,Recovered / Fixed,SFP inserted or port restored this week
PTT05001G00,ZTE,C300,,gpon_1/6/2,up,2.4,nan,PTT05X2LJF4,Recovered / Fixed,SFP inserted or port restored this week
PTT05001G00,ZTE,C300,,gpon_1/6/3,up,2.4,nan,PTT05X2LJF5,Recovered / Fixed,SFP inserted or port restored this week
PTT05001G00,ZTE,C300,,gpon_1/6/4,up,2.4,nan,PTT05X2LJF6,Recovered / Fixed,SFP inserted or port restored this week
PTT05001G00,ZTE,C300,,gpon_1/6/5,up,2.4,nan,PTT05X2LJF7,Recovered / Fixed,SFP inserted or port restored this week
PTT05001G00,ZTE,C300,,gpon_1/6/6,up,2.4,nan,PTT05X2LJG1,Recovered / Fixed,SFP inserted or port restored this week
PTT05001G00,ZTE,C300,,gpon_1/6/7,up,2.4,nan,PTT05X2LJG2,Recovered / Fixed,SFP inserted or port restored this week
PTT05001G00,ZTE,C300,,gpon_1/6/8,up,2.4,nan,PTT05X2LJG3,Recovered / Fixed,SFP inserted or port restored this week
PTT05001G00,ZTE,C300,,gpon_1/6/9,up,2.4,nan,PTT05X2LJG4,Recovered / Fixed,SFP inserted or port restored this week
PTT05001G00,ZTE,C300,,gpon_1/7/1,up,2.4,nan,PTT05X31BP1,Recovered / Fixed,SFP inserted or port restored this week
PTT05001G00,ZTE,C300,,gpon_1/7/15,up,2.4,nan,PTT05X2VYXF,Recovered / Fixed,SFP inserted or port restored this week
PTT05001G00,ZTE,C300,,gpon_1/7/16,up,2.4,nan,PTT05X2VJBA,Recovered / Fixed,SFP inserted or port restored this week
PTT05001G00,ZTE,C300,,gpon_1/7/2,up,2.4,nan,PTT05X33ZWF,Recovered / Fixed,SFP inserted or port restored this week
PTT05001G00,ZTE,C300,,gpon_1/7/4,up,2.4,nan,PTT05X2VJB9,Recovered / Fixed,SFP inserted or port restored this week
PTT05001G00,ZTE,C300,,gpon_1/7/5,up,2.4,nan,PTT07X356TG,Recovered / Fixed,SFP inserted or port restored this week
PTT05001G00,ZTE,C300,,gpon_1/7/6,up,2.4,nan,PTT01X37DJC,Recovered / Fixed,SFP inserted or port restored this week
PTT05001G00,ZTE,C300,,gpon_1/7/7,up,2.4,nan,PTT05X37AYP,Recovered / Fixed,SFP inserted or port restored this week
PTT05001G00,ZTE,C300,,gpon_1/7/8,up,2.4,nan,PTT01X37KP7,Recovered / Fixed,SFP inserted or port restored this week
PTT05001G00,ZTE,C300,,gpon_1/7/9,up,2.4,nan,PTT01X37TVD,Recovered / Fixed,SFP inserted or port restored this week
PTT05001G00,ZTE,C300,,gpon_1/8/12,up,2.4,nan,PTT05X2U5BG,Recovered / Fixed,SFP inserted or port restored this week
PTT05001G00,ZTE,C300,,gpon_1/8/3,up,2.4,nan,PTT05X2O8FP,Recovered / Fixed,SFP inserted or port restored this week
PTT05002G00,ZTE,C300,,gpon_1/2/1,up,2.4,nan,PTT05X20P1D,Recovered / Fixed,SFP inserted or port restored this week
PTT05002G00,ZTE,C300,,gpon_1/2/10,up,2.4,nan,PTT05X3T4C1,Recovered / Fixed,SFP inserted or port restored this week
PTT05002G00,ZTE,C300,,gpon_1/2/11,up,2.4,nan,PTT05X3T4C2,Recovered / Fixed,SFP inserted or port restored this week
PTT05002G00,ZTE,C300,,gpon_1/2/12,up,2.4,nan,PTT05X3T4C3,Recovered / Fixed,SFP inserted or port restored this week
PTT05002G00,ZTE,C300,,gpon_1/2/13,up,2.4,nan,PTT05X3T4C4,Recovered / Fixed,SFP inserted or port restored this week
PTT05002G00,ZTE,C300,,gpon_1/2/14,up,2.4,nan,PTT05X3T4C5,Recovered / Fixed,SFP inserted or port restored this week
PTT05002G00,ZTE,C300,,gpon_1/2/15,up,2.4,nan,PTT05X3T4C6,Recovered / Fixed,SFP inserted or port restored this week
PTT05002G00,ZTE,C300,,gpon_1/2/16,up,2.4,nan,PTT05X3T4C7,Recovered / Fixed,SFP inserted or port restored this week
PTT05002G00,ZTE,C300,,gpon_1/3/1,up,2.4,nan,PTT05X2RRF4,Recovered / Fixed,SFP inserted or port restored this week
PTT05002G00,ZTE,C300,,gpon_1/3/2,up,2.4,nan,PTT05X1MSGD,Recovered / Fixed,SFP inserted or port restored this week
PTT05002G00,ZTE,C300,,gpon_1/3/3,up,2.4,nan,PTT05X33SYX,Recovered / Fixed,SFP inserted or port restored this week
PTT05002G00,ZTE,C300,,gpon_1/3/4,up,2.4,nan,PTT05X20OTC,Recovered / Fixed,SFP inserted or port restored this week
PTT05002G00,ZTE,C300,,gpon_1/3/5,up,2.4,nan,PTT05X20OUN,Recovered / Fixed,SFP inserted or port restored this week
PTT05002G00,ZTE,C300,,gpon_1/3/6,up,2.4,nan,PTT05X20OU5,Recovered / Fixed,SFP inserted or port restored this week
PTT05002G00,ZTE,C300,,gpon_1/3/7,up,2.4,nan,PTT05X2ZRCH,Recovered / Fixed,SFP inserted or port restored this week
PTT05002G00,ZTE,C300,,gpon_1/3/8,up,2.4,nan,PTT05X33ZTF,Recovered / Fixed,SFP inserted or port restored this week
PTT05003GO0,ZTE,C320,,gpon_1/1/8,up,2.4,nan,PTT05X01010,Recovered / Fixed,SFP inserted or port restored this week
PTT05003GO0,ZTE,C320,,gpon_1/2/10,up,2.4,nan,PTT05X0103G,Recovered / Fixed,SFP inserted or port restored this week
PTT05003GO0,ZTE,C320,,gpon_1/2/2,up,2.4,nan,PTT05X0102C,Recovered / Fixed,SFP inserted or port restored this week
PTT05004GO0,ZTE,C320,,gpon_1/1/16,up,2.4,nan,PTT05X0305B,Recovered / Fixed,SFP inserted or port restored this week
PTT05004GO0,ZTE,C320,,gpon_1/2/2,up,2.4,nan,PTT05X0305L,Recovered / Fixed,SFP inserted or port restored this week
PTT05005GO0,ZTE,C320,,gpon_1/2/16,up,2.4,nan,PTT05X1MI9M,Recovered / Fixed,SFP inserted or port restored this week
PTT05005GO0,ZTE,C320,,gpon_1/2/9,up,2.4,nan,PTT05X0304C,Recovered / Fixed,SFP inserted or port restored this week
PTT05006GO0,ZTE,C320,,gpon_1/1/4,up,2.4,nan,PTT05X1MSTH,Recovered / Fixed,SFP inserted or port restored this week
PTT05006GO0,ZTE,C320,,gpon_1/2/4,up,2.4,nan,PTT05X1MSMM,Recovered / Fixed,SFP inserted or port restored this week
PTT05006GO0,ZTE,C320,,gpon_1/2/5,up,2.4,nan,PTT05X1MSMX,Recovered / Fixed,SFP inserted or port restored this week
PTT05007GO0,ZTE,C320,,gpon_1/1/14,down,2.4,nan,PTT05X1N2SS,Recovered / Fixed,SFP inserted or port restored this week
PTT05007GO0,ZTE,C320,,gpon_1/1/15,down,2.4,nan,PTT05X1N2ST,Recovered / Fixed,SFP inserted or port restored this week
PTT05007GO0,ZTE,C320,,gpon_1/2/11,up,2.4,nan,PTT05X20P79,Recovered / Fixed,SFP inserted or port restored this week
PTT05007GO0,ZTE,C320,,gpon_1/2/14,up,2.4,nan,PTT05X20PCR,Recovered / Fixed,SFP inserted or port restored this week
PTT05007GO0,ZTE,C320,,gpon_1/2/7,up,2.4,nan,PTT05X1MX3Q,Recovered / Fixed,SFP inserted or port restored this week
PTT05007GO0,ZTE,C320,,gpon_1/2/8,up,2.4,nan,PTT05X20OVK,Recovered / Fixed,SFP inserted or port restored this week
PTT05008GO0,ZTE,C320,,gpon_1/2/3,up,2.4,nan,PTT05X3E29M,Recovered / Fixed,SFP inserted or port restored this week
PTT05011GO0,ZTE,C320,,gpon_1/2/3,up,2.4,nan,NTB06X325TX,Recovered / Fixed,SFP inserted or port restored this week
PTT06001G00,ZTE,C300,,gpon_1/13/1,up,2.4,nan,PTT06X2ECER,Recovered / Fixed,SFP inserted or port restored this week
PTT06001G00,ZTE,C300,,gpon_1/13/12,up,2.4,nan,PTT06X2LV4K,Recovered / Fixed,SFP inserted or port restored this week
PTT06001G00,ZTE,C300,,gpon_1/13/15,up,2.4,nan,PTT06X2STQ7,Recovered / Fixed,SFP inserted or port restored this week
PTT06001G00,ZTE,C300,,gpon_1/13/9,up,2.4,nan,PTT06X2LV3E,Recovered / Fixed,SFP inserted or port restored this week
PTT06001G00,ZTE,C300,,gpon_1/14/10,up,2.4,nan,PTT06X381GT,Recovered / Fixed,SFP inserted or port restored this week
PTT06001G00,ZTE,C300,,gpon_1/14/11,up,2.4,nan,PTT06X384LL,Recovered / Fixed,SFP inserted or port restored this week
PTT06001G00,ZTE,C300,,gpon_1/14/12,up,2.4,nan,PTT06X3G9OW,Recovered / Fixed,SFP inserted or port restored this week
PTT06001G00,ZTE,C300,,gpon_1/14/13,up,2.4,nan,PTT06X3GMU0,Recovered / Fixed,SFP inserted or port restored this week
PTT06001G00,ZTE,C300,,gpon_1/14/14,up,2.4,nan,PTT06X3N300,Recovered / Fixed,SFP inserted or port restored this week
PTT06001G00,ZTE,C300,,gpon_1/14/2,up,2.4,nan,PTT06X35405,Recovered / Fixed,SFP inserted or port restored this week
PTT06001G00,ZTE,C300,,gpon_1/14/3,down,2.4,nan,PTT06X353Y3,Recovered / Fixed,SFP inserted or port restored this week
PTT06001G00,ZTE,C300,,gpon_1/14/7,up,2.4,nan,PTT06X368L0,Recovered / Fixed,SFP inserted or port restored this week
PTT06001G00,ZTE,C300,,gpon_1/14/8,up,2.4,nan,PTT06X362EI,Recovered / Fixed,SFP inserted or port restored this week
PTT06001G00,ZTE,C300,,gpon_1/5/14,down,2.4,nan,PTT06X10ZE5,Recovered / Fixed,SFP inserted or port restored this week
PTT06001G00,ZTE,C300,,gpon_1/5/15,up,2.4,nan,PTT06X111JJ,Recovered / Fixed,SFP inserted or port restored this week
PTT06001G00,ZTE,C300,,gpon_1/5/16,up,2.4,nan,PTT06X110NS,Recovered / Fixed,SFP inserted or port restored this week
PTT06001G00,ZTE,C300,,gpon_1/5/9,up,2.4,nan,PTT06X110FB,Recovered / Fixed,SFP inserted or port restored this week
PTT06001G00,ZTE,C300,,gpon_1/7/11,up,2.4,nan,PTT06X1OY87,Recovered / Fixed,SFP inserted or port restored this week
PTT06001G00,ZTE,C300,,gpon_1/8/10,up,2.4,nan,PTT06X1OXT4,Recovered / Fixed,SFP inserted or port restored this week
PTT06001G00,ZTE,C300,,gpon_1/8/11,up,2.4,nan,PTT06X1OY97,Recovered / Fixed,SFP inserted or port restored this week
PTT06001G00,ZTE,C300,,gpon_1/8/12,up,2.4,nan,PTT06X1OXW8,Recovered / Fixed,SFP inserted or port restored this week
PTT06001G00,ZTE,C300,,gpon_1/8/13,up,2.4,nan,PTT06X1OY2B,Recovered / Fixed,SFP inserted or port restored this week
PTT06001G00,ZTE,C300,,gpon_1/8/14,up,2.4,nan,PTT06X1RR07,Recovered / Fixed,SFP inserted or port restored this week
PTT06001G00,ZTE,C300,,gpon_1/8/16,up,2.4,nan,PTT06X10ZE6,Recovered / Fixed,SFP inserted or port restored this week
PTT06001G00,ZTE,C300,,gpon_1/8/3,up,2.4,nan,PTT06X1OXZI,Recovered / Fixed,SFP inserted or port restored this week
PTT06001G00,ZTE,C300,,gpon_1/8/4,up,2.4,nan,PTT06X1OXZJ,Recovered / Fixed,SFP inserted or port restored this week
PTT06001G00,ZTE,C300,,gpon_1/8/5,up,2.4,nan,PTT06X1OXZY,Recovered / Fixed,SFP inserted or port restored this week
PTT06001G00,ZTE,C300,,gpon_1/8/6,up,2.4,nan,PTT06X1OY5N,Recovered / Fixed,SFP inserted or port restored this week
PTT06001G00,ZTE,C300,,gpon_1/8/8,up,2.4,nan,PTT06X1OXHY,Recovered / Fixed,SFP inserted or port restored this week
PTT06001G00,ZTE,C300,,gpon_1/9/10,up,2.4,nan,PTT06X10ZCA,Recovered / Fixed,SFP inserted or port restored this week
PTT06001G00,ZTE,C300,,gpon_1/9/11,up,2.4,nan,PTT06X10ZBN,Recovered / Fixed,SFP inserted or port restored this week
PTT06001G00,ZTE,C300,,gpon_1/9/12,up,2.4,nan,PTT06X10ZBO,Recovered / Fixed,SFP inserted or port restored this week
PTT06001G00,ZTE,C300,,gpon_1/9/13,up,2.4,nan,PTT06X10ZDI,Recovered / Fixed,SFP inserted or port restored this week
PTT06001G00,ZTE,C300,,gpon_1/9/16,up,2.4,nan,PTT06X10ZOV,Recovered / Fixed,SFP inserted or port restored this week
PTT06001G00,ZTE,C300,,gpon_1/9/2,up,2.4,nan,PTT06X10ZEM,Recovered / Fixed,SFP inserted or port restored this week
PTT06001G00,ZTE,C300,,gpon_1/9/4,up,2.4,nan,PTT06X14G45,Recovered / Fixed,SFP inserted or port restored this week
PTT06001G00,ZTE,C300,,gpon_1/9/5,up,2.4,nan,PTT06X14G46,Recovered / Fixed,SFP inserted or port restored this week
PTT06002G00,ZTE,C300,,gpon_1/12/1,up,2.4,nan,PTT06X17O3F,Recovered / Fixed,SFP inserted or port restored this week
PTT06002G00,ZTE,C300,,gpon_1/18/5,up,2.4,nan,PTT06X1B6SR,Recovered / Fixed,SFP inserted or port restored this week
PTT06002G00,ZTE,C300,,gpon_1/2/1,up,2.4,nan,PTT06X17NUL,Recovered / Fixed,SFP inserted or port restored this week
PTT06002G01,ZTE,C300,,gpon_1/16/10,up,2.4,nan,PTT06X35AHE,Recovered / Fixed,SFP inserted or port restored this week
PTT06002G01,ZTE,C300,,gpon_1/16/13,up,2.4,nan,PTT06X35ONB,Recovered / Fixed,SFP inserted or port restored this week
PTT06002G01,ZTE,C300,,gpon_1/16/14,up,2.4,nan,PTT06X35ONY,Recovered / Fixed,SFP inserted or port restored this week
PTT06002G01,ZTE,C300,,gpon_1/16/15,up,2.4,nan,PTT06X32JI8,Recovered / Fixed,SFP inserted or port restored this week
PTT06002G01,ZTE,C300,,gpon_1/16/2,up,2.4,nan,PTT06X300JN,Recovered / Fixed,SFP inserted or port restored this week
PTT06002G01,ZTE,C300,,gpon_1/16/3,up,2.4,nan,PTT06X314NK,Recovered / Fixed,SFP inserted or port restored this week
PTT06002G01,ZTE,C300,,gpon_1/16/5,up,2.4,nan,PTT06X31HB1,Recovered / Fixed,SFP inserted or port restored this week
PTT06002G01,ZTE,C300,,gpon_1/16/6,up,2.4,nan,PTT06X32BDQ,Recovered / Fixed,SFP inserted or port restored this week
PTT06002G01,ZTE,C300,,gpon_1/16/7,up,2.4,nan,PTT06X32CB0,Recovered / Fixed,SFP inserted or port restored this week
PTT06002G01,ZTE,C300,,gpon_1/16/8,up,2.4,nan,PTT06X332JD,Recovered / Fixed,SFP inserted or port restored this week
PTT06002G01,ZTE,C300,,gpon_1/17/1,up,2.4,nan,PTT06X381KP,Recovered / Fixed,SFP inserted or port restored this week
PTT06002G01,ZTE,C300,,gpon_1/17/12,up,2.4,nan,PTT06X3FFG1,Recovered / Fixed,SFP inserted or port restored this week
PTT06002G01,ZTE,C300,,gpon_1/17/13,up,2.4,nan,PTT06X3FFG4,Recovered / Fixed,SFP inserted or port restored this week
PTT06002G01,ZTE,C300,,gpon_1/17/14,down,2.4,nan,PTT06X3FFG5,Recovered / Fixed,SFP inserted or port restored this week
PTT06002G01,ZTE,C300,,gpon_1/17/3,up,2.4,nan,PTT06X38EMF,Recovered / Fixed,SFP inserted or port restored this week
PTT06002G01,ZTE,C300,,gpon_1/17/4,up,2.4,nan,PTT06X38EMK,Recovered / Fixed,SFP inserted or port restored this week
PTT06002G01,ZTE,C300,,gpon_1/17/5,up,2.4,nan,PTT06X38ENG,Recovered / Fixed,SFP inserted or port restored this week
PTT06002G01,ZTE,C300,,gpon_1/17/6,up,2.4,nan,PTT06X38ENH,Recovered / Fixed,SFP inserted or port restored this week
PTT06002G01,ZTE,C300,,gpon_1/17/7,up,2.4,nan,PTT06X38IN0,Recovered / Fixed,SFP inserted or port restored this week
PTT06002G01,ZTE,C300,,gpon_1/17/8,up,2.4,nan,PTT06X3BT0N,Recovered / Fixed,SFP inserted or port restored this week
PTT06002G01,ZTE,C300,,gpon_1/18/10,down,2.4,nan,PTT06X3OB1L,Recovered / Fixed,SFP inserted or port restored this week
PTT06002G01,ZTE,C300,,gpon_1/18/12,up,2.4,nan,PTT06X3QOOK,Recovered / Fixed,SFP inserted or port restored this week
PTT06002G01,ZTE,C300,,gpon_1/18/13,up,2.4,nan,PTT06X3PKZ0,Recovered / Fixed,SFP inserted or port restored this week
PTT06002G01,ZTE,C300,,gpon_1/18/14,up,2.4,nan,PTT06X3PX2C,Recovered / Fixed,SFP inserted or port restored this week
PTT06002G01,ZTE,C300,,gpon_1/18/2,up,2.4,nan,PTT06X3HSFZ,Recovered / Fixed,SFP inserted or port restored this week
PTT06002G01,ZTE,C300,,gpon_1/18/4,up,2.4,nan,PTT06X3IIMI,Recovered / Fixed,SFP inserted or port restored this week
PTT06002G01,ZTE,C300,,gpon_1/18/6,up,2.4,nan,PTT06X3IHRW,Recovered / Fixed,SFP inserted or port restored this week
PTT06002G01,ZTE,C300,,gpon_1/18/8,up,2.4,nan,PTT06X3N4M6,Recovered / Fixed,SFP inserted or port restored this week
PTT06002G01,ZTE,C300,,gpon_1/18/9,up,2.4,nan,PTT06X3N1JL,Recovered / Fixed,SFP inserted or port restored this week
PTT06002G01,ZTE,C300,,gpon_1/2/9,up,2.4,nan,PTT06X3ROOH,Recovered / Fixed,SFP inserted or port restored this week
PTT06002G01,ZTE,C300,,gpon_1/3/2,up,2.4,nan,PTT06X1V5Y0,Recovered / Fixed,SFP inserted or port restored this week
PTT06002G01,ZTE,C300,,gpon_1/5/12,up,2.4,nan,BKK46X16UBO,Recovered / Fixed,SFP inserted or port restored this week
PTT06002G01,ZTE,C300,,gpon_1/5/2,up,2.4,nan,BKK46X16UAM,Recovered / Fixed,SFP inserted or port restored this week
PTT06002G01,ZTE,C300,,gpon_1/5/8,down,2.4,nan,BKK46X16UB4,Recovered / Fixed,SFP inserted or port restored this week
PTT06002G01,ZTE,C300,,gpon_1/8/11,up,2.4,nan,PTT06X280G1,Recovered / Fixed,SFP inserted or port restored this week
PTT06003G00,ZTE,C300,,gpon_1/13/13,up,2.4,nan,PTT06X169ZA,Recovered / Fixed,SFP inserted or port restored this week
PTT06003G00,ZTE,C300,,gpon_1/13/8,up,2.4,nan,PTT06X16A24,Recovered / Fixed,SFP inserted or port restored this week
PTT06003G00,ZTE,C300,,gpon_1/3/1,up,2.4,nan,PTT01X03006,Recovered / Fixed,SFP inserted or port restored this week
PTT06003G00,ZTE,C300,,gpon_1/8/13,up,2.4,nan,PTT06X11O9U,Recovered / Fixed,SFP inserted or port restored this week
PTT06003G00,ZTE,C300,,gpon_1/9/11,up,2.4,nan,PTT06X3UL2X,Recovered / Fixed,SFP inserted or port restored this week
PTT06003G00,ZTE,C300,,gpon_1/9/12,up,2.4,nan,PTT06X3UL4A,Recovered / Fixed,SFP inserted or port restored this week
PTT06003G00,ZTE,C300,,gpon_1/9/15,up,2.4,nan,PTT01X1OI4D,Recovered / Fixed,SFP inserted or port restored this week
PTT06003G00,ZTE,C300,,gpon_1/9/8,up,2.4,nan,PTT06X3UL2O,Recovered / Fixed,SFP inserted or port restored this week
PTT06003G00,ZTE,C300,,gpon_1/9/9,up,2.4,nan,PTT06X3UL3U,Recovered / Fixed,SFP inserted or port restored this week
PTT06005GO0,ZTE,C320,,gpon_1/1/12,up,2.4,nan,PTT06X1CNMA,Recovered / Fixed,SFP inserted or port restored this week
PTT06005GO0,ZTE,C320,,gpon_1/1/3,up,2.4,nan,PTT06X1CNLF,Recovered / Fixed,SFP inserted or port restored this week
PTT06011GO0,ZTE,C320,,gpon_1/2/5,up,2.4,nan,PTT06X1IYWZ,Recovered / Fixed,SFP inserted or port restored this week
PTT06012GO0,ZTE,C320,,gpon_1/1/4,up,2.4,nan,PTT06X1LNGP,Recovered / Fixed,SFP inserted or port restored this week
PTT06015GO0,ZTE,C320,,gpon_1/2/2,up,2.4,nan,PTT06X2FIDY,Recovered / Fixed,SFP inserted or port restored this week
PTT06015GO0,ZTE,C320,,gpon_1/2/9,up,2.4,nan,PTT06X3OK8I,Recovered / Fixed,SFP inserted or port restored this week
PTT06016GO1,ZTE,C320,,gpon_1/2/7,up,2.4,nan,PTT06X28838,Recovered / Fixed,SFP inserted or port restored this week
PTT06038GO0,ZTE,C320,,gpon_1/1/16,up,2.4,nan,PTT06X1P4MM,Recovered / Fixed,SFP inserted or port restored this week
PTT06038GO0,ZTE,C320,,gpon_1/2/2,up,2.4,nan,PTT03X3RWFR,Recovered / Fixed,SFP inserted or port restored this week
PTT06038GO0,ZTE,C320,,gpon_1/2/3,up,2.4,nan,PTT03X3RWFS,Recovered / Fixed,SFP inserted or port restored this week
PTT06038GO0,ZTE,C320,,gpon_1/2/4,up,2.4,nan,PTT03X3RWFT,Recovered / Fixed,SFP inserted or port restored this week
PTT06038GO0,ZTE,C320,,gpon_1/2/5,up,2.4,nan,PTT03X3SID7,Recovered / Fixed,SFP inserted or port restored this week
PTT06039GO0,ZTE,C320,,gpon_1/1/4,up,2.4,nan,PTT03X1KYRZ,Recovered / Fixed,SFP inserted or port restored this week
PTT06039GO1,ZTE,C320,,gpon_1/1/16,up,2.4,nan,PTT03X3DLRD,Recovered / Fixed,SFP inserted or port restored this week
PTT06040GO0,ZTE,C320,,gpon_1/2/12,up,2.4,nan,PTT03X2S1V7,Recovered / Fixed,SFP inserted or port restored this week
PTT06040GO0,ZTE,C320,,gpon_1/2/4,up,2.4,nan,PTT03X1RLWU,Recovered / Fixed,SFP inserted or port restored this week
PTT06040GO1,ZTE,C320,,gpon_1/1/1,down,2.4,nan,PTT03X2IKF5,Recovered / Fixed,SFP inserted or port restored this week
PTT06040GO1,ZTE,C320,,gpon_1/1/12,up,2.4,nan,PTT03X01009,Recovered / Fixed,SFP inserted or port restored this week
PTT06040GO1,ZTE,C320,,gpon_1/1/13,up,2.4,nan,PTT03X0100E,Recovered / Fixed,SFP inserted or port restored this week
PTT06040GO1,ZTE,C320,,gpon_1/1/14,up,2.4,nan,PTT03X1KXI8,Recovered / Fixed,SFP inserted or port restored this week
PTT06040GO1,ZTE,C320,,gpon_1/1/2,up,2.4,nan,PTT03X1KXH9,Recovered / Fixed,SFP inserted or port restored this week
PTT06040GO1,ZTE,C320,,gpon_1/1/6,up,2.4,nan,PTT03X1OY22,Recovered / Fixed,SFP inserted or port restored this week
PTT06040GO1,ZTE,C320,,gpon_1/2/10,up,2.4,nan,PTT03X3DLY5,Recovered / Fixed,SFP inserted or port restored this week
PTT06AGNG00,ZTE,C300,,gpon_1/17/2,up,2.4,nan,PTT06X3CNHW,Recovered / Fixed,SFP inserted or port restored this week
PTT06AGNG00,ZTE,C300,,gpon_1/18/6,up,2.4,nan,PTT06X34HIB,Recovered / Fixed,SFP inserted or port restored this week
PTT06AGNG00,ZTE,C300,,gpon_1/18/7,up,2.4,nan,PTT06X388NV,Recovered / Fixed,SFP inserted or port restored this week
PTT06AGNG00,ZTE,C300,,gpon_1/19/9,up,2.4,nan,PTT06X2ULI4,Recovered / Fixed,SFP inserted or port restored this week
PTT06AGNG00,ZTE,C300,,gpon_1/3/10,up,2.4,nan,PTT06X1BSYM,Recovered / Fixed,SFP inserted or port restored this week
PTT06AGNG00,ZTE,C300,,gpon_1/4/16,up,2.4,nan,PTT06X1BTA8,Recovered / Fixed,SFP inserted or port restored this week
PTT06AGNG00,ZTE,C300,,gpon_1/4/2,up,2.4,nan,PTT06X1BSQX,Recovered / Fixed,SFP inserted or port restored this week
PTT06AGNG00,ZTE,C300,,gpon_1/4/4,up,2.4,nan,PTT06X1BSRB,Recovered / Fixed,SFP inserted or port restored this week
PTT06AGNG00,ZTE,C300,,gpon_1/6/15,up,2.4,nan,PTT06X1BSZB,Recovered / Fixed,SFP inserted or port restored this week
PTT06AGNG01,ZTE,C300,,gpon_1/12/5,up,2.4,nan,PTT06X1JP4E,Recovered / Fixed,SFP inserted or port restored this week
PTT06AGNG01,ZTE,C300,,gpon_1/12/6,up,2.4,nan,PTT06X1JP4F,Recovered / Fixed,SFP inserted or port restored this week
PTT06AGNG01,ZTE,C300,,gpon_1/13/11,up,2.4,nan,BKK42X1JR3M,Recovered / Fixed,SFP inserted or port restored this week
PTT06AGNG01,ZTE,C300,,gpon_1/13/12,up,2.4,nan,BKK42X1JR3L,Recovered / Fixed,SFP inserted or port restored this week
PTT06AGNG01,ZTE,C300,,gpon_1/13/13,up,2.4,nan,BKK42X1JR3B,Recovered / Fixed,SFP inserted or port restored this week
PTT06AGNG01,ZTE,C300,,gpon_1/13/14,up,2.4,nan,PTT06X1JQYC,Recovered / Fixed,SFP inserted or port restored this week
PTT06AGNG01,ZTE,C300,,gpon_1/13/15,up,2.4,nan,PTT06X1JQYB,Recovered / Fixed,SFP inserted or port restored this week
PTT06AGNG01,ZTE,C300,,gpon_1/13/16,up,2.4,nan,BKK42X1JR37,Recovered / Fixed,SFP inserted or port restored this week
PTT06AGNG01,ZTE,C300,,gpon_1/13/2,up,2.4,nan,PTT06X1JPVM,Recovered / Fixed,SFP inserted or port restored this week
PTT06AGNG01,ZTE,C300,,gpon_1/13/4,up,2.4,nan,PTT06X1JPUV,Recovered / Fixed,SFP inserted or port restored this week
PTT06AGNG01,ZTE,C300,,gpon_1/13/8,up,2.4,nan,PTT06X1JQZ7,Recovered / Fixed,SFP inserted or port restored this week
PTT06AGNG01,ZTE,C300,,gpon_1/13/9,up,2.4,nan,BKK42X1JR43,Recovered / Fixed,SFP inserted or port restored this week
PTT06AGNG01,ZTE,C300,,gpon_1/15/1,up,2.4,nan,PTT06X1JQR4,Recovered / Fixed,SFP inserted or port restored this week
PTT06AGNG01,ZTE,C300,,gpon_1/15/15,up,2.4,nan,PTT06X1JPY1,Recovered / Fixed,SFP inserted or port restored this week
PTT06AGNG01,ZTE,C300,,gpon_1/16/10,up,2.4,nan,BKK42X1JVSG,Recovered / Fixed,SFP inserted or port restored this week
PTT06AGNG01,ZTE,C300,,gpon_1/16/11,up,2.4,nan,BKK42X1JVSF,Recovered / Fixed,SFP inserted or port restored this week
PTT06AGNG01,ZTE,C300,,gpon_1/16/12,up,2.4,nan,PTT06X1JQ06,Recovered / Fixed,SFP inserted or port restored this week
PTT06AGNG01,ZTE,C300,,gpon_1/16/15,up,2.4,nan,PTT06X1JPXL,Recovered / Fixed,SFP inserted or port restored this week
PTT06AGNG01,ZTE,C300,,gpon_1/16/16,up,2.4,nan,PTT06X1JPWU,Recovered / Fixed,SFP inserted or port restored this week
PTT06AGNG01,ZTE,C300,,gpon_1/16/7,up,2.4,nan,PTT06X1JQG8,Recovered / Fixed,SFP inserted or port restored this week
PTT06AGNG01,ZTE,C300,,gpon_1/16/8,up,2.4,nan,PTT06X1JQG7,Recovered / Fixed,SFP inserted or port restored this week
PTT06AGNG01,ZTE,C300,,gpon_1/16/9,up,2.4,nan,PTT06X1JQFS,Recovered / Fixed,SFP inserted or port restored this week
PTT06AGNG01,ZTE,C300,,gpon_1/17/10,up,2.4,nan,PTT06X1P1F5,Recovered / Fixed,SFP inserted or port restored this week
PTT06AGNG01,ZTE,C300,,gpon_1/17/4,up,2.4,nan,PTT06X1PD1X,Recovered / Fixed,SFP inserted or port restored this week
PTT06AGNG01,ZTE,C300,,gpon_1/18/2,up,2.4,nan,PTT06X21RVC,Recovered / Fixed,SFP inserted or port restored this week
PTT06AGNG01,ZTE,C300,,gpon_1/18/9,up,2.4,nan,PTT06X2ECZB,Recovered / Fixed,SFP inserted or port restored this week
PTT06AGNG01,ZTE,C300,,gpon_1/4/11,up,2.4,nan,BKK42X1JHX6,Recovered / Fixed,SFP inserted or port restored this week
PTT06AGNG01,ZTE,C300,,gpon_1/6/1,up,2.4,nan,PTT06X143UZ,Recovered / Fixed,SFP inserted or port restored this week
PTT06AGNG01,ZTE,C300,,gpon_1/6/10,down,2.4,nan,BKK42X1Q9G2,Recovered / Fixed,SFP inserted or port restored this week
PTT06AGNG01,ZTE,C300,,gpon_1/6/11,up,2.4,nan,BKK42X1Q9GX,Recovered / Fixed,SFP inserted or port restored this week
PTT06AGNG01,ZTE,C300,,gpon_1/6/12,up,2.4,nan,BKK42X1Q9JE,Recovered / Fixed,SFP inserted or port restored this week
PTT06AGNG01,ZTE,C300,,gpon_1/6/13,up,2.4,nan,BKK42X1Q9IM,Recovered / Fixed,SFP inserted or port restored this week
PTT06AGNG01,ZTE,C300,,gpon_1/6/14,up,2.4,nan,BKK42X1Q9HF,Recovered / Fixed,SFP inserted or port restored this week
PTT06AGNG01,ZTE,C300,,gpon_1/6/15,up,2.4,nan,BKK42X1Q9AZ,Recovered / Fixed,SFP inserted or port restored this week
PTT06AGNG01,ZTE,C300,,gpon_1/6/16,up,2.4,nan,BKK42X1Q9BC,Recovered / Fixed,SFP inserted or port restored this week
PTT06AGNG01,ZTE,C300,,gpon_1/6/2,up,2.4,nan,PTT06X143U2,Recovered / Fixed,SFP inserted or port restored this week
PTT06AGNG01,ZTE,C300,,gpon_1/6/3,up,2.4,nan,PTT06X143U3,Recovered / Fixed,SFP inserted or port restored this week
PTT06AGNG01,ZTE,C300,,gpon_1/6/4,up,2.4,nan,PTT06X1P5G8,Recovered / Fixed,SFP inserted or port restored this week
PTT06AGNG01,ZTE,C300,,gpon_1/6/5,up,2.4,nan,PTT06X1P66F,Recovered / Fixed,SFP inserted or port restored this week
PTT06AGNG01,ZTE,C300,,gpon_1/6/7,up,2.4,nan,PTT06X1P5XK,Recovered / Fixed,SFP inserted or port restored this week
PTT06AGNG01,ZTE,C300,,gpon_1/6/8,up,2.4,nan,PTT06X1PMO8,Recovered / Fixed,SFP inserted or port restored this week
PTT06AGNG01,ZTE,C300,,gpon_1/6/9,up,2.4,nan,BKK42X1Q9EL,Recovered / Fixed,SFP inserted or port restored this week
PTT06AGNG01,ZTE,C300,,gpon_1/7/1,up,2.4,nan,BKK42X1Q9K3,Recovered / Fixed,SFP inserted or port restored this week
PTT06AGNG01,ZTE,C300,,gpon_1/7/10,up,2.4,nan,PTT06X1NGDN,Recovered / Fixed,SFP inserted or port restored this week
PTT06AGNG01,ZTE,C300,,gpon_1/7/11,up,2.4,nan,PTT06X1NGD8,Recovered / Fixed,SFP inserted or port restored this week
PTT06AGNG01,ZTE,C300,,gpon_1/7/12,up,2.4,nan,PTT06X1NGCV,Recovered / Fixed,SFP inserted or port restored this week
PTT06AGNG01,ZTE,C300,,gpon_1/7/13,up,2.4,nan,PTT06X1SP9A,Recovered / Fixed,SFP inserted or port restored this week
PTT06AGNG01,ZTE,C300,,gpon_1/7/14,up,2.4,nan,PTT06X1SWT1,Recovered / Fixed,SFP inserted or port restored this week
PTT06AGNG01,ZTE,C300,,gpon_1/7/16,up,2.4,nan,PTT06X1ZJWD,Recovered / Fixed,SFP inserted or port restored this week
PTT06AGNG01,ZTE,C300,,gpon_1/7/2,up,2.4,nan,BKK42X1Q9WF,Recovered / Fixed,SFP inserted or port restored this week
PTT06AGNG01,ZTE,C300,,gpon_1/7/4,up,2.4,nan,BKK42X3F6FT,Recovered / Fixed,SFP inserted or port restored this week
PTT06AGNG01,ZTE,C300,,gpon_1/7/5,up,2.4,nan,PTT06X1NDMY,Recovered / Fixed,SFP inserted or port restored this week
PTT06AGNG01,ZTE,C300,,gpon_1/7/6,up,2.4,nan,PTT06X1NDNB,Recovered / Fixed,SFP inserted or port restored this week
PTT06AGNG01,ZTE,C300,,gpon_1/7/7,up,2.4,nan,PTT06X1NGE4,Recovered / Fixed,SFP inserted or port restored this week
PTT06AGNG01,ZTE,C300,,gpon_1/7/8,up,2.4,nan,PTT06X1NGEJ,Recovered / Fixed,SFP inserted or port restored this week
PTT06AGNG01,ZTE,C300,,gpon_1/7/9,up,2.4,nan,PTT06X1NGF0,Recovered / Fixed,SFP inserted or port restored this week
PTT06AGNG01,ZTE,C300,,gpon_1/8/10,up,2.4,nan,PTT06X1JNV2,Recovered / Fixed,SFP inserted or port restored this week
PTT06AGNG01,ZTE,C300,,gpon_1/8/11,up,2.4,nan,PTT06X1JNV3,Recovered / Fixed,SFP inserted or port restored this week
PTT06AGNG01,ZTE,C300,,gpon_1/8/15,up,2.4,nan,PTT06X1JO2O,Recovered / Fixed,SFP inserted or port restored this week
PTT06AGNG01,ZTE,C300,,gpon_1/8/16,up,2.4,nan,PTT06X1JO2P,Recovered / Fixed,SFP inserted or port restored this week
PTT06AGNG01,ZTE,C300,,gpon_1/8/2,up,2.4,nan,PTT06X1JNM8,Recovered / Fixed,SFP inserted or port restored this week
PTT06AGNG01,ZTE,C300,,gpon_1/8/4,up,2.4,nan,PTT06X1JNRN,Recovered / Fixed,SFP inserted or port restored this week
PTT06AGNG01,ZTE,C300,,gpon_1/8/5,up,2.4,nan,PTT06X1JNRO,Recovered / Fixed,SFP inserted or port restored this week
PTT06AGNG01,ZTE,C300,,gpon_1/8/6,up,2.4,nan,PTT06X1JNSA,Recovered / Fixed,SFP inserted or port restored this week
PTT06AGNG01,ZTE,C300,,gpon_1/8/7,up,2.4,nan,PTT06X1JNSC,Recovered / Fixed,SFP inserted or port restored this week
PTT06AGNG01,ZTE,C300,,gpon_1/8/8,up,2.4,nan,PTT06X1JNSV,Recovered / Fixed,SFP inserted or port restored this week
PTT06AGNG01,ZTE,C300,,gpon_1/9/10,up,2.4,nan,PTT06X1JO4N,Recovered / Fixed,SFP inserted or port restored this week
PTT06AGNG01,ZTE,C300,,gpon_1/9/14,up,2.4,nan,PTT06X1JO8D,Recovered / Fixed,SFP inserted or port restored this week
PTT06AGNG01,ZTE,C300,,gpon_1/9/16,up,2.4,nan,PTT06X1JO5C,Recovered / Fixed,SFP inserted or port restored this week
PTT06AGNG01,ZTE,C300,,gpon_1/9/2,up,2.4,nan,PTT06X1JO1Q,Recovered / Fixed,SFP inserted or port restored this week
PTT06AGNG01,ZTE,C300,,gpon_1/9/3,up,2.4,nan,PTT06X1JNZV,Recovered / Fixed,SFP inserted or port restored this week
PTT06AGNG01,ZTE,C300,,gpon_1/9/4,up,2.4,nan,PTT06X1JNZX,Recovered / Fixed,SFP inserted or port restored this week
PTT06AGNG01,ZTE,C300,,gpon_1/9/6,up,2.4,nan,PTT06X1JO3L,Recovered / Fixed,SFP inserted or port restored this week
PTT06AGNG01,ZTE,C300,,gpon_1/9/7,up,2.4,nan,PTT06X1JO3N,Recovered / Fixed,SFP inserted or port restored this week
PTT06AGNG01,ZTE,C300,,gpon_1/9/9,up,2.4,nan,PTT06X1JO47,Recovered / Fixed,SFP inserted or port restored this week
PTT07002GO0,ZTE,C320,,gpon_1/2/1,up,2.4,nan,PTT07X09024,Recovered / Fixed,SFP inserted or port restored this week
PTT07004GO0,ZTE,C320,,gpon_1/1/5,up,2.4,nan,PTT07X0100P,Recovered / Fixed,SFP inserted or port restored this week
PTT07004GO0,ZTE,C320,,gpon_1/1/7,up,2.4,nan,PTT07X01019,Recovered / Fixed,SFP inserted or port restored this week
PTT07004GO0,ZTE,C320,,gpon_1/2/10,up,2.4,nan,PTT07X1Y2LJ,Recovered / Fixed,SFP inserted or port restored this week
PTT07004GO0,ZTE,C320,,gpon_1/2/4,up,2.4,nan,PTT07X0101J,Recovered / Fixed,SFP inserted or port restored this week
PTT07007GO0,ZTE,C320,,gpon_1/1/3,up,2.4,nan,PTT07X0200B,Recovered / Fixed,SFP inserted or port restored this week
PTT07007GO0,ZTE,C320,,gpon_1/1/5,up,2.4,nan,PTT07X0200J,Recovered / Fixed,SFP inserted or port restored this week
PTT07AGNG00,ZTE,C300,,gpon_1/2/10,up,2.4,nan,PTT01X0C015,Recovered / Fixed,SFP inserted or port restored this week
PTT07AGNG00,ZTE,C300,,gpon_1/2/11,up,2.4,nan,PTT01X0C01A,Recovered / Fixed,SFP inserted or port restored this week
PTT07AGNG00,ZTE,C300,,gpon_1/2/12,up,2.4,nan,PTT01X0C01V,Recovered / Fixed,SFP inserted or port restored this week
PTT07AGNG00,ZTE,C300,,gpon_1/2/13,up,2.4,nan,PTT01X0C020,Recovered / Fixed,SFP inserted or port restored this week
PTT07AGNG00,ZTE,C300,,gpon_1/2/14,up,2.4,nan,PTT01X0C025,Recovered / Fixed,SFP inserted or port restored this week
PTT07AGNG00,ZTE,C300,,gpon_1/2/15,up,2.4,nan,PTT01X0C04O,Recovered / Fixed,SFP inserted or port restored this week
PTT07AGNG00,ZTE,C300,,gpon_1/2/16,up,2.4,nan,PTT07X0C02A,Recovered / Fixed,SFP inserted or port restored this week
PTT07AGNG00,ZTE,C300,,gpon_1/2/2,up,2.4,nan,PTT01X0C006,Recovered / Fixed,SFP inserted or port restored this week
PTT07AGNG00,ZTE,C300,,gpon_1/2/3,up,2.4,nan,PTT01X0C00L,Recovered / Fixed,SFP inserted or port restored this week
PTT07AGNG00,ZTE,C300,,gpon_1/2/4,up,2.4,nan,PTT01X0C00Q,Recovered / Fixed,SFP inserted or port restored this week
PTT07AGNG00,ZTE,C300,,gpon_1/2/5,down,2.4,nan,PTT01X0C00B,Recovered / Fixed,SFP inserted or port restored this week
PTT07AGNG00,ZTE,C300,,gpon_1/2/6,up,2.4,nan,PTT01X0C00G,Recovered / Fixed,SFP inserted or port restored this week
PTT07AGNG00,ZTE,C300,,gpon_1/2/7,down,2.4,nan,PTT01X0C00S,Recovered / Fixed,SFP inserted or port restored this week
PTT07AGNG00,ZTE,C300,,gpon_1/2/8,up,2.4,nan,PTT01X0C00W,Recovered / Fixed,SFP inserted or port restored this week
PTT07AGNG00,ZTE,C300,,gpon_1/2/9,up,2.4,nan,PTT01X0C011,Recovered / Fixed,SFP inserted or port restored this week
PTT07AGNG00,ZTE,C300,,gpon_1/3/1,up,2.4,nan,PTT07X0C02F,Recovered / Fixed,SFP inserted or port restored this week
PTT07AGNG00,ZTE,C300,,gpon_1/3/10,up,2.4,nan,PTT07X0C03B,Recovered / Fixed,SFP inserted or port restored this week
PTT07AGNG00,ZTE,C300,,gpon_1/3/11,up,2.4,nan,PTT07X0C03G,Recovered / Fixed,SFP inserted or port restored this week
PTT07AGNG00,ZTE,C300,,gpon_1/3/12,up,2.4,nan,PTT07X0C03L,Recovered / Fixed,SFP inserted or port restored this week
PTT07AGNG00,ZTE,C300,,gpon_1/3/13,up,2.4,nan,PTT07X0C03N,Recovered / Fixed,SFP inserted or port restored this week
PTT07AGNG00,ZTE,C300,,gpon_1/3/14,up,2.4,nan,PTT07X0C03S,Recovered / Fixed,SFP inserted or port restored this week
PTT07AGNG00,ZTE,C300,,gpon_1/3/15,up,2.4,nan,PTT07X0C04K,Recovered / Fixed,SFP inserted or port restored this week
PTT07AGNG00,ZTE,C300,,gpon_1/3/16,up,2.4,nan,PTT07X0C04H,Recovered / Fixed,SFP inserted or port restored this week
PTT07AGNG00,ZTE,C300,,gpon_1/3/2,up,2.4,nan,PTT07X0C02K,Recovered / Fixed,SFP inserted or port restored this week
PTT07AGNG00,ZTE,C300,,gpon_1/3/3,up,2.4,nan,PTT07X0C02O,Recovered / Fixed,SFP inserted or port restored this week
PTT07AGNG00,ZTE,C300,,gpon_1/3/4,up,2.4,nan,PTT07X0C02T,Recovered / Fixed,SFP inserted or port restored this week
PTT07AGNG00,ZTE,C300,,gpon_1/3/5,up,2.4,nan,PTT07X0C02V,Recovered / Fixed,SFP inserted or port restored this week
PTT07AGNG00,ZTE,C300,,gpon_1/3/6,up,2.4,nan,PTT07X0C02X,Recovered / Fixed,SFP inserted or port restored this week
PTT07AGNG00,ZTE,C300,,gpon_1/3/7,up,2.4,nan,PTT07X0C032,Recovered / Fixed,SFP inserted or port restored this week
PTT07AGNG00,ZTE,C300,,gpon_1/3/8,up,2.4,nan,PTT07X0C037,Recovered / Fixed,SFP inserted or port restored this week
PTT07AGNG00,ZTE,C300,,gpon_1/3/9,up,2.4,nan,PTT07X0C04M,Recovered / Fixed,SFP inserted or port restored this week
PTT07AGNG00,ZTE,C300,,gpon_1/4/1,up,2.4,nan,PTT07X0C03V,Recovered / Fixed,SFP inserted or port restored this week
PTT07AGNG00,ZTE,C300,,gpon_1/4/10,up,2.4,nan,PTT01X1L8VZ,Recovered / Fixed,SFP inserted or port restored this week
PTT07AGNG00,ZTE,C300,,gpon_1/4/11,up,2.4,nan,PTT01X1L8Q0,Recovered / Fixed,SFP inserted or port restored this week
PTT07AGNG00,ZTE,C300,,gpon_1/4/12,up,2.4,nan,PTT01X1L81H,Recovered / Fixed,SFP inserted or port restored this week
PTT07AGNG00,ZTE,C300,,gpon_1/4/13,up,2.4,nan,PTT01X1L823,Recovered / Fixed,SFP inserted or port restored this week
PTT07AGNG00,ZTE,C300,,gpon_1/4/14,up,2.4,nan,PTT01X1L824,Recovered / Fixed,SFP inserted or port restored this week
PTT07AGNG00,ZTE,C300,,gpon_1/4/15,up,2.4,nan,PTT01X1L7FR,Recovered / Fixed,SFP inserted or port restored this week
PTT07AGNG00,ZTE,C300,,gpon_1/4/16,up,2.4,nan,PTT01X1L7GJ,Recovered / Fixed,SFP inserted or port restored this week
PTT07AGNG00,ZTE,C300,,gpon_1/4/2,up,2.4,nan,PTT07X0C040,Recovered / Fixed,SFP inserted or port restored this week
PTT07AGNG00,ZTE,C300,,gpon_1/4/3,up,2.4,nan,PTT07X0C045,Recovered / Fixed,SFP inserted or port restored this week
PTT07AGNG00,ZTE,C300,,gpon_1/4/4,up,2.4,nan,PTT07X0C04A,Recovered / Fixed,SFP inserted or port restored this week
PTT07AGNG00,ZTE,C300,,gpon_1/4/5,up,2.4,nan,PTT07X0C04F,Recovered / Fixed,SFP inserted or port restored this week
PTT07AGNG00,ZTE,C300,,gpon_1/4/6,up,2.4,nan,PTT07X0C01E,Recovered / Fixed,SFP inserted or port restored this week
PTT07AGNG00,ZTE,C300,,gpon_1/4/7,up,2.4,nan,PTT07X0C01H,Recovered / Fixed,SFP inserted or port restored this week
PTT07AGNG00,ZTE,C300,,gpon_1/4/9,up,2.4,nan,PTT01X1L8I4,Recovered / Fixed,SFP inserted or port restored this week
PTT07AGNG00,ZTE,C300,,gpon_1/5/10,up,2.4,nan,PTT07X1LA7M,Recovered / Fixed,SFP inserted or port restored this week
PTT07AGNG00,ZTE,C300,,gpon_1/5/11,up,2.4,nan,PTT07X1LA7P,Recovered / Fixed,SFP inserted or port restored this week
PTT07AGNG00,ZTE,C300,,gpon_1/5/12,up,2.4,nan,PTT07X1LAAL,Recovered / Fixed,SFP inserted or port restored this week
PTT07AGNG00,ZTE,C300,,gpon_1/5/13,up,2.4,nan,PTT07X1L66J,Recovered / Fixed,SFP inserted or port restored this week
PTT07AGNG00,ZTE,C300,,gpon_1/5/14,up,2.4,nan,PTT07X1L66K,Recovered / Fixed,SFP inserted or port restored this week
PTT07AGNG00,ZTE,C300,,gpon_1/5/15,up,2.4,nan,PTT07X1L64L,Recovered / Fixed,SFP inserted or port restored this week
PTT07AGNG00,ZTE,C300,,gpon_1/5/2,up,2.4,nan,PTT07X1LACN,Recovered / Fixed,SFP inserted or port restored this week
PTT07AGNG00,ZTE,C300,,gpon_1/5/3,up,2.4,nan,PTT07X1L9KB,Recovered / Fixed,SFP inserted or port restored this week
PTT07AGNG00,ZTE,C300,,gpon_1/5/4,up,2.4,nan,PTT07X1LAF0,Recovered / Fixed,SFP inserted or port restored this week
PTT07AGNG00,ZTE,C300,,gpon_1/5/5,up,2.4,nan,PTT07X1L9IZ,Recovered / Fixed,SFP inserted or port restored this week
PTT07AGNG00,ZTE,C300,,gpon_1/5/7,up,2.4,nan,PTT07X1LALT,Recovered / Fixed,SFP inserted or port restored this week
PTT07AGNG00,ZTE,C300,,gpon_1/5/8,up,2.4,nan,PTT07X1LA1L,Recovered / Fixed,SFP inserted or port restored this week
PTT07AGNG00,ZTE,C300,,gpon_1/5/9,up,2.4,nan,PTT07X1LAGV,Recovered / Fixed,SFP inserted or port restored this week
PTT07AGNG00,ZTE,C300,,gpon_1/6/10,up,2.4,nan,PTT01X1LF2X,Recovered / Fixed,SFP inserted or port restored this week
PTT07AGNG00,ZTE,C300,,gpon_1/6/11,up,2.4,nan,PTT01X1LF30,Recovered / Fixed,SFP inserted or port restored this week
PTT07AGNG00,ZTE,C300,,gpon_1/6/12,up,2.4,nan,PTT01X1LF56,Recovered / Fixed,SFP inserted or port restored this week
PTT07AGNG00,ZTE,C300,,gpon_1/6/13,up,2.4,nan,PTT01X1LF57,Recovered / Fixed,SFP inserted or port restored this week
PTT07AGNG00,ZTE,C300,,gpon_1/6/14,up,2.4,nan,PTT01X1LF58,Recovered / Fixed,SFP inserted or port restored this week
PTT07AGNG00,ZTE,C300,,gpon_1/6/15,up,2.4,nan,PTT01X1LF5K,Recovered / Fixed,SFP inserted or port restored this week
PTT07AGNG00,ZTE,C300,,gpon_1/6/16,up,2.4,nan,PTT01X1LF5G,Recovered / Fixed,SFP inserted or port restored this week
PTT07AGNG00,ZTE,C300,,gpon_1/6/5,up,2.4,nan,PTT01X1LF5Q,Recovered / Fixed,SFP inserted or port restored this week
PTT07AGNG00,ZTE,C300,,gpon_1/6/6,up,2.4,nan,PTT01X1LF5R,Recovered / Fixed,SFP inserted or port restored this week
PTT07AGNG00,ZTE,C300,,gpon_1/6/7,up,2.4,nan,PTT01X1LF5O,Recovered / Fixed,SFP inserted or port restored this week
PTT07AGNG00,ZTE,C300,,gpon_1/6/8,up,2.4,nan,PTT01X1LF5M,Recovered / Fixed,SFP inserted or port restored this week
PTT07AGNG00,ZTE,C300,,gpon_1/6/9,up,2.4,nan,PTT01X1LF5N,Recovered / Fixed,SFP inserted or port restored this week
PTT07AGNG00,ZTE,C300,,gpon_1/7/1,up,2.4,nan,PTT01X1LF5H,Recovered / Fixed,SFP inserted or port restored this week
PTT07AGNG00,ZTE,C300,,gpon_1/7/10,up,2.4,nan,PTT01X1LCBE,Recovered / Fixed,SFP inserted or port restored this week
PTT07AGNG00,ZTE,C300,,gpon_1/7/11,up,2.4,nan,PTT01X1LCAZ,Recovered / Fixed,SFP inserted or port restored this week
PTT07AGNG00,ZTE,C300,,gpon_1/7/12,up,2.4,nan,PTT01X1LCB0,Recovered / Fixed,SFP inserted or port restored this week
PTT07AGNG00,ZTE,C300,,gpon_1/7/13,up,2.4,nan,PTT01X1LCB9,Recovered / Fixed,SFP inserted or port restored this week
PTT07AGNG00,ZTE,C300,,gpon_1/7/14,up,2.4,nan,PTT01X1LCBA,Recovered / Fixed,SFP inserted or port restored this week
PTT07AGNG00,ZTE,C300,,gpon_1/7/15,down,2.4,nan,PTT01X1LCAU,Recovered / Fixed,SFP inserted or port restored this week
PTT07AGNG00,ZTE,C300,,gpon_1/7/16,up,2.4,nan,PTT01X1LCAV,Recovered / Fixed,SFP inserted or port restored this week
PTT07AGNG00,ZTE,C300,,gpon_1/7/2,up,2.4,nan,PTT01X1LF5D,Recovered / Fixed,SFP inserted or port restored this week
PTT07AGNG00,ZTE,C300,,gpon_1/7/3,up,2.4,nan,PTT01X1LF5E,Recovered / Fixed,SFP inserted or port restored this week
PTT07AGNG00,ZTE,C300,,gpon_1/7/4,up,2.4,nan,PTT01X1LCBK,Recovered / Fixed,SFP inserted or port restored this week
PTT07AGNG00,ZTE,C300,,gpon_1/7/5,up,2.4,nan,PTT01X1LCBL,Recovered / Fixed,SFP inserted or port restored this week
PTT07AGNG00,ZTE,C300,,gpon_1/7/6,up,2.4,nan,PTT01X1LCBO,Recovered / Fixed,SFP inserted or port restored this week
PTT07AGNG00,ZTE,C300,,gpon_1/7/7,up,2.4,nan,PTT01X1LCBI,Recovered / Fixed,SFP inserted or port restored this week
PTT07AGNG00,ZTE,C300,,gpon_1/7/8,up,2.4,nan,PTT01X1LCBJ,Recovered / Fixed,SFP inserted or port restored this week
PTT07AGNG00,ZTE,C300,,gpon_1/7/9,up,2.4,nan,PTT01X1LCBD,Recovered / Fixed,SFP inserted or port restored this week
PTT07AGNG00,ZTE,C300,,gpon_1/9/16,up,2.4,nan,PTT01X309R7,Recovered / Fixed,SFP inserted or port restored this week
PTT07AGNG00,ZTE,C300,,gpon_1/9/7,up,2.4,nan,PTT07X2AHFG,Recovered / Fixed,SFP inserted or port restored this week
PTT07AGNG01,ZTE,C300,,gpon_1/2/1,up,2.4,nan,PTT01X02001,Recovered / Fixed,SFP inserted or port restored this week
PTT07AGNG01,ZTE,C300,,gpon_1/2/10,up,2.4,nan,PTT01X399VD,Recovered / Fixed,SFP inserted or port restored this week
PTT07AGNG01,ZTE,C300,,gpon_1/2/11,up,2.4,nan,PTT01X399VL,Recovered / Fixed,SFP inserted or port restored this week
PTT07AGNG01,ZTE,C300,,gpon_1/2/12,up,2.4,nan,PTT01X3DRBB,Recovered / Fixed,SFP inserted or port restored this week
PTT07AGNG01,ZTE,C300,,gpon_1/2/13,up,2.4,nan,PTT01X2CU12,Recovered / Fixed,SFP inserted or port restored this week
PTT07AGNG01,ZTE,C300,,gpon_1/2/15,up,2.4,nan,PTT07X3EFD4,Recovered / Fixed,SFP inserted or port restored this week
PTT07AGNG01,ZTE,C300,,gpon_1/2/16,up,2.4,nan,PTT01X21IU3,Recovered / Fixed,SFP inserted or port restored this week
PTT07AGNG01,ZTE,C300,,gpon_1/2/2,up,2.4,nan,PTT01X319VI,Recovered / Fixed,SFP inserted or port restored this week
PTT07AGNG01,ZTE,C300,,gpon_1/2/4,up,2.4,nan,PTT01X32EDV,Recovered / Fixed,SFP inserted or port restored this week
PTT07AGNG01,ZTE,C300,,gpon_1/2/6,up,2.4,nan,PTT07X35KXE,Recovered / Fixed,SFP inserted or port restored this week
PTT07AGNG01,ZTE,C300,,gpon_1/2/7,up,2.4,nan,PTT01X35WR0,Recovered / Fixed,SFP inserted or port restored this week
PTT07AGNG01,ZTE,C300,,gpon_1/2/9,up,2.4,nan,PTT01X399V4,Recovered / Fixed,SFP inserted or port restored this week
RCB01001G00,ZTE,C300,,gpon_1/2/15,up,2.4,nan,RCB01X0001S,Recovered / Fixed,SFP inserted or port restored this week
RCB01001G00,ZTE,C300,,gpon_1/2/16,up,2.4,nan,RCB01X0001V,Recovered / Fixed,SFP inserted or port restored this week
RCB01002G00,ZTE,C300,,gpon_1/3/1,up,2.4,nan,RCB01X00067,Recovered / Fixed,SFP inserted or port restored this week
RCB01002G00,ZTE,C300,,gpon_1/3/13,up,2.4,nan,RCB01X0007M,Recovered / Fixed,SFP inserted or port restored this week
RCB01002G00,ZTE,C300,,gpon_1/4/9,up,2.4,nan,RCB01X00094,Recovered / Fixed,SFP inserted or port restored this week
RCB01002G00,ZTE,C300,,gpon_1/5/13,up,2.4,nan,RCB01X2PZ3H,Recovered / Fixed,SFP inserted or port restored this week
RCB01002G00,ZTE,C300,,gpon_1/6/16,up,2.4,nan,RCB01X373L5,Recovered / Fixed,SFP inserted or port restored this week
RCB01002G00,ZTE,C300,,gpon_1/7/13,up,2.4,nan,RCB01X3DJZR,Recovered / Fixed,SFP inserted or port restored this week
RCB01002G00,ZTE,C300,,gpon_1/7/14,up,2.4,nan,RCB01X3DKOZ,Recovered / Fixed,SFP inserted or port restored this week
RCB01002G00,ZTE,C300,,gpon_1/7/15,up,2.4,nan,RCB01X3EP5Z,Recovered / Fixed,SFP inserted or port restored this week
RCB01002G00,ZTE,C300,,gpon_1/7/16,up,2.4,nan,RCB01X3G8RF,Recovered / Fixed,SFP inserted or port restored this week
RCB01002G00,ZTE,C300,,gpon_1/7/2,up,2.4,nan,RCB01X3CAHL,Recovered / Fixed,SFP inserted or port restored this week
RCB01002G00,ZTE,C300,,gpon_1/7/3,up,2.4,nan,RCB01X3DGMC,Recovered / Fixed,SFP inserted or port restored this week
RCB01002G00,ZTE,C300,,gpon_1/7/4,up,2.4,nan,RCB01X3GSTP,Recovered / Fixed,SFP inserted or port restored this week
RCB01002G00,ZTE,C300,,gpon_1/7/6,up,2.4,nan,RCB01X3DKJA,Recovered / Fixed,SFP inserted or port restored this week
RCB01002G00,ZTE,C300,,gpon_1/7/7,up,2.4,nan,RCB01X3V1MY,Recovered / Fixed,SFP inserted or port restored this week
RCB01002G00,ZTE,C300,,gpon_1/8/1,up,2.4,nan,RCB01X3CP33,Recovered / Fixed,SFP inserted or port restored this week
RCB01002G00,ZTE,C300,,gpon_1/8/10,up,2.4,nan,RCB01X3CP1R,Recovered / Fixed,SFP inserted or port restored this week
RCB01002G00,ZTE,C300,,gpon_1/8/11,up,2.4,nan,RCB01X3CP1Y,Recovered / Fixed,SFP inserted or port restored this week
RCB01002G00,ZTE,C300,,gpon_1/8/12,up,2.4,nan,RCB01X3CP27,Recovered / Fixed,SFP inserted or port restored this week
RCB01002G00,ZTE,C300,,gpon_1/8/13,up,2.4,nan,RCB01X3CP2C,Recovered / Fixed,SFP inserted or port restored this week
RCB01002G00,ZTE,C300,,gpon_1/8/14,up,2.4,nan,RCB01X3CP2K,Recovered / Fixed,SFP inserted or port restored this week
RCB01002G00,ZTE,C300,,gpon_1/8/15,up,2.4,nan,RCB01X3CP2N,Recovered / Fixed,SFP inserted or port restored this week
RCB01002G00,ZTE,C300,,gpon_1/8/16,up,2.4,nan,RCB01X3CP2V,Recovered / Fixed,SFP inserted or port restored this week
RCB01002G00,ZTE,C300,,gpon_1/8/2,up,2.4,nan,RCB01X3CP38,Recovered / Fixed,SFP inserted or port restored this week
RCB01002G00,ZTE,C300,,gpon_1/8/3,up,2.4,nan,RCB01X3CP3D,Recovered / Fixed,SFP inserted or port restored this week
RCB01002G00,ZTE,C300,,gpon_1/8/4,up,2.4,nan,RCB01X3CP3I,Recovered / Fixed,SFP inserted or port restored this week
RCB01002G00,ZTE,C300,,gpon_1/8/6,up,2.4,nan,RCB01X3CP3S,Recovered / Fixed,SFP inserted or port restored this week
RCB01002G00,ZTE,C300,,gpon_1/8/7,up,2.4,nan,RCB01X3CP3X,Recovered / Fixed,SFP inserted or port restored this week
RCB01002G00,ZTE,C300,,gpon_1/8/8,up,2.4,nan,RCB01X3CP1F,Recovered / Fixed,SFP inserted or port restored this week
RCB01002G00,ZTE,C300,,gpon_1/8/9,up,2.4,nan,RCB01X3CP1N,Recovered / Fixed,SFP inserted or port restored this week
RCB01047GO0,Fiberhome,AN5516-04,,PON 1/2,up,2.4,nan,RCB01X2VI9P,Recovered / Fixed,SFP inserted or port restored this week
RCB01051GO0,Fiberhome,AN6000-2,,PON 1/16,up,2.4,nan,RCB01X3A5U4,Recovered / Fixed,SFP inserted or port restored this week
RCB01051GO0,Fiberhome,AN6000-2,,PON 1/5,up,2.4,nan,RCB01X2PYM2,Recovered / Fixed,SFP inserted or port restored this week
RCB02001GO0,ZTE,C320,,gpon_1/1/16,up,2.4,nan,RCB02X37B6C,Recovered / Fixed,SFP inserted or port restored this week
RCB05001GO0,ZTE,C320,,gpon_1/2/2,up,2.4,nan,RCB05X0002P,Recovered / Fixed,SFP inserted or port restored this week
RCB05001GO0,ZTE,C320,,gpon_1/2/8,up,2.4,nan,RCB05X0000S,Recovered / Fixed,SFP inserted or port restored this week
RCB05039GO0,Fiberhome,AN5516-04,,PON 1/1,up,2.4,nan,RCB05X2B114,Recovered / Fixed,SFP inserted or port restored this week
RCB05042GO0,Fiberhome,AN5516-04,,PON 1/3,up,2.4,nan,RCB05X000C1,Recovered / Fixed,SFP inserted or port restored this week
RCB06006GO0,ZTE,C320,,gpon_1/1/1,up,2.4,nan,RCB06X2AY6R,Recovered / Fixed,SFP inserted or port restored this week
RCB06006GO0,ZTE,C320,,gpon_1/1/2,up,2.4,nan,RCB06X2VSR8,Recovered / Fixed,SFP inserted or port restored this week
RCB06006GO0,ZTE,C320,,gpon_1/1/3,up,2.4,nan,RCB06X2WK2S,Recovered / Fixed,SFP inserted or port restored this week
RCB06006GO0,ZTE,C320,,gpon_1/1/4,up,2.4,nan,RCB06X2WU9M,Recovered / Fixed,SFP inserted or port restored this week
RCB06006GO0,ZTE,C320,,gpon_1/1/7,up,2.4,nan,RCB06X10000,Recovered / Fixed,SFP inserted or port restored this week
RCB07001G00,ZTE,C300,,gpon_1/12/10,up,2.4,nan,RCB06X3EDI3,Recovered / Fixed,SFP inserted or port restored this week
RCB07001G00,ZTE,C300,,gpon_1/12/13,up,2.4,nan,RCB07X2W0TW,Recovered / Fixed,SFP inserted or port restored this week
RCB07001G00,ZTE,C300,,gpon_1/12/14,up,2.4,nan,RCB07X2VZBX,Recovered / Fixed,SFP inserted or port restored this week
RCB07001G00,ZTE,C300,,gpon_1/12/15,up,2.4,nan,RCB07X2W1BB,Recovered / Fixed,SFP inserted or port restored this week
RCB07001G00,ZTE,C300,,gpon_1/12/16,up,2.4,nan,RCB07X2WTHQ,Recovered / Fixed,SFP inserted or port restored this week
RCB07001G00,ZTE,C300,,gpon_1/12/3,up,2.4,nan,RCB07X2TOM0,Recovered / Fixed,SFP inserted or port restored this week
RCB07001G00,ZTE,C300,,gpon_1/12/4,up,2.4,nan,RCB07X2TOM1,Recovered / Fixed,SFP inserted or port restored this week
RCB07001G00,ZTE,C300,,gpon_1/12/6,up,2.4,nan,RCB07X2VEWY,Recovered / Fixed,SFP inserted or port restored this week
RCB07001G00,ZTE,C300,,gpon_1/12/8,up,2.4,nan,RCB07X2VWBW,Recovered / Fixed,SFP inserted or port restored this week
RCB07001G00,ZTE,C300,,gpon_1/12/9,up,2.4,nan,RCB07X39S3W,Recovered / Fixed,SFP inserted or port restored this week
RCB07001G00,ZTE,C300,,gpon_1/13/10,up,2.4,nan,RCB06X30OV7,Recovered / Fixed,SFP inserted or port restored this week
RCB07001G00,ZTE,C300,,gpon_1/13/11,up,2.4,nan,RCB07X31351,Recovered / Fixed,SFP inserted or port restored this week
RCB07001G00,ZTE,C300,,gpon_1/13/14,up,2.4,nan,RCB07X316BG,Recovered / Fixed,SFP inserted or port restored this week
RCB07001G00,ZTE,C300,,gpon_1/13/15,up,2.4,nan,RCB07X3DQS2,Recovered / Fixed,SFP inserted or port restored this week
RCB07001G00,ZTE,C300,,gpon_1/13/16,up,2.4,nan,RCB07X31NSM,Recovered / Fixed,SFP inserted or port restored this week
RCB07001G00,ZTE,C300,,gpon_1/13/3,up,2.4,nan,RCB07X2XBW2,Recovered / Fixed,SFP inserted or port restored this week
RCB07001G00,ZTE,C300,,gpon_1/13/4,up,2.4,nan,RCB07X3FBYM,Recovered / Fixed,SFP inserted or port restored this week
RCB07001G00,ZTE,C300,,gpon_1/13/6,up,2.4,nan,RCB07X2WO4H,Recovered / Fixed,SFP inserted or port restored this week
RCB07001G00,ZTE,C300,,gpon_1/13/7,up,2.4,nan,RCB07X2WTL1,Recovered / Fixed,SFP inserted or port restored this week
RCB07001G00,ZTE,C300,,gpon_1/13/8,up,2.4,nan,RCB07X3DJYS,Recovered / Fixed,SFP inserted or port restored this week
RCB07001G00,ZTE,C300,,gpon_1/13/9,up,2.4,nan,RCB06X30OV3,Recovered / Fixed,SFP inserted or port restored this week
RCB07001G00,ZTE,C300,,gpon_1/2/4,up,2.4,nan,RCB07X0000H,Recovered / Fixed,SFP inserted or port restored this week
RCB07001G00,ZTE,C300,,gpon_1/3/5,up,2.4,nan,RCB07X0002L,Recovered / Fixed,SFP inserted or port restored this week
RCB07001G00,ZTE,C300,,gpon_1/6/2,up,2.4,nan,RCB07X00043,Recovered / Fixed,SFP inserted or port restored this week
RCB07001G00,ZTE,C300,,gpon_1/6/5,up,2.4,nan,RCB07X0004E,Recovered / Fixed,SFP inserted or port restored this week
RCB07001G00,ZTE,C300,,gpon_1/8/11,up,2.4,nan,RCB07X0008R,Recovered / Fixed,SFP inserted or port restored this week
RCB07001G00,ZTE,C300,,gpon_1/8/14,up,2.4,nan,RCB07X00093,Recovered / Fixed,SFP inserted or port restored this week
RCB07001G00,ZTE,C300,,gpon_1/9/10,up,2.4,nan,RCB07X2D81O,Recovered / Fixed,SFP inserted or port restored this week
RCB07001G00,ZTE,C300,,gpon_1/9/16,up,2.4,nan,RCB07X3EK0W,Recovered / Fixed,SFP inserted or port restored this week
RCB07031GO0,Fiberhome,AN5516-04,,PON 1/1,up,2.4,nan,RCB07X2RS0X,Recovered / Fixed,SFP inserted or port restored this week
RCB09001G00,ZTE,C320,,gpon_1/1/6,up,2.4,nan,RCB09X2UH2X,Recovered / Fixed,SFP inserted or port restored this week
RET01018GO0,ZTE,C320,,gpon_1/1/8,up,2.4,nan,RET01X3FO18,Recovered / Fixed,SFP inserted or port restored this week
RET01018GO0,ZTE,C320,,gpon_1/2/3,up,2.4,nan,RET01X36Y21,Recovered / Fixed,SFP inserted or port restored this week
RET01018GO0,ZTE,C320,,gpon_1/2/7,up,2.4,nan,RET01X3E9PD,Recovered / Fixed,SFP inserted or port restored this week
RET04001G00,ZTE,C300,,gpon_1/2/1,up,2.4,nan,RET04X00001,Recovered / Fixed,SFP inserted or port restored this week
RET04001G00,ZTE,C300,,gpon_1/2/15,up,2.4,nan,RET04X0001P,Recovered / Fixed,SFP inserted or port restored this week
RET04001G00,ZTE,C300,,gpon_1/4/6,up,2.4,nan,RET04X0004D,Recovered / Fixed,SFP inserted or port restored this week
RET04001G00,ZTE,C300,,gpon_1/5/1,up,2.4,nan,RET04X3A73D,Recovered / Fixed,SFP inserted or port restored this week
RET04001G00,ZTE,C300,,gpon_1/5/10,up,2.4,nan,RET04X3GM65,Recovered / Fixed,SFP inserted or port restored this week
RET04001G00,ZTE,C300,,gpon_1/5/12,up,2.4,nan,RET04X3KHMF,Recovered / Fixed,SFP inserted or port restored this week
RET04001G00,ZTE,C300,,gpon_1/5/4,up,2.4,nan,RET04X3A7FK,Recovered / Fixed,SFP inserted or port restored this week
RET04001G00,ZTE,C300,,gpon_1/5/6,up,2.4,nan,RET04X3A7E0,Recovered / Fixed,SFP inserted or port restored this week
RET04001G00,ZTE,C300,,gpon_1/5/8,up,2.4,nan,RET04X3EB2P,Recovered / Fixed,SFP inserted or port restored this week
RET04001G00,ZTE,C300,,gpon_1/5/9,up,2.4,nan,RET04X3GM68,Recovered / Fixed,SFP inserted or port restored this week
RET05006G00,ZTE,C320,,gpon_1/1/7,up,2.4,nan,RET05X2YTQJ,Recovered / Fixed,SFP inserted or port restored this week
RET05006G00,ZTE,C320,,gpon_1/1/8,up,2.4,nan,RET05X3A80A,Recovered / Fixed,SFP inserted or port restored this week
RET10019GO0,Fiberhome,AN5516-04,,PON 1/1,up,2.4,nan,RET10X2FIVQ,Recovered / Fixed,SFP inserted or port restored this week
RET10019GO0,Fiberhome,AN5516-04,,PON 1/2,up,2.4,nan,RET10X000DL,Recovered / Fixed,SFP inserted or port restored this week
RET10019GO0,Fiberhome,AN5516-04,,PON 1/3,up,2.4,nan,RET10X000DQ,Recovered / Fixed,SFP inserted or port restored this week
RET10019GO0,Fiberhome,AN5516-04,,PON 1/4,up,2.4,nan,RET10X000DW,Recovered / Fixed,SFP inserted or port restored this week
RET10019GO0,Fiberhome,AN5516-04,,PON 1/5,up,2.4,nan,RET10X000E3,Recovered / Fixed,SFP inserted or port restored this week
RET10019GO0,Fiberhome,AN5516-04,,PON 1/6,up,2.4,nan,RET10X2S2L0,Recovered / Fixed,SFP inserted or port restored this week
RET10019GO0,Fiberhome,AN5516-04,,PON 1/7,up,2.4,nan,RET10X000EN,Recovered / Fixed,SFP inserted or port restored this week
RET10019GO0,Fiberhome,AN5516-04,,PON 1/8,up,2.4,nan,RET10X000EQ,Recovered / Fixed,SFP inserted or port restored this week
RET10019GO0,Fiberhome,AN5516-04,,PON 2/1,up,2.4,nan,RET10X2YQQS,Recovered / Fixed,SFP inserted or port restored this week
RET10019GO0,Fiberhome,AN5516-04,,PON 2/2,up,2.4,nan,RET10X2Z64Y,Recovered / Fixed,SFP inserted or port restored this week
RET10019GO0,Fiberhome,AN5516-04,,PON 2/3,up,2.4,nan,RET10X2Z6FC,Recovered / Fixed,SFP inserted or port restored this week
RET10019GO0,Fiberhome,AN5516-04,,PON 2/4,up,2.4,nan,RET10X391IA,Recovered / Fixed,SFP inserted or port restored this week
RET10019GO0,Fiberhome,AN5516-04,,PON 2/5,up,2.4,nan,RET10X391IF,Recovered / Fixed,SFP inserted or port restored this week
RET10019GO0,Fiberhome,AN5516-04,,PON 2/6,up,2.4,nan,RET10X391IK,Recovered / Fixed,SFP inserted or port restored this week
RET10019GO0,Fiberhome,AN5516-04,,PON 2/7,up,2.4,nan,RET10X3D5OR,Recovered / Fixed,SFP inserted or port restored this week
RET10019GO0,Fiberhome,AN5516-04,,PON 2/8,up,2.4,nan,RET10X391IP,Recovered / Fixed,SFP inserted or port restored this week
RET11011G00,Fiberhome,AN6001-G16,,PON 1/5,up,2.4,nan,RET11X2XLTD,Recovered / Fixed,SFP inserted or port restored this week
RET11011G00,Fiberhome,AN6001-G16,,PON 1/9,up,2.4,nan,RET11X3Q3G1,Recovered / Fixed,SFP inserted or port restored this week
RET18004G00,ZTE,C320,,gpon_1/1/2,up,2.4,nan,RET18X00009,Recovered / Fixed,SFP inserted or port restored this week
RET18004G00,ZTE,C320,,gpon_1/1/5,up,2.4,nan,RET18X3RVFR,Recovered / Fixed,SFP inserted or port restored this week
RET18004G00,ZTE,C320,,gpon_1/1/7,up,2.4,nan,RET18X3761C,Recovered / Fixed,SFP inserted or port restored this week
RNG01001G00,ZTE,C300,,gpon_1/4/14,up,2.4,nan,RNG01X2ZVGG,Recovered / Fixed,SFP inserted or port restored this week
RNG01001G00,ZTE,C300,,gpon_1/4/7,up,2.4,nan,RNG01X00040,Recovered / Fixed,SFP inserted or port restored this week
RNG01001G00,ZTE,C300,,gpon_1/4/9,up,2.4,nan,RNG01X310J1,Recovered / Fixed,SFP inserted or port restored this week
RNG01001G00,ZTE,C300,,gpon_1/6/16,up,2.4,nan,RNG01X2RYNK,Recovered / Fixed,SFP inserted or port restored this week
RNG01001G00,ZTE,C300,,gpon_1/8/12,up,2.4,nan,RNG01X2PRGA,Recovered / Fixed,SFP inserted or port restored this week
RNG01001G00,ZTE,C300,,gpon_1/8/13,up,2.4,nan,RNG01X00J01,Recovered / Fixed,SFP inserted or port restored this week
RNG01001G00,ZTE,C300,,gpon_1/8/14,up,2.4,nan,RNG01X32WVF,Recovered / Fixed,SFP inserted or port restored this week
RNG01001G00,ZTE,C300,,gpon_1/8/2,up,2.4,nan,RNG01X310KK,Recovered / Fixed,SFP inserted or port restored this week
RNG01001G00,ZTE,C300,,gpon_1/8/3,up,2.4,nan,RNG01X320T2,Recovered / Fixed,SFP inserted or port restored this week
RNG01001G00,ZTE,C300,,gpon_1/8/4,up,2.4,nan,RNG01X310KE,Recovered / Fixed,SFP inserted or port restored this week
RNG01001G00,ZTE,C300,,gpon_1/8/5,up,2.4,nan,RNG01X310KF,Recovered / Fixed,SFP inserted or port restored this week
RNG01001G00,ZTE,C300,,gpon_1/8/6,up,2.4,nan,RNG01X310KH,Recovered / Fixed,SFP inserted or port restored this week
RNG01001G00,ZTE,C300,,gpon_1/8/7,up,2.4,nan,RNG01X310KI,Recovered / Fixed,SFP inserted or port restored this week
RNG01001G00,ZTE,C300,,gpon_1/8/8,up,2.4,nan,RNG01X2PJB1,Recovered / Fixed,SFP inserted or port restored this week
RNG03002GO0,ZTE,C320,,gpon_1/1/3,up,2.4,nan,RNG03X2354A,Recovered / Fixed,SFP inserted or port restored this week
RNG03002GO0,ZTE,C320,,gpon_1/1/4,up,2.4,nan,RNG03X2DNDB,Recovered / Fixed,SFP inserted or port restored this week
RNG03002GO0,ZTE,C320,,gpon_1/2/1,up,2.4,nan,RNG03X2VYSH,Recovered / Fixed,SFP inserted or port restored this week
RNG03002GO0,ZTE,C320,,gpon_1/2/2,up,2.4,nan,RNG03X2VZHT,Recovered / Fixed,SFP inserted or port restored this week
RNG03002GO0,ZTE,C320,,gpon_1/2/3,up,2.4,nan,RNG03X2VZHW,Recovered / Fixed,SFP inserted or port restored this week
RNG03002GO0,ZTE,C320,,gpon_1/2/4,up,2.4,nan,RNG03X38LKP,Recovered / Fixed,SFP inserted or port restored this week
RNG03002GO0,ZTE,C320,,gpon_1/2/5,up,2.4,nan,RNG03X3A6HP,Recovered / Fixed,SFP inserted or port restored this week
SKA01005GO0,ZTE,C320,,gpon_1/2/2,up,2.4,nan,SKA01X2V87W,Recovered / Fixed,SFP inserted or port restored this week
SKA01006GO0,ZTE,C320,,gpon_1/1/15,up,2.4,nan,SKA01X000L1,Recovered / Fixed,SFP inserted or port restored this week
SKA01020GO0,ZTE,C320,,gpon_1/1/1,up,2.4,nan,SKA01X000EG,Recovered / Fixed,SFP inserted or port restored this week
SKA01020GO0,ZTE,C320,,gpon_1/1/11,up,2.4,nan,SKA01X3PMUR,Recovered / Fixed,SFP inserted or port restored this week
SKA01020GO0,ZTE,C320,,gpon_1/1/2,up,2.4,nan,SKA01X00141,Recovered / Fixed,SFP inserted or port restored this week
SKA01020GO0,ZTE,C320,,gpon_1/1/3,up,2.4,nan,SKA01X2V8N3,Recovered / Fixed,SFP inserted or port restored this week
SKA01020GO0,ZTE,C320,,gpon_1/1/4,up,2.4,nan,SKA01X346B6,Recovered / Fixed,SFP inserted or port restored this week
SKA01020GO0,ZTE,C320,,gpon_1/1/5,up,2.4,nan,SKA01X386UX,Recovered / Fixed,SFP inserted or port restored this week
SKA01020GO0,ZTE,C320,,gpon_1/1/6,up,2.4,nan,SKA11X38BCQ,Recovered / Fixed,SFP inserted or port restored this week
SKA01020GO0,ZTE,C320,,gpon_1/1/7,up,2.4,nan,SKA01X34265,Recovered / Fixed,SFP inserted or port restored this week
SKA01020GO0,ZTE,C320,,gpon_1/1/8,up,2.4,nan,SKA11X38BCP,Recovered / Fixed,SFP inserted or port restored this week
SKA01020GO0,ZTE,C320,,gpon_1/1/9,up,2.4,nan,SKA01X3BSZD,Recovered / Fixed,SFP inserted or port restored this week
SKA01030GO0,ZTE,C320,,gpon_1/2/7,up,2.4,nan,SKA01X001AP,Recovered / Fixed,SFP inserted or port restored this week
SKA01037GO0,ZTE,C320,,gpon_1/1/1,up,2.4,nan,SKA01X39ZZ2,Recovered / Fixed,SFP inserted or port restored this week
SKA01037GO0,ZTE,C320,,gpon_1/1/2,up,2.4,nan,SKA01X3A00C,Recovered / Fixed,SFP inserted or port restored this week
SKA01037GO0,ZTE,C320,,gpon_1/1/3,up,2.4,nan,SKA01X3A0BE,Recovered / Fixed,SFP inserted or port restored this week
SKA01037GO0,ZTE,C320,,gpon_1/1/4,up,2.4,nan,SKA01X3A04V,Recovered / Fixed,SFP inserted or port restored this week
SKA01037GO0,ZTE,C320,,gpon_1/1/5,up,2.4,nan,SKA01X3CRI6,Recovered / Fixed,SFP inserted or port restored this week
SKA01037GO0,ZTE,C320,,gpon_1/1/6,up,2.4,nan,SKA11X3PK9R,Recovered / Fixed,SFP inserted or port restored this week
SKA01037GO0,ZTE,C320,,gpon_1/1/7,up,2.4,nan,SKA11X3PK92,Recovered / Fixed,SFP inserted or port restored this week
SKA02002GO0,ZTE,C320,,gpon_1/1/1,up,2.4,nan,SKA02X0001P,Recovered / Fixed,SFP inserted or port restored this week
SKA02002GO0,ZTE,C320,,gpon_1/1/10,up,2.4,nan,SKA02X3KV99,Recovered / Fixed,SFP inserted or port restored this week
SKA02002GO0,ZTE,C320,,gpon_1/1/2,up,2.4,nan,SKA02X0001X,Recovered / Fixed,SFP inserted or port restored this week
SKA02002GO0,ZTE,C320,,gpon_1/1/3,up,2.4,nan,SKA02X00026,Recovered / Fixed,SFP inserted or port restored this week
SKA02002GO0,ZTE,C320,,gpon_1/1/4,up,2.4,nan,SKA02X0002C,Recovered / Fixed,SFP inserted or port restored this week
SKA02002GO0,ZTE,C320,,gpon_1/1/5,up,2.4,nan,SKA02XHPCAF,Recovered / Fixed,SFP inserted or port restored this week
SKA02002GO0,ZTE,C320,,gpon_1/1/6,up,2.4,nan,SKA02XHPCAG,Recovered / Fixed,SFP inserted or port restored this week
SKA02002GO0,ZTE,C320,,gpon_1/1/8,up,2.4,nan,SKA02X315HN,Recovered / Fixed,SFP inserted or port restored this week
SKA02002GO0,ZTE,C320,,gpon_1/1/9,down,2.4,nan,SKA02X3KV98,Recovered / Fixed,SFP inserted or port restored this week
SKA02007GO0,ZTE,C320,,gpon_1/2/1,up,2.4,nan,SKA02X31565,Recovered / Fixed,SFP inserted or port restored this week
SKA02007GO0,ZTE,C320,,gpon_1/2/2,up,2.4,nan,SKA02X38ILK,Recovered / Fixed,SFP inserted or port restored this week
SKA02007GO0,ZTE,C320,,gpon_1/2/3,up,2.4,nan,SKA07X39YIV,Recovered / Fixed,SFP inserted or port restored this week
SKA02007GO0,ZTE,C320,,gpon_1/2/4,up,2.4,nan,SKA02X3KV94,Recovered / Fixed,SFP inserted or port restored this week
SKA02007GO0,ZTE,C320,,gpon_1/2/5,up,2.4,nan,SKA02X3KV95,Recovered / Fixed,SFP inserted or port restored this week
SKA02007GO0,ZTE,C320,,gpon_1/2/6,up,2.4,nan,SKA02X3KV96,Recovered / Fixed,SFP inserted or port restored this week
SKA02007GO0,ZTE,C320,,gpon_1/2/7,up,2.4,nan,SKA02X3KV97,Recovered / Fixed,SFP inserted or port restored this week
SKA02007GO0,ZTE,C320,,gpon_1/2/8,up,2.4,nan,SKA02X3KV93,Recovered / Fixed,SFP inserted or port restored this week
SKA03001G00,ZTE,C300,,gpon_1/2/16,up,2.4,nan,SKA03X0002R,Recovered / Fixed,SFP inserted or port restored this week
SKA03009G00,ZTE,C320,,gpon_1/1/1,up,2.4,nan,SKA03X0007G,Recovered / Fixed,SFP inserted or port restored this week
SKA03009G00,ZTE,C320,,gpon_1/1/10,up,2.4,nan,SKA03X3JV1J,Recovered / Fixed,SFP inserted or port restored this week
SKA03009G00,ZTE,C320,,gpon_1/1/11,up,2.4,nan,SKA03X3KWY3,Recovered / Fixed,SFP inserted or port restored this week
SKA03009G00,ZTE,C320,,gpon_1/1/2,up,2.4,nan,SKA03X0007H,Recovered / Fixed,SFP inserted or port restored this week
SKA03009G00,ZTE,C320,,gpon_1/1/3,up,2.4,nan,SKA03X0008J,Recovered / Fixed,SFP inserted or port restored this week
SKA03009G00,ZTE,C320,,gpon_1/1/4,up,2.4,nan,SKA03X2V3A4,Recovered / Fixed,SFP inserted or port restored this week
SKA03009G00,ZTE,C320,,gpon_1/1/5,up,2.4,nan,SKA03X2V3A3,Recovered / Fixed,SFP inserted or port restored this week
SKA03009G00,ZTE,C320,,gpon_1/1/6,up,2.4,nan,SKA03X2XQZ3,Recovered / Fixed,SFP inserted or port restored this week
SKA03009G00,ZTE,C320,,gpon_1/1/7,up,2.4,nan,SKA03X30LU3,Recovered / Fixed,SFP inserted or port restored this week
SKA03009G00,ZTE,C320,,gpon_1/1/8,up,2.4,nan,SKA03X36RZU,Recovered / Fixed,SFP inserted or port restored this week
SKA03009G00,ZTE,C320,,gpon_1/1/9,up,2.4,nan,SKA03X3BSE0,Recovered / Fixed,SFP inserted or port restored this week
SKA04001G00,ZTE,C300,,gpon_1/2/1,up,2.4,nan,SKA04X00005,Recovered / Fixed,SFP inserted or port restored this week
SKA04001G00,ZTE,C300,,gpon_1/2/10,up,2.4,nan,SKA04X0001D,Recovered / Fixed,SFP inserted or port restored this week
SKA04001G00,ZTE,C300,,gpon_1/2/11,up,2.4,nan,SKA04X0001E,Recovered / Fixed,SFP inserted or port restored this week
SKA04001G00,ZTE,C300,,gpon_1/2/12,up,2.4,nan,SKA04X0001J,Recovered / Fixed,SFP inserted or port restored this week
SKA04001G00,ZTE,C300,,gpon_1/2/13,up,2.4,nan,SKA04X0001N,Recovered / Fixed,SFP inserted or port restored this week
SKA04001G00,ZTE,C300,,gpon_1/2/14,up,2.4,nan,SKA04X0001S,Recovered / Fixed,SFP inserted or port restored this week
SKA04001G00,ZTE,C300,,gpon_1/2/15,up,2.4,nan,SKA04X0001V,Recovered / Fixed,SFP inserted or port restored this week
SKA04001G00,ZTE,C300,,gpon_1/2/16,up,2.4,nan,SKA04X00020,Recovered / Fixed,SFP inserted or port restored this week
SKA04001G00,ZTE,C300,,gpon_1/2/2,up,2.4,nan,SKA04X0000E,Recovered / Fixed,SFP inserted or port restored this week
SKA04001G00,ZTE,C300,,gpon_1/2/3,up,2.4,nan,SKA04X0000F,Recovered / Fixed,SFP inserted or port restored this week
SKA04001G00,ZTE,C300,,gpon_1/2/4,up,2.4,nan,SKA04X0000N,Recovered / Fixed,SFP inserted or port restored this week
SKA04001G00,ZTE,C300,,gpon_1/2/5,up,2.4,nan,SKA04X0000O,Recovered / Fixed,SFP inserted or port restored this week
SKA04001G00,ZTE,C300,,gpon_1/2/6,up,2.4,nan,SKA04X0000V,Recovered / Fixed,SFP inserted or port restored this week
SKA04001G00,ZTE,C300,,gpon_1/2/7,up,2.4,nan,SKA04X0000U,Recovered / Fixed,SFP inserted or port restored this week
SKA04001G00,ZTE,C300,,gpon_1/2/8,up,2.4,nan,SKA04X00014,Recovered / Fixed,SFP inserted or port restored this week
SKA04001G00,ZTE,C300,,gpon_1/2/9,up,2.4,nan,SKA04X00015,Recovered / Fixed,SFP inserted or port restored this week
SKA04001G00,ZTE,C300,,gpon_1/3/15,down,2.4,nan,SKA04X0003Z,Recovered / Fixed,SFP inserted or port restored this week
SKA04001G00,ZTE,C300,,gpon_1/3/3,up,2.4,nan,SKA04X0002F,Recovered / Fixed,SFP inserted or port restored this week
SKA04001G00,ZTE,C300,,gpon_1/3/6,up,2.4,nan,SKA04X0002W,Recovered / Fixed,SFP inserted or port restored this week
SKA04001G00,ZTE,C300,,gpon_1/4/10,up,2.4,nan,SKA04X2YGPR,Recovered / Fixed,SFP inserted or port restored this week
SKA04001G00,ZTE,C300,,gpon_1/4/11,down,2.4,nan,SKA04X34SRA,Recovered / Fixed,SFP inserted or port restored this week
SKA04001G00,ZTE,C300,,gpon_1/4/12,up,2.4,nan,SKA04X36S0E,Recovered / Fixed,SFP inserted or port restored this week
SKA04001G00,ZTE,C300,,gpon_1/4/13,up,2.4,nan,SKA04X3B7TH,Recovered / Fixed,SFP inserted or port restored this week
SKA04002GO0,ZTE,C320,,gpon_1/1/6,up,2.4,nan,SKA04XHPBAX,Recovered / Fixed,SFP inserted or port restored this week
SKA07011GO0,ZTE,C320,,gpon_1/1/1,up,2.4,nan,SKA07X346X0,Recovered / Fixed,SFP inserted or port restored this week
SKA07011GO0,ZTE,C320,,gpon_1/1/2,up,2.4,nan,SKA07X346XE,Recovered / Fixed,SFP inserted or port restored this week
SKA09002GO0,ZTE,C320,,gpon_1/2/1,up,2.4,nan,SKA09X00023,Recovered / Fixed,SFP inserted or port restored this week
SKA09013GO0,ZTE,C320,,gpon_1/1/1,up,2.4,nan,SKA09X00056,Recovered / Fixed,SFP inserted or port restored this week
SKA09013GO0,ZTE,C320,,gpon_1/1/10,up,2.4,nan,SKA09X3IJP6,Recovered / Fixed,SFP inserted or port restored this week
SKA09013GO0,ZTE,C320,,gpon_1/1/2,up,2.4,nan,SKA09X0005F,Recovered / Fixed,SFP inserted or port restored this week
SKA09013GO0,ZTE,C320,,gpon_1/1/3,up,2.4,nan,SKA09X0005Z,Recovered / Fixed,SFP inserted or port restored this week
SKA09013GO0,ZTE,C320,,gpon_1/1/4,up,2.4,nan,SKA09X2T77N,Recovered / Fixed,SFP inserted or port restored this week
SKA09013GO0,ZTE,C320,,gpon_1/1/5,up,2.4,nan,SKA09X2VNW8,Recovered / Fixed,SFP inserted or port restored this week
SKA09013GO0,ZTE,C320,,gpon_1/1/6,up,2.4,nan,SKA09X2VNW4,Recovered / Fixed,SFP inserted or port restored this week
SKA09013GO0,ZTE,C320,,gpon_1/1/7,up,2.4,nan,SKA09X33679,Recovered / Fixed,SFP inserted or port restored this week
SKA09013GO0,ZTE,C320,,gpon_1/1/9,up,2.4,nan,SKA09X3IJOX,Recovered / Fixed,SFP inserted or port restored this week
SKA10001G00,ZTE,C300,,gpon_1/2/1,up,2.4,nan,SKA10X00038,Recovered / Fixed,SFP inserted or port restored this week
SKA10001G00,ZTE,C300,,gpon_1/2/4,up,2.4,nan,SKA10X0002L,Recovered / Fixed,SFP inserted or port restored this week
SKA10001G00,ZTE,C300,,gpon_1/6/6,up,2.4,nan,SKA10X000NG,Recovered / Fixed,SFP inserted or port restored this week
SKA10002GO0,ZTE,C320,,gpon_1/1/16,up,2.4,nan,SKA10X0004Z,Recovered / Fixed,SFP inserted or port restored this week
SKA10003GO0,ZTE,C320,,gpon_1/1/16,up,2.4,nan,SKA10X00087,Recovered / Fixed,SFP inserted or port restored this week
SKA10006GO0,ZTE,C320,,gpon_1/2/1,down,2.4,nan,SKA10X343TJ,Recovered / Fixed,SFP inserted or port restored this week
SKA10006GO0,ZTE,C320,,gpon_1/2/2,up,2.4,nan,SKA10X351E4,Recovered / Fixed,SFP inserted or port restored this week
SKA11001G00,ZTE,C300,,gpon_1/15/5,up,2.4,nan,SKA11X2TEZC,Recovered / Fixed,SFP inserted or port restored this week
SKA11001G00,ZTE,C300,,gpon_1/17/11,up,2.4,nan,SKA11X2ZHHR,Recovered / Fixed,SFP inserted or port restored this week
SKA11001G00,ZTE,C300,,gpon_1/17/12,up,2.4,nan,SKA11X2YMAS,Recovered / Fixed,SFP inserted or port restored this week
SKA11001G00,ZTE,C300,,gpon_1/17/8,up,2.4,nan,SKA11X2ZHHL,Recovered / Fixed,SFP inserted or port restored this week
SKA11001G00,ZTE,C300,,gpon_1/18/1,up,2.4,nan,SKA11X32R2T,Recovered / Fixed,SFP inserted or port restored this week
SKA11001G00,ZTE,C300,,gpon_1/18/10,up,2.4,nan,SKA11X33KC3,Recovered / Fixed,SFP inserted or port restored this week
SKA11001G00,ZTE,C300,,gpon_1/18/11,up,2.4,nan,SKA11X33WWG,Recovered / Fixed,SFP inserted or port restored this week
SKA11001G00,ZTE,C300,,gpon_1/18/12,up,2.4,nan,SKA11X33WWJ,Recovered / Fixed,SFP inserted or port restored this week
SKA11001G00,ZTE,C300,,gpon_1/18/13,up,2.4,nan,SKA11X33WWM,Recovered / Fixed,SFP inserted or port restored this week
SKA11001G00,ZTE,C300,,gpon_1/18/14,up,2.4,nan,SKA11X33WXP,Recovered / Fixed,SFP inserted or port restored this week
SKA11001G00,ZTE,C300,,gpon_1/18/15,up,2.4,nan,SKA11X33Y5L,Recovered / Fixed,SFP inserted or port restored this week
SKA11001G00,ZTE,C300,,gpon_1/18/16,up,2.4,nan,SKA11X36YID,Recovered / Fixed,SFP inserted or port restored this week
SKA11001G00,ZTE,C300,,gpon_1/18/2,down,2.4,nan,SKA11X32R2W,Recovered / Fixed,SFP inserted or port restored this week
SKA11001G00,ZTE,C300,,gpon_1/18/3,up,2.4,nan,SKA11X32R2Y,Recovered / Fixed,SFP inserted or port restored this week
SKA11001G00,ZTE,C300,,gpon_1/18/4,up,2.4,nan,SKA11X32R3W,Recovered / Fixed,SFP inserted or port restored this week
SKA11001G00,ZTE,C300,,gpon_1/18/5,up,2.4,nan,SKA11X32R3X,Recovered / Fixed,SFP inserted or port restored this week
SKA11001G00,ZTE,C300,,gpon_1/18/6,up,2.4,nan,SKA11X32R92,Recovered / Fixed,SFP inserted or port restored this week
SKA11001G00,ZTE,C300,,gpon_1/18/7,up,2.4,nan,SKA11X32R94,Recovered / Fixed,SFP inserted or port restored this week
SKA11001G00,ZTE,C300,,gpon_1/18/8,up,2.4,nan,SKA11X316Z8,Recovered / Fixed,SFP inserted or port restored this week
SKA11001G00,ZTE,C300,,gpon_1/18/9,up,2.4,nan,SKA11X32W6H,Recovered / Fixed,SFP inserted or port restored this week
SKA11001G00,ZTE,C300,,gpon_1/2/1,up,2.4,nan,SKA11X0018Y,Recovered / Fixed,SFP inserted or port restored this week
SKA11001G00,ZTE,C300,,gpon_1/2/10,up,2.4,nan,SKA11O0006C,Recovered / Fixed,SFP inserted or port restored this week
SKA11001G00,ZTE,C300,,gpon_1/2/11,up,2.4,nan,SKA11O0006K,Recovered / Fixed,SFP inserted or port restored this week
SKA11001G00,ZTE,C300,,gpon_1/2/12,up,2.4,nan,SKA11O0006L,Recovered / Fixed,SFP inserted or port restored this week
SKA11001G00,ZTE,C300,,gpon_1/2/13,up,2.4,nan,SKA11O0001P,Recovered / Fixed,SFP inserted or port restored this week
SKA11001G00,ZTE,C300,,gpon_1/2/14,up,2.4,nan,SKA11O0001S,Recovered / Fixed,SFP inserted or port restored this week
SKA11001G00,ZTE,C300,,gpon_1/2/15,up,2.4,nan,SKA11O00020,Recovered / Fixed,SFP inserted or port restored this week
SKA11001G00,ZTE,C300,,gpon_1/2/16,up,2.4,nan,SKA11O00021,Recovered / Fixed,SFP inserted or port restored this week
SKA11001G00,ZTE,C300,,gpon_1/2/2,up,2.4,nan,SKA11X000EU,Recovered / Fixed,SFP inserted or port restored this week
SKA11001G00,ZTE,C300,,gpon_1/2/3,up,2.4,nan,SKA11X000EP,Recovered / Fixed,SFP inserted or port restored this week
SKA11001G00,ZTE,C300,,gpon_1/2/5,up,2.4,nan,SKA11O0005G,Recovered / Fixed,SFP inserted or port restored this week
SKA11001G00,ZTE,C300,,gpon_1/2/6,up,2.4,nan,SKA11O0005N,Recovered / Fixed,SFP inserted or port restored this week
SKA11001G00,ZTE,C300,,gpon_1/2/7,up,2.4,nan,SKA11O0005O,Recovered / Fixed,SFP inserted or port restored this week
SKA11001G00,ZTE,C300,,gpon_1/2/8,up,2.4,nan,SKA11O00066,Recovered / Fixed,SFP inserted or port restored this week
SKA11001G00,ZTE,C300,,gpon_1/2/9,up,2.4,nan,SKA11O00067,Recovered / Fixed,SFP inserted or port restored this week
SKA11001G00,ZTE,C300,,gpon_1/3/1,up,2.4,nan,SKA11O00026,Recovered / Fixed,SFP inserted or port restored this week
SKA11001G00,ZTE,C300,,gpon_1/3/10,up,2.4,nan,SKA11X0000V,Recovered / Fixed,SFP inserted or port restored this week
SKA11001G00,ZTE,C300,,gpon_1/3/11,up,2.4,nan,SKA11X00010,Recovered / Fixed,SFP inserted or port restored this week
SKA11001G00,ZTE,C300,,gpon_1/3/12,up,2.4,nan,SKA11X00018,Recovered / Fixed,SFP inserted or port restored this week
SKA11001G00,ZTE,C300,,gpon_1/3/13,up,2.4,nan,SKA11X00017,Recovered / Fixed,SFP inserted or port restored this week
SKA11001G00,ZTE,C300,,gpon_1/3/14,up,2.4,nan,SKA11X0001H,Recovered / Fixed,SFP inserted or port restored this week
SKA11001G00,ZTE,C300,,gpon_1/3/15,up,2.4,nan,SKA11X0001G,Recovered / Fixed,SFP inserted or port restored this week
SKA11001G00,ZTE,C300,,gpon_1/3/16,up,2.4,nan,SKA11X0002L,Recovered / Fixed,SFP inserted or port restored this week
SKA11001G00,ZTE,C300,,gpon_1/3/2,up,2.4,nan,SKA11O0002B,Recovered / Fixed,SFP inserted or port restored this week
SKA11001G00,ZTE,C300,,gpon_1/3/3,up,2.4,nan,SKA11O0002G,Recovered / Fixed,SFP inserted or port restored this week
SKA11001G00,ZTE,C300,,gpon_1/3/4,up,2.4,nan,SKA11X00005,Recovered / Fixed,SFP inserted or port restored this week
SKA11001G00,ZTE,C300,,gpon_1/3/5,up,2.4,nan,SKA11X0000A,Recovered / Fixed,SFP inserted or port restored this week
SKA11001G00,ZTE,C300,,gpon_1/3/6,up,2.4,nan,SKA11X0000H,Recovered / Fixed,SFP inserted or port restored this week
SKA11001G00,ZTE,C300,,gpon_1/3/7,up,2.4,nan,SKA11X0000I,Recovered / Fixed,SFP inserted or port restored this week
SKA11001G00,ZTE,C300,,gpon_1/3/8,up,2.4,nan,SKA11X0000Q,Recovered / Fixed,SFP inserted or port restored this week
SKA11001G00,ZTE,C300,,gpon_1/3/9,up,2.4,nan,SKA11X0000P,Recovered / Fixed,SFP inserted or port restored this week
SKA11001G00,ZTE,C300,,gpon_1/4/1,up,2.4,nan,SKA11X0002Q,Recovered / Fixed,SFP inserted or port restored this week
SKA11001G00,ZTE,C300,,gpon_1/4/10,up,2.4,nan,SKA11X0003N,Recovered / Fixed,SFP inserted or port restored this week
SKA11001G00,ZTE,C300,,gpon_1/4/11,up,2.4,nan,SKA11X00076,Recovered / Fixed,SFP inserted or port restored this week
SKA11001G00,ZTE,C300,,gpon_1/4/12,up,2.4,nan,SKA11X00077,Recovered / Fixed,SFP inserted or port restored this week
SKA11001G00,ZTE,C300,,gpon_1/4/13,up,2.4,nan,SKA11X0006X,Recovered / Fixed,SFP inserted or port restored this week
SKA11001G00,ZTE,C300,,gpon_1/4/14,up,2.4,nan,SKA11X0006W,Recovered / Fixed,SFP inserted or port restored this week
SKA11001G00,ZTE,C300,,gpon_1/4/15,up,2.4,nan,SKA11X0005X,Recovered / Fixed,SFP inserted or port restored this week
SKA11001G00,ZTE,C300,,gpon_1/4/16,up,2.4,nan,SKA11X0005Y,Recovered / Fixed,SFP inserted or port restored this week
SKA11001G00,ZTE,C300,,gpon_1/4/2,up,2.4,nan,SKA11X0002V,Recovered / Fixed,SFP inserted or port restored this week
SKA11001G00,ZTE,C300,,gpon_1/4/3,up,2.4,nan,SKA11X0002Z,Recovered / Fixed,SFP inserted or port restored this week
SKA11001G00,ZTE,C300,,gpon_1/4/4,up,2.4,nan,SKA11X00033,Recovered / Fixed,SFP inserted or port restored this week
SKA11001G00,ZTE,C300,,gpon_1/4/5,up,2.4,nan,SKA11X00038,Recovered / Fixed,SFP inserted or port restored this week
SKA11001G00,ZTE,C300,,gpon_1/4/6,up,2.4,nan,SKA11X0003D,Recovered / Fixed,SFP inserted or port restored this week
SKA11001G00,ZTE,C300,,gpon_1/4/7,up,2.4,nan,SKA11X0003S,Recovered / Fixed,SFP inserted or port restored this week
SKA11001G00,ZTE,C300,,gpon_1/4/8,up,2.4,nan,SKA11X00078,Recovered / Fixed,SFP inserted or port restored this week
SKA11001G00,ZTE,C300,,gpon_1/4/9,up,2.4,nan,SKA11X0003M,Recovered / Fixed,SFP inserted or port restored this week
SKA11001G00,ZTE,C300,,gpon_1/5/1,up,2.4,nan,SKA11X00059,Recovered / Fixed,SFP inserted or port restored this week
SKA11001G00,ZTE,C300,,gpon_1/5/10,up,2.4,nan,SKA11X000HP,Recovered / Fixed,SFP inserted or port restored this week
SKA11001G00,ZTE,C300,,gpon_1/5/11,up,2.4,nan,SKA11X000HL,Recovered / Fixed,SFP inserted or port restored this week
SKA11001G00,ZTE,C300,,gpon_1/5/12,up,2.4,nan,SKA11X000HA,Recovered / Fixed,SFP inserted or port restored this week
SKA11001G00,ZTE,C300,,gpon_1/5/13,up,2.4,nan,SKA11X000HH,Recovered / Fixed,SFP inserted or port restored this week
SKA11001G00,ZTE,C300,,gpon_1/5/14,up,2.4,nan,SKA11X000HJ,Recovered / Fixed,SFP inserted or port restored this week
SKA11001G00,ZTE,C300,,gpon_1/5/15,up,2.4,nan,SKA11X000I1,Recovered / Fixed,SFP inserted or port restored this week
SKA11001G00,ZTE,C300,,gpon_1/5/16,up,2.4,nan,SKA11X000LT,Recovered / Fixed,SFP inserted or port restored this week
SKA11001G00,ZTE,C300,,gpon_1/5/2,up,2.4,nan,SKA11X00054,Recovered / Fixed,SFP inserted or port restored this week
SKA11001G00,ZTE,C300,,gpon_1/5/3,up,2.4,nan,SKA11X00055,Recovered / Fixed,SFP inserted or port restored this week
SKA11001G00,ZTE,C300,,gpon_1/5/4,up,2.4,nan,SKA11X0001K,Recovered / Fixed,SFP inserted or port restored this week
SKA11001G00,ZTE,C300,,gpon_1/5/5,up,2.4,nan,SKA11X000EF,Recovered / Fixed,SFP inserted or port restored this week
SKA11001G00,ZTE,C300,,gpon_1/5/6,up,2.4,nan,SKA11X000EL,Recovered / Fixed,SFP inserted or port restored this week
SKA11001G00,ZTE,C300,,gpon_1/5/7,up,2.4,nan,SKA11X000HV,Recovered / Fixed,SFP inserted or port restored this week
SKA11001G00,ZTE,C300,,gpon_1/5/8,up,2.4,nan,SKA11X000EY,Recovered / Fixed,SFP inserted or port restored this week
SKA11001G00,ZTE,C300,,gpon_1/5/9,up,2.4,nan,SKA11X000EB,Recovered / Fixed,SFP inserted or port restored this week
SKA11001G00,ZTE,C300,,gpon_1/6/1,up,2.4,nan,SKA11X000LU,Recovered / Fixed,SFP inserted or port restored this week
SKA11001G00,ZTE,C300,,gpon_1/6/10,up,2.4,nan,SKA11X000PH,Recovered / Fixed,SFP inserted or port restored this week
SKA11001G00,ZTE,C300,,gpon_1/6/11,up,2.4,nan,SKA11X000PW,Recovered / Fixed,SFP inserted or port restored this week
SKA11001G00,ZTE,C300,,gpon_1/6/12,up,2.4,nan,SKA11X000PV,Recovered / Fixed,SFP inserted or port restored this week
SKA11001G00,ZTE,C300,,gpon_1/6/13,up,2.4,nan,SKA11X000PX,Recovered / Fixed,SFP inserted or port restored this week
SKA11001G00,ZTE,C300,,gpon_1/6/14,up,2.4,nan,SKA11X000Q0,Recovered / Fixed,SFP inserted or port restored this week
SKA11001G00,ZTE,C300,,gpon_1/6/15,up,2.4,nan,SKA11X000Q4,Recovered / Fixed,SFP inserted or port restored this week
SKA11001G00,ZTE,C300,,gpon_1/6/16,up,2.4,nan,SKA11X000Q9,Recovered / Fixed,SFP inserted or port restored this week
SKA11001G00,ZTE,C300,,gpon_1/6/2,up,2.4,nan,SKA11X000M7,Recovered / Fixed,SFP inserted or port restored this week
SKA11001G00,ZTE,C300,,gpon_1/6/3,up,2.4,nan,SKA11X000QE,Recovered / Fixed,SFP inserted or port restored this week
SKA11001G00,ZTE,C300,,gpon_1/6/4,up,2.4,nan,SKA11X000P1,Recovered / Fixed,SFP inserted or port restored this week
SKA11001G00,ZTE,C300,,gpon_1/6/5,up,2.4,nan,SKA11X000P2,Recovered / Fixed,SFP inserted or port restored this week
SKA11001G00,ZTE,C300,,gpon_1/6/6,up,2.4,nan,SKA11X000OR,Recovered / Fixed,SFP inserted or port restored this week
SKA11001G00,ZTE,C300,,gpon_1/6/7,up,2.4,nan,SKA11X000OS,Recovered / Fixed,SFP inserted or port restored this week
SKA11001G00,ZTE,C300,,gpon_1/6/8,up,2.4,nan,SKA11X000PC,Recovered / Fixed,SFP inserted or port restored this week
SKA11001G00,ZTE,C300,,gpon_1/6/9,up,2.4,nan,SKA11X000PD,Recovered / Fixed,SFP inserted or port restored this week
SKA11001G00,ZTE,C300,,gpon_1/7/1,up,2.4,nan,SKA11X000R7,Recovered / Fixed,SFP inserted or port restored this week
SKA11001G00,ZTE,C300,,gpon_1/7/10,up,2.4,nan,SKA11X000TY,Recovered / Fixed,SFP inserted or port restored this week
SKA11001G00,ZTE,C300,,gpon_1/7/11,up,2.4,nan,SKA11X000U2,Recovered / Fixed,SFP inserted or port restored this week
SKA11001G00,ZTE,C300,,gpon_1/7/12,up,2.4,nan,SKA11X000U5,Recovered / Fixed,SFP inserted or port restored this week
SKA11001G00,ZTE,C300,,gpon_1/7/13,up,2.4,nan,SKA11X000X4,Recovered / Fixed,SFP inserted or port restored this week
SKA11001G00,ZTE,C300,,gpon_1/7/14,up,2.4,nan,SKA11X0006Q,Recovered / Fixed,SFP inserted or port restored this week
SKA11001G00,ZTE,C300,,gpon_1/7/15,up,2.4,nan,SKA11X000XR,Recovered / Fixed,SFP inserted or port restored this week
SKA11001G00,ZTE,C300,,gpon_1/7/2,up,2.4,nan,SKA11X000RD,Recovered / Fixed,SFP inserted or port restored this week
SKA11001G00,ZTE,C300,,gpon_1/7/3,up,2.4,nan,SKA11X000RA,Recovered / Fixed,SFP inserted or port restored this week
SKA11001G00,ZTE,C300,,gpon_1/7/4,up,2.4,nan,SKA11X0003X,Recovered / Fixed,SFP inserted or port restored this week
SKA11001G00,ZTE,C300,,gpon_1/7/5,up,2.4,nan,SKA11X000S7,Recovered / Fixed,SFP inserted or port restored this week
SKA11001G00,ZTE,C300,,gpon_1/7/6,up,2.4,nan,SKA11X000S4,Recovered / Fixed,SFP inserted or port restored this week
SKA11001G00,ZTE,C300,,gpon_1/7/7,up,2.4,nan,SKA11X000RV,Recovered / Fixed,SFP inserted or port restored this week
SKA11001G00,ZTE,C300,,gpon_1/7/8,up,2.4,nan,SKA11X000S0,Recovered / Fixed,SFP inserted or port restored this week
SKA11001G00,ZTE,C300,,gpon_1/7/9,up,2.4,nan,SKA11X000TU,Recovered / Fixed,SFP inserted or port restored this week
SKA11001G00,ZTE,C300,,gpon_1/9/4,up,2.4,nan,SKA11X001C2,Recovered / Fixed,SFP inserted or port restored this week
SKA11003G00,ZTE,C300,,gpon_1/2/1,up,2.4,nan,SKA11X0018V,Recovered / Fixed,SFP inserted or port restored this week
SKA11003G00,ZTE,C300,,gpon_1/2/10,up,2.4,nan,SKA11X0017M,Recovered / Fixed,SFP inserted or port restored this week
SKA11003G00,ZTE,C300,,gpon_1/2/11,up,2.4,nan,SKA11X0017L,Recovered / Fixed,SFP inserted or port restored this week
SKA11003G00,ZTE,C300,,gpon_1/2/12,up,2.4,nan,SKA11X0017Q,Recovered / Fixed,SFP inserted or port restored this week
SKA11003G00,ZTE,C300,,gpon_1/2/13,up,2.4,nan,SKA11X00162,Recovered / Fixed,SFP inserted or port restored this week
SKA11003G00,ZTE,C300,,gpon_1/2/14,up,2.4,nan,SKA11X0014G,Recovered / Fixed,SFP inserted or port restored this week
SKA11003G00,ZTE,C300,,gpon_1/2/15,up,2.4,nan,SKA11X0014H,Recovered / Fixed,SFP inserted or port restored this week
SKA11003G00,ZTE,C300,,gpon_1/2/16,up,2.4,nan,SKA11X0014R,Recovered / Fixed,SFP inserted or port restored this week
SKA11003G00,ZTE,C300,,gpon_1/2/2,up,2.4,nan,SKA11X0018P,Recovered / Fixed,SFP inserted or port restored this week
SKA11003G00,ZTE,C300,,gpon_1/2/3,up,2.4,nan,SKA11X0018Q,Recovered / Fixed,SFP inserted or port restored this week
SKA11003G00,ZTE,C300,,gpon_1/2/4,up,2.4,nan,SKA11X0018I,Recovered / Fixed,SFP inserted or port restored this week
SKA11003G00,ZTE,C300,,gpon_1/2/5,up,2.4,nan,SKA11X0018H,Recovered / Fixed,SFP inserted or port restored this week
SKA11003G00,ZTE,C300,,gpon_1/2/6,up,2.4,nan,SKA11X00188,Recovered / Fixed,SFP inserted or port restored this week
SKA11003G00,ZTE,C300,,gpon_1/2/7,up,2.4,nan,SKA11X00180,Recovered / Fixed,SFP inserted or port restored this week
SKA11003G00,ZTE,C300,,gpon_1/2/8,up,2.4,nan,SKA11X0017Z,Recovered / Fixed,SFP inserted or port restored this week
SKA11003G00,ZTE,C300,,gpon_1/2/9,up,2.4,nan,SKA11X0016B,Recovered / Fixed,SFP inserted or port restored this week
SKA11003G00,ZTE,C300,,gpon_1/3/1,up,2.4,nan,SKA11X0014S,Recovered / Fixed,SFP inserted or port restored this week
SKA11003G00,ZTE,C300,,gpon_1/3/10,up,2.4,nan,SKA11X0015A,Recovered / Fixed,SFP inserted or port restored this week
SKA11003G00,ZTE,C300,,gpon_1/3/11,up,2.4,nan,SKA11X0016C,Recovered / Fixed,SFP inserted or port restored this week
SKA11003G00,ZTE,C300,,gpon_1/3/12,up,2.4,nan,SKA11X0016J,Recovered / Fixed,SFP inserted or port restored this week
SKA11003G00,ZTE,C300,,gpon_1/3/13,up,2.4,nan,SKA11X0016K,Recovered / Fixed,SFP inserted or port restored this week
SKA11003G00,ZTE,C300,,gpon_1/3/14,up,2.4,nan,SKA11X0016R,Recovered / Fixed,SFP inserted or port restored this week
SKA11003G00,ZTE,C300,,gpon_1/3/15,up,2.4,nan,SKA11X0016S,Recovered / Fixed,SFP inserted or port restored this week
SKA11003G00,ZTE,C300,,gpon_1/3/16,up,2.4,nan,SKA11X0017C,Recovered / Fixed,SFP inserted or port restored this week
SKA11003G00,ZTE,C300,,gpon_1/3/2,up,2.4,nan,SKA11X00151,Recovered / Fixed,SFP inserted or port restored this week
SKA11003G00,ZTE,C300,,gpon_1/3/3,up,2.4,nan,SKA11X00152,Recovered / Fixed,SFP inserted or port restored this week
SKA11003G00,ZTE,C300,,gpon_1/3/4,up,2.4,nan,SKA11X00156,Recovered / Fixed,SFP inserted or port restored this week
SKA11003G00,ZTE,C300,,gpon_1/3/5,up,2.4,nan,SKA11X0015X,Recovered / Fixed,SFP inserted or port restored this week
SKA11003G00,ZTE,C300,,gpon_1/3/6,up,2.4,nan,SKA11X0015S,Recovered / Fixed,SFP inserted or port restored this week
SKA11003G00,ZTE,C300,,gpon_1/3/7,up,2.4,nan,SKA11X0015T,Recovered / Fixed,SFP inserted or port restored this week
SKA11003G00,ZTE,C300,,gpon_1/3/8,up,2.4,nan,SKA11X0015R,Recovered / Fixed,SFP inserted or port restored this week
SKA11003G00,ZTE,C300,,gpon_1/3/9,up,2.4,nan,SKA11X0015F,Recovered / Fixed,SFP inserted or port restored this week
SKA11003G00,ZTE,C300,,gpon_1/4/1,up,2.4,nan,SKA11X00174,Recovered / Fixed,SFP inserted or port restored this week
SKA11003G00,ZTE,C300,,gpon_1/4/10,up,2.4,nan,SKA11X000RK,Recovered / Fixed,SFP inserted or port restored this week
SKA11003G00,ZTE,C300,,gpon_1/4/11,up,2.4,nan,SKA11X000T3,Recovered / Fixed,SFP inserted or port restored this week
SKA11003G00,ZTE,C300,,gpon_1/4/12,up,2.4,nan,SKA11X000TH,Recovered / Fixed,SFP inserted or port restored this week
SKA11003G00,ZTE,C300,,gpon_1/4/13,up,2.4,nan,SKA11X000TI,Recovered / Fixed,SFP inserted or port restored this week
SKA11003G00,ZTE,C300,,gpon_1/4/14,up,2.4,nan,SKA11X000UO,Recovered / Fixed,SFP inserted or port restored this week
SKA11003G00,ZTE,C300,,gpon_1/4/15,up,2.4,nan,SKA11X000UK,Recovered / Fixed,SFP inserted or port restored this week
SKA11003G00,ZTE,C300,,gpon_1/4/16,up,2.4,nan,SKA11X000UG,Recovered / Fixed,SFP inserted or port restored this week
SKA11003G00,ZTE,C300,,gpon_1/4/2,up,2.4,nan,SKA11X00175,Recovered / Fixed,SFP inserted or port restored this week
SKA11003G00,ZTE,C300,,gpon_1/4/3,up,2.4,nan,SKA11X00176,Recovered / Fixed,SFP inserted or port restored this week
SKA11003G00,ZTE,C300,,gpon_1/4/4,up,2.4,nan,SKA11X00177,Recovered / Fixed,SFP inserted or port restored this week
SKA11003G00,ZTE,C300,,gpon_1/4/5,up,2.4,nan,SKA11X000C4,Recovered / Fixed,SFP inserted or port restored this week
SKA11003G00,ZTE,C300,,gpon_1/4/6,up,2.4,nan,SKA11X00184,Recovered / Fixed,SFP inserted or port restored this week
SKA11003G00,ZTE,C300,,gpon_1/4/7,up,2.4,nan,SKA11X000I9,Recovered / Fixed,SFP inserted or port restored this week
SKA11003G00,ZTE,C300,,gpon_1/4/8,up,2.4,nan,SKA11X000QC,Recovered / Fixed,SFP inserted or port restored this week
SKA11003G00,ZTE,C300,,gpon_1/4/9,up,2.4,nan,SKA11X000RI,Recovered / Fixed,SFP inserted or port restored this week
SKA11003G00,ZTE,C300,,gpon_1/5/1,up,2.4,nan,SKA11X000UW,Recovered / Fixed,SFP inserted or port restored this week
SKA11003G00,ZTE,C300,,gpon_1/5/10,up,2.4,nan,SKA11X000BL,Recovered / Fixed,SFP inserted or port restored this week
SKA11003G00,ZTE,C300,,gpon_1/5/11,up,2.4,nan,SKA11X001BO,Recovered / Fixed,SFP inserted or port restored this week
SKA11003G00,ZTE,C300,,gpon_1/5/12,up,2.4,nan,SKA11X001BK,Recovered / Fixed,SFP inserted or port restored this week
SKA11003G00,ZTE,C300,,gpon_1/5/13,up,2.4,nan,SKA11X001BF,Recovered / Fixed,SFP inserted or port restored this week
SKA11003G00,ZTE,C300,,gpon_1/5/14,up,2.4,nan,SKA11X001BG,Recovered / Fixed,SFP inserted or port restored this week
SKA11003G00,ZTE,C300,,gpon_1/5/15,up,2.4,nan,SKA11X001BH,Recovered / Fixed,SFP inserted or port restored this week
SKA11003G00,ZTE,C300,,gpon_1/5/16,up,2.4,nan,SKA11X001CK,Recovered / Fixed,SFP inserted or port restored this week
SKA11003G00,ZTE,C300,,gpon_1/5/2,up,2.4,nan,SKA11X000UX,Recovered / Fixed,SFP inserted or port restored this week
SKA11003G00,ZTE,C300,,gpon_1/5/3,up,2.4,nan,SKA11X000X7,Recovered / Fixed,SFP inserted or port restored this week
SKA11003G00,ZTE,C300,,gpon_1/5/4,up,2.4,nan,SKA11X000XC,Recovered / Fixed,SFP inserted or port restored this week
SKA11003G00,ZTE,C300,,gpon_1/5/5,up,2.4,nan,SKA11X000VV,Recovered / Fixed,SFP inserted or port restored this week
SKA11003G00,ZTE,C300,,gpon_1/5/6,up,2.4,nan,SKA11X000VW,Recovered / Fixed,SFP inserted or port restored this week
SKA11003G00,ZTE,C300,,gpon_1/5/7,up,2.4,nan,SKA11X000VX,Recovered / Fixed,SFP inserted or port restored this week
SKA11003G00,ZTE,C300,,gpon_1/5/8,up,2.4,nan,SKA11X000Y2,Recovered / Fixed,SFP inserted or port restored this week
SKA11003G00,ZTE,C300,,gpon_1/5/9,up,2.4,nan,SKA11X000YC,Recovered / Fixed,SFP inserted or port restored this week
SKA11003G00,ZTE,C300,,gpon_1/6/1,up,2.4,nan,SKA11X001DI,Recovered / Fixed,SFP inserted or port restored this week
SKA11003G00,ZTE,C300,,gpon_1/6/10,up,2.4,nan,SKA11X001F4,Recovered / Fixed,SFP inserted or port restored this week
SKA11003G00,ZTE,C300,,gpon_1/6/11,up,2.4,nan,SKA11X001LC,Recovered / Fixed,SFP inserted or port restored this week
SKA11003G00,ZTE,C300,,gpon_1/6/12,up,2.4,nan,SKA11X0022Y,Recovered / Fixed,SFP inserted or port restored this week
SKA11003G00,ZTE,C300,,gpon_1/6/13,up,2.4,nan,SKA11X0022P,Recovered / Fixed,SFP inserted or port restored this week
SKA11003G00,ZTE,C300,,gpon_1/6/14,up,2.4,nan,SKA11X0024E,Recovered / Fixed,SFP inserted or port restored this week
SKA11003G00,ZTE,C300,,gpon_1/6/15,up,2.4,nan,SKA16X0001Z,Recovered / Fixed,SFP inserted or port restored this week
SKA11003G00,ZTE,C300,,gpon_1/6/16,up,2.4,nan,SKA16X00024,Recovered / Fixed,SFP inserted or port restored this week
SKA11003G00,ZTE,C300,,gpon_1/6/2,up,2.4,nan,SKA11X001D0,Recovered / Fixed,SFP inserted or port restored this week
SKA11003G00,ZTE,C300,,gpon_1/6/3,up,2.4,nan,SKA11X001D7,Recovered / Fixed,SFP inserted or port restored this week
SKA11003G00,ZTE,C300,,gpon_1/6/4,up,2.4,nan,SKA11X001DC,Recovered / Fixed,SFP inserted or port restored this week
SKA11003G00,ZTE,C300,,gpon_1/6/5,up,2.4,nan,SKA11X001DD,Recovered / Fixed,SFP inserted or port restored this week
SKA11003G00,ZTE,C300,,gpon_1/6/6,up,2.4,nan,SKA11X001DR,Recovered / Fixed,SFP inserted or port restored this week
SKA11003G00,ZTE,C300,,gpon_1/6/7,up,2.4,nan,SKA11X001DT,Recovered / Fixed,SFP inserted or port restored this week
SKA11003G00,ZTE,C300,,gpon_1/6/8,up,2.4,nan,SKA11X0014I,Recovered / Fixed,SFP inserted or port restored this week
SKA11003G00,ZTE,C300,,gpon_1/6/9,up,2.4,nan,SKA11X001E3,Recovered / Fixed,SFP inserted or port restored this week
SKA11003G00,ZTE,C300,,gpon_1/7/1,up,2.4,nan,SKA16X0002A,Recovered / Fixed,SFP inserted or port restored this week
SKA11003G00,ZTE,C300,,gpon_1/7/10,up,2.4,nan,SKA11X002LF,Recovered / Fixed,SFP inserted or port restored this week
SKA11003G00,ZTE,C300,,gpon_1/7/11,up,2.4,nan,SKA11X002LH,Recovered / Fixed,SFP inserted or port restored this week
SKA11003G00,ZTE,C300,,gpon_1/7/12,up,2.4,nan,SKA11X002LL,Recovered / Fixed,SFP inserted or port restored this week
SKA11003G00,ZTE,C300,,gpon_1/7/13,up,2.4,nan,SKA11X2TA4Z,Recovered / Fixed,SFP inserted or port restored this week
SKA11003G00,ZTE,C300,,gpon_1/7/2,up,2.4,nan,SKA11X002CY,Recovered / Fixed,SFP inserted or port restored this week
SKA11003G00,ZTE,C300,,gpon_1/7/3,up,2.4,nan,SKA11X002HG,Recovered / Fixed,SFP inserted or port restored this week
SKA11003G00,ZTE,C300,,gpon_1/7/4,up,2.4,nan,SKA11X002I1,Recovered / Fixed,SFP inserted or port restored this week
SKA11003G00,ZTE,C300,,gpon_1/7/5,up,2.4,nan,SKA11X002L8,Recovered / Fixed,SFP inserted or port restored this week
SKA11003G00,ZTE,C300,,gpon_1/7/6,up,2.4,nan,SKA11X002M6,Recovered / Fixed,SFP inserted or port restored this week
SKA11003G00,ZTE,C300,,gpon_1/7/7,up,2.4,nan,SKA11X002LU,Recovered / Fixed,SFP inserted or port restored this week
SKA11003G00,ZTE,C300,,gpon_1/7/8,up,2.4,nan,SKA11X002M0,Recovered / Fixed,SFP inserted or port restored this week
SKA11003G00,ZTE,C300,,gpon_1/7/9,up,2.4,nan,SKA11X002LO,Recovered / Fixed,SFP inserted or port restored this week
SKA11003G00,ZTE,C300,,gpon_1/9/1,up,2.4,nan,SKA16X3BW8Q,Recovered / Fixed,SFP inserted or port restored this week
SKA11003G00,ZTE,C300,,gpon_1/9/10,up,2.4,nan,SKA11X3I5J6,Recovered / Fixed,SFP inserted or port restored this week
SKA11003G00,ZTE,C300,,gpon_1/9/11,up,2.4,nan,SKA11X3I5JJ,Recovered / Fixed,SFP inserted or port restored this week
SKA11003G00,ZTE,C300,,gpon_1/9/12,up,2.4,nan,SKA11X3I5J1,Recovered / Fixed,SFP inserted or port restored this week
SKA11003G00,ZTE,C300,,gpon_1/9/13,up,2.4,nan,SKA11X3IOQV,Recovered / Fixed,SFP inserted or port restored this week
SKA11003G00,ZTE,C300,,gpon_1/9/14,up,2.4,nan,SKA11X3IOQS,Recovered / Fixed,SFP inserted or port restored this week
SKA11003G00,ZTE,C300,,gpon_1/9/15,up,2.4,nan,SKA11X3IOQQ,Recovered / Fixed,SFP inserted or port restored this week
SKA11003G00,ZTE,C300,,gpon_1/9/16,down,2.4,nan,SKA11X3IOQP,Recovered / Fixed,SFP inserted or port restored this week
SKA11003G00,ZTE,C300,,gpon_1/9/2,up,2.4,nan,SKA16X3BW8O,Recovered / Fixed,SFP inserted or port restored this week
SKA11003G00,ZTE,C300,,gpon_1/9/3,up,2.4,nan,SKA11X3QUXN,Recovered / Fixed,SFP inserted or port restored this week
SKA11003G00,ZTE,C300,,gpon_1/9/4,up,2.4,nan,SKA11X3ISV1,Recovered / Fixed,SFP inserted or port restored this week
SKA11003G00,ZTE,C300,,gpon_1/9/5,up,2.4,nan,SKA11X3EKE5,Recovered / Fixed,SFP inserted or port restored this week
SKA11003G00,ZTE,C300,,gpon_1/9/6,up,2.4,nan,SKA11X3GG4P,Recovered / Fixed,SFP inserted or port restored this week
SKA11003G00,ZTE,C300,,gpon_1/9/7,up,2.4,nan,SKA11X3JR9I,Recovered / Fixed,SFP inserted or port restored this week
SKA11003G00,ZTE,C300,,gpon_1/9/8,up,2.4,nan,SKA11X3HK7P,Recovered / Fixed,SFP inserted or port restored this week
SKA11004G00,ZTE,C300,,gpon_1/2/1,up,2.4,nan,SKA11X0008G,Recovered / Fixed,SFP inserted or port restored this week
SKA11004G00,ZTE,C300,,gpon_1/2/10,up,2.4,nan,SKA11X00086,Recovered / Fixed,SFP inserted or port restored this week
SKA11004G00,ZTE,C300,,gpon_1/2/11,up,2.4,nan,SKA11X00085,Recovered / Fixed,SFP inserted or port restored this week
SKA11004G00,ZTE,C300,,gpon_1/2/12,up,2.4,nan,SKA11X0007N,Recovered / Fixed,SFP inserted or port restored this week
SKA11004G00,ZTE,C300,,gpon_1/2/13,up,2.4,nan,SKA11X0007O,Recovered / Fixed,SFP inserted or port restored this week
SKA11004G00,ZTE,C300,,gpon_1/2/14,up,2.4,nan,SKA11X0007W,Recovered / Fixed,SFP inserted or port restored this week
SKA11004G00,ZTE,C300,,gpon_1/2/15,up,2.4,nan,SKA11X0007X,Recovered / Fixed,SFP inserted or port restored this week
SKA11004G00,ZTE,C300,,gpon_1/2/16,up,2.4,nan,SKA11X0007G,Recovered / Fixed,SFP inserted or port restored this week
SKA11004G00,ZTE,C300,,gpon_1/2/2,up,2.4,nan,SKA11X0008H,Recovered / Fixed,SFP inserted or port restored this week
SKA11004G00,ZTE,C300,,gpon_1/2/3,up,2.4,nan,SKA11X0008L,Recovered / Fixed,SFP inserted or port restored this week
SKA11004G00,ZTE,C300,,gpon_1/2/4,up,2.4,nan,SKA11X0008P,Recovered / Fixed,SFP inserted or port restored this week
SKA11004G00,ZTE,C300,,gpon_1/2/5,up,2.4,nan,SKA11X0008T,Recovered / Fixed,SFP inserted or port restored this week
SKA11004G00,ZTE,C300,,gpon_1/2/6,up,2.4,nan,SKA11X0008Y,Recovered / Fixed,SFP inserted or port restored this week
SKA11004G00,ZTE,C300,,gpon_1/2/7,up,2.4,nan,SKA11X00095,Recovered / Fixed,SFP inserted or port restored this week
SKA11004G00,ZTE,C300,,gpon_1/2/8,up,2.4,nan,SKA11X00094,Recovered / Fixed,SFP inserted or port restored this week
SKA11004G00,ZTE,C300,,gpon_1/2/9,up,2.4,nan,SKA11X0008A,Recovered / Fixed,SFP inserted or port restored this week
SKA11004G00,ZTE,C300,,gpon_1/3/1,up,2.4,nan,SKA11X0007H,Recovered / Fixed,SFP inserted or port restored this week
SKA11004G00,ZTE,C300,,gpon_1/3/10,up,2.4,nan,SKA11X001KW,Recovered / Fixed,SFP inserted or port restored this week
SKA11004G00,ZTE,C300,,gpon_1/3/12,up,2.4,nan,SKA11X001L5,Recovered / Fixed,SFP inserted or port restored this week
SKA11004G00,ZTE,C300,,gpon_1/3/13,up,2.4,nan,SKA11X001LA,Recovered / Fixed,SFP inserted or port restored this week
SKA11004G00,ZTE,C300,,gpon_1/3/14,up,2.4,nan,SKA11X001ML,Recovered / Fixed,SFP inserted or port restored this week
SKA11004G00,ZTE,C300,,gpon_1/3/15,up,2.4,nan,SKA11X001MK,Recovered / Fixed,SFP inserted or port restored this week
SKA11004G00,ZTE,C300,,gpon_1/3/16,up,2.4,nan,SKA11X001NB,Recovered / Fixed,SFP inserted or port restored this week
SKA11004G00,ZTE,C300,,gpon_1/3/2,up,2.4,nan,SKA11X000LK,Recovered / Fixed,SFP inserted or port restored this week
SKA11004G00,ZTE,C300,,gpon_1/3/3,up,2.4,nan,SKA11X000LJ,Recovered / Fixed,SFP inserted or port restored this week
SKA11004G00,ZTE,C300,,gpon_1/3/4,up,2.4,nan,SKA11X000R2,Recovered / Fixed,SFP inserted or port restored this week
SKA11004G00,ZTE,C300,,gpon_1/3/5,up,2.4,nan,SKA11X000QT,Recovered / Fixed,SFP inserted or port restored this week
SKA11004G00,ZTE,C300,,gpon_1/3/6,up,2.4,nan,SKA11X000QS,Recovered / Fixed,SFP inserted or port restored this week
SKA11004G00,ZTE,C300,,gpon_1/3/7,up,2.4,nan,SKA11X000R1,Recovered / Fixed,SFP inserted or port restored this week
SKA11004G00,ZTE,C300,,gpon_1/3/8,up,2.4,nan,SKA11X000QJ,Recovered / Fixed,SFP inserted or port restored this week
SKA11004G00,ZTE,C300,,gpon_1/3/9,up,2.4,nan,SKA11X001KV,Recovered / Fixed,SFP inserted or port restored this week
SKA11004G00,ZTE,C300,,gpon_1/4/1,up,2.4,nan,SKA11X001LV,Recovered / Fixed,SFP inserted or port restored this week
SKA11004G00,ZTE,C300,,gpon_1/4/10,up,2.4,nan,SKA11X001T8,Recovered / Fixed,SFP inserted or port restored this week
SKA11004G00,ZTE,C300,,gpon_1/4/12,up,2.4,nan,SKA11X001XV,Recovered / Fixed,SFP inserted or port restored this week
SKA11004G00,ZTE,C300,,gpon_1/4/13,up,2.4,nan,SKA11X002D9,Recovered / Fixed,SFP inserted or port restored this week
SKA11004G00,ZTE,C300,,gpon_1/4/14,up,2.4,nan,SKA11X002DE,Recovered / Fixed,SFP inserted or port restored this week
SKA11004G00,ZTE,C300,,gpon_1/4/15,up,2.4,nan,SKA11X002D3,Recovered / Fixed,SFP inserted or port restored this week
SKA11004G00,ZTE,C300,,gpon_1/4/16,up,2.4,nan,SKA11X002BM,Recovered / Fixed,SFP inserted or port restored this week
SKA11004G00,ZTE,C300,,gpon_1/4/2,up,2.4,nan,SKA11X001LW,Recovered / Fixed,SFP inserted or port restored this week
SKA11004G00,ZTE,C300,,gpon_1/4/3,up,2.4,nan,SKA11X001M5,Recovered / Fixed,SFP inserted or port restored this week
SKA11004G00,ZTE,C300,,gpon_1/4/4,up,2.4,nan,SKA11X001M6,Recovered / Fixed,SFP inserted or port restored this week
SKA11004G00,ZTE,C300,,gpon_1/4/5,up,2.4,nan,SKA11X001RO,Recovered / Fixed,SFP inserted or port restored this week
SKA11004G00,ZTE,C300,,gpon_1/4/6,up,2.4,nan,SKA11X001QS,Recovered / Fixed,SFP inserted or port restored this week
SKA11004G00,ZTE,C300,,gpon_1/4/7,up,2.4,nan,SKA11X001QN,Recovered / Fixed,SFP inserted or port restored this week
SKA11004G00,ZTE,C300,,gpon_1/4/8,up,2.4,nan,SKA11X001QJ,Recovered / Fixed,SFP inserted or port restored this week
SKA11004G00,ZTE,C300,,gpon_1/4/9,up,2.4,nan,SKA11X001RT,Recovered / Fixed,SFP inserted or port restored this week
SKA11004G00,ZTE,C300,,gpon_1/6/2,up,2.4,nan,SKA11X2TJO9,Recovered / Fixed,SFP inserted or port restored this week
SKA11004G00,ZTE,C300,,gpon_1/6/4,down,2.4,nan,SKA11X2YZMJ,Recovered / Fixed,SFP inserted or port restored this week
SKA11004G00,ZTE,C300,,gpon_1/7/1,up,2.4,nan,SKA11X31DYX,Recovered / Fixed,SFP inserted or port restored this week
SKA11004G00,ZTE,C300,,gpon_1/7/10,up,2.4,nan,SKA11X34HCN,Recovered / Fixed,SFP inserted or port restored this week
SKA11004G00,ZTE,C300,,gpon_1/7/11,up,2.4,nan,SKA11X34HMO,Recovered / Fixed,SFP inserted or port restored this week
SKA11004G00,ZTE,C300,,gpon_1/7/12,up,2.4,nan,SKA11X37BPV,Recovered / Fixed,SFP inserted or port restored this week
SKA11004G00,ZTE,C300,,gpon_1/7/13,up,2.4,nan,SKA11X37BPW,Recovered / Fixed,SFP inserted or port restored this week
SKA11004G00,ZTE,C300,,gpon_1/7/14,up,2.4,nan,SKA11X346YE,Recovered / Fixed,SFP inserted or port restored this week
SKA11004G00,ZTE,C300,,gpon_1/7/15,up,2.4,nan,SKA11X35P4W,Recovered / Fixed,SFP inserted or port restored this week
SKA11004G00,ZTE,C300,,gpon_1/7/16,up,2.4,nan,SKA11X37BPX,Recovered / Fixed,SFP inserted or port restored this week
SKA11004G00,ZTE,C300,,gpon_1/7/2,up,2.4,nan,SKA11X31DYW,Recovered / Fixed,SFP inserted or port restored this week
SKA11004G00,ZTE,C300,,gpon_1/7/4,up,2.4,nan,SKA11X33XP4,Recovered / Fixed,SFP inserted or port restored this week
SKA11004G00,ZTE,C300,,gpon_1/7/5,up,2.4,nan,SKA11X312O6,Recovered / Fixed,SFP inserted or port restored this week
SKA11004G00,ZTE,C300,,gpon_1/7/6,up,2.4,nan,SKA11X312O7,Recovered / Fixed,SFP inserted or port restored this week
SKA11004G00,ZTE,C300,,gpon_1/7/8,up,2.4,nan,SKA11X31P4X,Recovered / Fixed,SFP inserted or port restored this week
SKA11004G00,ZTE,C300,,gpon_1/7/9,up,2.4,nan,SKA11X34HBX,Recovered / Fixed,SFP inserted or port restored this week
SKA11004G00,ZTE,C300,,gpon_1/8/1,up,2.4,nan,SKA11X38I8C,Recovered / Fixed,SFP inserted or port restored this week
SKA11004G00,ZTE,C300,,gpon_1/8/12,up,2.4,nan,SKA11X3BW9Y,Recovered / Fixed,SFP inserted or port restored this week
SKA11004G00,ZTE,C300,,gpon_1/8/13,up,2.4,nan,SKA11X33B01,Recovered / Fixed,SFP inserted or port restored this week
SKA11004G00,ZTE,C300,,gpon_1/8/14,up,2.4,nan,SKA11X33B02,Recovered / Fixed,SFP inserted or port restored this week
SKA11004G00,ZTE,C300,,gpon_1/8/16,down,2.4,nan,SKA11X3UBG6,Recovered / Fixed,SFP inserted or port restored this week
SKA11004G00,ZTE,C300,,gpon_1/8/2,up,2.4,nan,SKA11X3870K,Recovered / Fixed,SFP inserted or port restored this week
SKA11004G00,ZTE,C300,,gpon_1/8/3,up,2.4,nan,SKA11X3ATRS,Recovered / Fixed,SFP inserted or port restored this week
SKA11004G00,ZTE,C300,,gpon_1/8/4,up,2.4,nan,SKA11X3B8G2,Recovered / Fixed,SFP inserted or port restored this week
SKA11004G00,ZTE,C300,,gpon_1/8/5,up,2.4,nan,SKA11X3B8EA,Recovered / Fixed,SFP inserted or port restored this week
SKA11004G00,ZTE,C300,,gpon_1/8/6,up,2.4,nan,SKA11X3BRVG,Recovered / Fixed,SFP inserted or port restored this week
SKA11004G00,ZTE,C300,,gpon_1/8/7,up,2.4,nan,SKA11X3CXPC,Recovered / Fixed,SFP inserted or port restored this week
SKA11004G00,ZTE,C300,,gpon_1/8/8,up,2.4,nan,SKA11X3CTYJ,Recovered / Fixed,SFP inserted or port restored this week
SKA11005G00,ZTE,C300,,gpon_1/12/1,up,2.4,nan,SKA11X001BY,Recovered / Fixed,SFP inserted or port restored this week
SKA11005G00,ZTE,C300,,gpon_1/12/10,up,2.4,nan,SKA14X000UH,Recovered / Fixed,SFP inserted or port restored this week
SKA11005G00,ZTE,C300,,gpon_1/12/11,up,2.4,nan,SKA14X000UK,Recovered / Fixed,SFP inserted or port restored this week
SKA11005G00,ZTE,C300,,gpon_1/12/12,up,2.4,nan,SKA14X000UO,Recovered / Fixed,SFP inserted or port restored this week
SKA11005G00,ZTE,C300,,gpon_1/12/13,up,2.4,nan,SKA11X001DZ,Recovered / Fixed,SFP inserted or port restored this week
SKA11005G00,ZTE,C300,,gpon_1/12/14,up,2.4,nan,SKA11X001DP,Recovered / Fixed,SFP inserted or port restored this week
SKA11005G00,ZTE,C300,,gpon_1/12/15,up,2.4,nan,SKA11X001FK,Recovered / Fixed,SFP inserted or port restored this week
SKA11005G00,ZTE,C300,,gpon_1/12/16,up,2.4,nan,SKA14X000V7,Recovered / Fixed,SFP inserted or port restored this week
SKA11005G00,ZTE,C300,,gpon_1/12/3,up,2.4,nan,SKA14X000UC,Recovered / Fixed,SFP inserted or port restored this week
SKA11005G00,ZTE,C300,,gpon_1/12/4,up,2.4,nan,SKA14X000UD,Recovered / Fixed,SFP inserted or port restored this week
SKA11005G00,ZTE,C300,,gpon_1/12/5,up,2.4,nan,SKA14X000U3,Recovered / Fixed,SFP inserted or port restored this week
SKA11005G00,ZTE,C300,,gpon_1/12/6,up,2.4,nan,SKA14X000U4,Recovered / Fixed,SFP inserted or port restored this week
SKA11005G00,ZTE,C300,,gpon_1/12/7,up,2.4,nan,SKA14X000TU,Recovered / Fixed,SFP inserted or port restored this week
SKA11005G00,ZTE,C300,,gpon_1/12/8,up,2.4,nan,SKA14X000TV,Recovered / Fixed,SFP inserted or port restored this week
SKA11005G00,ZTE,C300,,gpon_1/12/9,up,2.4,nan,SKA11X001CQ,Recovered / Fixed,SFP inserted or port restored this week
SKA11005G00,ZTE,C300,,gpon_1/13/1,up,2.4,nan,SKA11X001J2,Recovered / Fixed,SFP inserted or port restored this week
SKA11005G00,ZTE,C300,,gpon_1/13/10,up,2.4,nan,SKA14X000W1,Recovered / Fixed,SFP inserted or port restored this week
SKA11005G00,ZTE,C300,,gpon_1/13/11,up,2.4,nan,SKA11X001O4,Recovered / Fixed,SFP inserted or port restored this week
SKA11005G00,ZTE,C300,,gpon_1/13/12,up,2.4,nan,SKA11X001NU,Recovered / Fixed,SFP inserted or port restored this week
SKA11005G00,ZTE,C300,,gpon_1/13/13,up,2.4,nan,SKA11X002H9,Recovered / Fixed,SFP inserted or port restored this week
SKA11005G00,ZTE,C300,,gpon_1/13/15,up,2.4,nan,SKA11X001OD,Recovered / Fixed,SFP inserted or port restored this week
SKA11005G00,ZTE,C300,,gpon_1/13/16,up,2.4,nan,SKA11X001Q9,Recovered / Fixed,SFP inserted or port restored this week
SKA11005G00,ZTE,C300,,gpon_1/13/2,up,2.4,nan,SKA11X001KA,Recovered / Fixed,SFP inserted or port restored this week
SKA11005G00,ZTE,C300,,gpon_1/13/3,up,2.4,nan,SKA11X001LH,Recovered / Fixed,SFP inserted or port restored this week
SKA11005G00,ZTE,C300,,gpon_1/13/4,up,2.4,nan,SKA11X001OV,Recovered / Fixed,SFP inserted or port restored this week
SKA11005G00,ZTE,C300,,gpon_1/13/5,up,2.4,nan,SKA14X000VY,Recovered / Fixed,SFP inserted or port restored this week
SKA11005G00,ZTE,C300,,gpon_1/13/6,up,2.4,nan,SKA11X001OG,Recovered / Fixed,SFP inserted or port restored this week
SKA11005G00,ZTE,C300,,gpon_1/13/7,up,2.4,nan,SKA11X001NS,Recovered / Fixed,SFP inserted or port restored this week
SKA11005G00,ZTE,C300,,gpon_1/13/8,up,2.4,nan,SKA11X001NQ,Recovered / Fixed,SFP inserted or port restored this week
SKA11005G00,ZTE,C300,,gpon_1/13/9,up,2.4,nan,SKA14X000W5,Recovered / Fixed,SFP inserted or port restored this week
SKA11005G00,ZTE,C300,,gpon_1/14/10,up,2.4,nan,SKA11X0022I,Recovered / Fixed,SFP inserted or port restored this week
SKA11005G00,ZTE,C300,,gpon_1/14/11,up,2.4,nan,SKA11X001RJ,Recovered / Fixed,SFP inserted or port restored this week
SKA11005G00,ZTE,C300,,gpon_1/14/12,up,2.4,nan,SKA11X001NO,Recovered / Fixed,SFP inserted or port restored this week
SKA11005G00,ZTE,C300,,gpon_1/14/13,up,2.4,nan,SKA11X0011W,Recovered / Fixed,SFP inserted or port restored this week
SKA11005G00,ZTE,C300,,gpon_1/14/14,up,2.4,nan,SKA11X00249,Recovered / Fixed,SFP inserted or port restored this week
SKA11005G00,ZTE,C300,,gpon_1/14/15,up,2.4,nan,SKA11X002DT,Recovered / Fixed,SFP inserted or port restored this week
SKA11005G00,ZTE,C300,,gpon_1/14/16,up,2.4,nan,SKA14X000XO,Recovered / Fixed,SFP inserted or port restored this week
SKA11005G00,ZTE,C300,,gpon_1/14/2,up,2.4,nan,SKA14X000VM,Recovered / Fixed,SFP inserted or port restored this week
SKA11005G00,ZTE,C300,,gpon_1/14/3,up,2.4,nan,SKA11X001NX,Recovered / Fixed,SFP inserted or port restored this week
SKA11005G00,ZTE,C300,,gpon_1/14/5,up,2.4,nan,SKA14X000WA,Recovered / Fixed,SFP inserted or port restored this week
SKA11005G00,ZTE,C300,,gpon_1/14/7,up,2.4,nan,SKA11X001R9,Recovered / Fixed,SFP inserted or port restored this week
SKA11005G00,ZTE,C300,,gpon_1/14/8,up,2.4,nan,SKA11X001R1,Recovered / Fixed,SFP inserted or port restored this week
SKA11005G00,ZTE,C300,,gpon_1/14/9,up,2.4,nan,SKA11X0022M,Recovered / Fixed,SFP inserted or port restored this week
SKA11005G00,ZTE,C300,,gpon_1/15/1,up,2.4,nan,SKA11X002E3,Recovered / Fixed,SFP inserted or port restored this week
SKA11005G00,ZTE,C300,,gpon_1/15/10,up,2.4,nan,SKA11X002G0,Recovered / Fixed,SFP inserted or port restored this week
SKA11005G00,ZTE,C300,,gpon_1/15/11,up,2.4,nan,SKA11X002FV,Recovered / Fixed,SFP inserted or port restored this week
SKA11005G00,ZTE,C300,,gpon_1/15/12,up,2.4,nan,SKA11X002G2,Recovered / Fixed,SFP inserted or port restored this week
SKA11005G00,ZTE,C300,,gpon_1/15/13,up,2.4,nan,SKA11X002GJ,Recovered / Fixed,SFP inserted or port restored this week
SKA11005G00,ZTE,C300,,gpon_1/15/14,up,2.4,nan,SKA11X002G7,Recovered / Fixed,SFP inserted or port restored this week
SKA11005G00,ZTE,C300,,gpon_1/15/15,up,2.4,nan,SKA11X002GW,Recovered / Fixed,SFP inserted or port restored this week
SKA11005G00,ZTE,C300,,gpon_1/15/16,up,2.4,nan,SKA11X002GY,Recovered / Fixed,SFP inserted or port restored this week
SKA11005G00,ZTE,C300,,gpon_1/15/3,up,2.4,nan,SKA11X002E8,Recovered / Fixed,SFP inserted or port restored this week
SKA11005G00,ZTE,C300,,gpon_1/15/4,up,2.4,nan,SKA11X002CL,Recovered / Fixed,SFP inserted or port restored this week
SKA11005G00,ZTE,C300,,gpon_1/15/5,up,2.4,nan,SKA11X002ET,Recovered / Fixed,SFP inserted or port restored this week
SKA11005G00,ZTE,C300,,gpon_1/15/6,up,2.4,nan,SKA11X00277,Recovered / Fixed,SFP inserted or port restored this week
SKA11005G00,ZTE,C300,,gpon_1/15/7,up,2.4,nan,SKA11X002E9,Recovered / Fixed,SFP inserted or port restored this week
SKA11005G00,ZTE,C300,,gpon_1/15/8,up,2.4,nan,SKA11X002F4,Recovered / Fixed,SFP inserted or port restored this week
SKA11005G00,ZTE,C300,,gpon_1/15/9,up,2.4,nan,SKA11X002F1,Recovered / Fixed,SFP inserted or port restored this week
SKA11005G00,ZTE,C300,,gpon_1/16/1,up,2.4,nan,SKA11X002HY,Recovered / Fixed,SFP inserted or port restored this week
SKA11005G00,ZTE,C300,,gpon_1/16/10,up,2.4,nan,SKA11X002Y1,Recovered / Fixed,SFP inserted or port restored this week
SKA11005G00,ZTE,C300,,gpon_1/16/11,up,2.4,nan,SKA11X00312,Recovered / Fixed,SFP inserted or port restored this week
SKA11005G00,ZTE,C300,,gpon_1/16/12,up,2.4,nan,SKA11X0031B,Recovered / Fixed,SFP inserted or port restored this week
SKA11005G00,ZTE,C300,,gpon_1/16/13,up,2.4,nan,SKA11X2XKR0,Recovered / Fixed,SFP inserted or port restored this week
SKA11005G00,ZTE,C300,,gpon_1/16/14,up,2.4,nan,SKA11X2XNMM,Recovered / Fixed,SFP inserted or port restored this week
SKA11005G00,ZTE,C300,,gpon_1/16/15,up,2.4,nan,SKA11X2T7C2,Recovered / Fixed,SFP inserted or port restored this week
SKA11005G00,ZTE,C300,,gpon_1/16/16,up,2.4,nan,SKA11X2XNQU,Recovered / Fixed,SFP inserted or port restored this week
SKA11005G00,ZTE,C300,,gpon_1/16/2,up,2.4,nan,SKA11X002R6,Recovered / Fixed,SFP inserted or port restored this week
SKA11005G00,ZTE,C300,,gpon_1/16/3,up,2.4,nan,SKA11X002UA,Recovered / Fixed,SFP inserted or port restored this week
SKA11005G00,ZTE,C300,,gpon_1/16/4,up,2.4,nan,SKA11X002JM,Recovered / Fixed,SFP inserted or port restored this week
SKA11005G00,ZTE,C300,,gpon_1/16/6,up,2.4,nan,SKA11X002RE,Recovered / Fixed,SFP inserted or port restored this week
SKA11005G00,ZTE,C300,,gpon_1/16/7,up,2.4,nan,SKA11X002RN,Recovered / Fixed,SFP inserted or port restored this week
SKA11005G00,ZTE,C300,,gpon_1/16/8,up,2.4,nan,SKA11X002HD,Recovered / Fixed,SFP inserted or port restored this week
SKA11005G00,ZTE,C300,,gpon_1/16/9,up,2.4,nan,SKA11X002SL,Recovered / Fixed,SFP inserted or port restored this week
SKA11005G00,ZTE,C300,,gpon_1/17/1,up,2.4,nan,SKA11X2VSYX,Recovered / Fixed,SFP inserted or port restored this week
SKA11005G00,ZTE,C300,,gpon_1/17/10,up,2.4,nan,SKA11X2TH5E,Recovered / Fixed,SFP inserted or port restored this week
SKA11005G00,ZTE,C300,,gpon_1/17/11,up,2.4,nan,SKA11X2TH9O,Recovered / Fixed,SFP inserted or port restored this week
SKA11005G00,ZTE,C300,,gpon_1/17/12,up,2.4,nan,SKA11X2TH90,Recovered / Fixed,SFP inserted or port restored this week
SKA11005G00,ZTE,C300,,gpon_1/17/13,up,2.4,nan,SKA11X2TH91,Recovered / Fixed,SFP inserted or port restored this week
SKA11005G00,ZTE,C300,,gpon_1/17/14,up,2.4,nan,SKA11X2TL71,Recovered / Fixed,SFP inserted or port restored this week
SKA11005G00,ZTE,C300,,gpon_1/17/15,up,2.4,nan,SKA11X2TH7W,Recovered / Fixed,SFP inserted or port restored this week
SKA11005G00,ZTE,C300,,gpon_1/17/16,up,2.4,nan,SKA11X2TH74,Recovered / Fixed,SFP inserted or port restored this week
SKA11005G00,ZTE,C300,,gpon_1/17/2,up,2.4,nan,SKA11X2VT1K,Recovered / Fixed,SFP inserted or port restored this week
SKA11005G00,ZTE,C300,,gpon_1/17/3,up,2.4,nan,SKA11X2VT37,Recovered / Fixed,SFP inserted or port restored this week
SKA11005G00,ZTE,C300,,gpon_1/17/4,up,2.4,nan,SKA11X2VT6T,Recovered / Fixed,SFP inserted or port restored this week
SKA11005G00,ZTE,C300,,gpon_1/17/5,up,2.4,nan,SKA11X2VT7V,Recovered / Fixed,SFP inserted or port restored this week
SKA11005G00,ZTE,C300,,gpon_1/17/6,up,2.4,nan,SKA11X2VT81,Recovered / Fixed,SFP inserted or port restored this week
SKA11005G00,ZTE,C300,,gpon_1/17/7,up,2.4,nan,SKA11X2VTQ3,Recovered / Fixed,SFP inserted or port restored this week
SKA11005G00,ZTE,C300,,gpon_1/17/8,up,2.4,nan,SKA11X2TH8V,Recovered / Fixed,SFP inserted or port restored this week
SKA11005G00,ZTE,C300,,gpon_1/17/9,up,2.4,nan,SKA11X2TH5V,Recovered / Fixed,SFP inserted or port restored this week
SKA11005G00,ZTE,C300,,gpon_1/18/15,up,2.4,nan,SKA14X2ZHC4,Recovered / Fixed,SFP inserted or port restored this week
SKA11005G00,ZTE,C300,,gpon_1/18/2,up,2.4,nan,SKA11X2W2PI,Recovered / Fixed,SFP inserted or port restored this week
SKA11005G00,ZTE,C300,,gpon_1/18/3,up,2.4,nan,SKA11X2W29V,Recovered / Fixed,SFP inserted or port restored this week
SKA11005G00,ZTE,C300,,gpon_1/18/4,up,2.4,nan,SKA14X30S1C,Recovered / Fixed,SFP inserted or port restored this week
SKA11005G00,ZTE,C300,,gpon_1/19/1,up,2.4,nan,SKA11X32QPE,Recovered / Fixed,SFP inserted or port restored this week
SKA11005G00,ZTE,C300,,gpon_1/19/10,up,2.4,nan,SKA11X375OI,Recovered / Fixed,SFP inserted or port restored this week
SKA11005G00,ZTE,C300,,gpon_1/2/1,up,2.4,nan,SKA11X0010Z,Recovered / Fixed,SFP inserted or port restored this week
SKA11005G00,ZTE,C300,,gpon_1/3/1,up,2.4,nan,SKA11X00128,Recovered / Fixed,SFP inserted or port restored this week
SKA11005G00,ZTE,C300,,gpon_1/4/1,up,2.4,nan,SKA11X00193,Recovered / Fixed,SFP inserted or port restored this week
SKA11005G00,ZTE,C300,,gpon_1/4/4,up,2.4,nan,SKA11X00214,Recovered / Fixed,SFP inserted or port restored this week
SKA11005G00,ZTE,C300,,gpon_1/4/8,up,2.4,nan,SKA11X0020T,Recovered / Fixed,SFP inserted or port restored this week
SKA11005G00,ZTE,C300,,gpon_1/4/9,up,2.4,nan,SKA11X0020I,Recovered / Fixed,SFP inserted or port restored this week
SKA11005G00,ZTE,C300,,gpon_1/5/5,up,2.4,nan,SKA11X0010E,Recovered / Fixed,SFP inserted or port restored this week
SKA11005G00,ZTE,C300,,gpon_1/6/1,up,2.4,nan,SKA11X0009H,Recovered / Fixed,SFP inserted or port restored this week
SKA11005G00,ZTE,C300,,gpon_1/6/10,up,2.4,nan,SKA11X000BR,Recovered / Fixed,SFP inserted or port restored this week
SKA11005G00,ZTE,C300,,gpon_1/6/11,up,2.4,nan,SKA11X0013I,Recovered / Fixed,SFP inserted or port restored this week
SKA11005G00,ZTE,C300,,gpon_1/6/12,up,2.4,nan,SKA11X000I6,Recovered / Fixed,SFP inserted or port restored this week
SKA11005G00,ZTE,C300,,gpon_1/6/14,up,2.4,nan,SKA14X0000C,Recovered / Fixed,SFP inserted or port restored this week
SKA11005G00,ZTE,C300,,gpon_1/6/15,up,2.4,nan,SKA14X0000B,Recovered / Fixed,SFP inserted or port restored this week
SKA11005G00,ZTE,C300,,gpon_1/6/16,up,2.4,nan,SKA14X0000J,Recovered / Fixed,SFP inserted or port restored this week
SKA11005G00,ZTE,C300,,gpon_1/6/2,up,2.4,nan,SKA11X0009M,Recovered / Fixed,SFP inserted or port restored this week
SKA11005G00,ZTE,C300,,gpon_1/6/3,up,2.4,nan,SKA11X000AV,Recovered / Fixed,SFP inserted or port restored this week
SKA11005G00,ZTE,C300,,gpon_1/6/4,up,2.4,nan,SKA11X0013Z,Recovered / Fixed,SFP inserted or port restored this week
SKA11005G00,ZTE,C300,,gpon_1/6/5,up,2.4,nan,SKA11X00143,Recovered / Fixed,SFP inserted or port restored this week
SKA11005G00,ZTE,C300,,gpon_1/6/6,up,2.4,nan,SKA11X0013U,Recovered / Fixed,SFP inserted or port restored this week
SKA11005G00,ZTE,C300,,gpon_1/6/7,up,2.4,nan,SKA11X0013V,Recovered / Fixed,SFP inserted or port restored this week
SKA11005G00,ZTE,C300,,gpon_1/6/8,up,2.4,nan,SKA11X0013W,Recovered / Fixed,SFP inserted or port restored this week
SKA11005G00,ZTE,C300,,gpon_1/6/9,up,2.4,nan,SKA11X000B0,Recovered / Fixed,SFP inserted or port restored this week
SKA11005G00,ZTE,C300,,gpon_1/7/10,up,2.4,nan,SKA11X000NL,Recovered / Fixed,SFP inserted or port restored this week
SKA11005G00,ZTE,C300,,gpon_1/7/11,up,2.4,nan,SKA11X000NT,Recovered / Fixed,SFP inserted or port restored this week
SKA11005G00,ZTE,C300,,gpon_1/7/13,up,2.4,nan,SKA11X000O4,Recovered / Fixed,SFP inserted or port restored this week
SKA11005G00,ZTE,C300,,gpon_1/7/14,up,2.4,nan,SKA11X000OD,Recovered / Fixed,SFP inserted or port restored this week
SKA11005G00,ZTE,C300,,gpon_1/7/15,up,2.4,nan,SKA11X000OI,Recovered / Fixed,SFP inserted or port restored this week
SKA11005G00,ZTE,C300,,gpon_1/7/16,up,2.4,nan,SKA11X000SR,Recovered / Fixed,SFP inserted or port restored this week
SKA11005G00,ZTE,C300,,gpon_1/7/6,up,2.4,nan,SKA11X000NS,Recovered / Fixed,SFP inserted or port restored this week
SKA11005G00,ZTE,C300,,gpon_1/7/7,up,2.4,nan,SKA11X000NZ,Recovered / Fixed,SFP inserted or port restored this week
SKA11005G00,ZTE,C300,,gpon_1/7/8,up,2.4,nan,SKA11X000OC,Recovered / Fixed,SFP inserted or port restored this week
SKA11005G00,ZTE,C300,,gpon_1/7/9,up,2.4,nan,SKA11X000NA,Recovered / Fixed,SFP inserted or port restored this week
SKA11005G00,ZTE,C300,,gpon_1/8/10,up,2.4,nan,SKA14X0000R,Recovered / Fixed,SFP inserted or port restored this week
SKA11005G00,ZTE,C300,,gpon_1/8/11,up,2.4,nan,SKA11X000XY,Recovered / Fixed,SFP inserted or port restored this week
SKA11005G00,ZTE,C300,,gpon_1/8/12,up,2.4,nan,SKA11X000XZ,Recovered / Fixed,SFP inserted or port restored this week
SKA11005G00,ZTE,C300,,gpon_1/8/13,up,2.4,nan,SKA11X000XP,Recovered / Fixed,SFP inserted or port restored this week
SKA11005G00,ZTE,C300,,gpon_1/8/14,up,2.4,nan,SKA11X000XX,Recovered / Fixed,SFP inserted or port restored this week
SKA11005G00,ZTE,C300,,gpon_1/8/15,up,2.4,nan,SKA11X000W2,Recovered / Fixed,SFP inserted or port restored this week
SKA11005G00,ZTE,C300,,gpon_1/8/16,up,2.4,nan,SKA11X000WD,Recovered / Fixed,SFP inserted or port restored this week
SKA11005G00,ZTE,C300,,gpon_1/8/2,up,2.4,nan,SKA11X000SJ,Recovered / Fixed,SFP inserted or port restored this week
SKA11005G00,ZTE,C300,,gpon_1/8/3,up,2.4,nan,SKA11X000SB,Recovered / Fixed,SFP inserted or port restored this week
SKA11005G00,ZTE,C300,,gpon_1/8/4,up,2.4,nan,SKA11X000SF,Recovered / Fixed,SFP inserted or port restored this week
SKA11005G00,ZTE,C300,,gpon_1/8/5,up,2.4,nan,SKA14X000TL,Recovered / Fixed,SFP inserted or port restored this week
SKA11005G00,ZTE,C300,,gpon_1/8/6,up,2.4,nan,SKA11X000TS,Recovered / Fixed,SFP inserted or port restored this week
SKA11005G00,ZTE,C300,,gpon_1/8/7,up,2.4,nan,SKA11X000TT,Recovered / Fixed,SFP inserted or port restored this week
SKA11005G00,ZTE,C300,,gpon_1/8/8,up,2.4,nan,SKA11X000UA,Recovered / Fixed,SFP inserted or port restored this week
SKA11005G00,ZTE,C300,,gpon_1/8/9,up,2.4,nan,SKA11X000UY,Recovered / Fixed,SFP inserted or port restored this week
SKA11005G00,ZTE,C300,,gpon_1/9/1,up,2.4,nan,SKA11X000WL,Recovered / Fixed,SFP inserted or port restored this week
SKA11005G00,ZTE,C300,,gpon_1/9/10,up,2.4,nan,SKA11X001A0,Recovered / Fixed,SFP inserted or port restored this week
SKA11005G00,ZTE,C300,,gpon_1/9/11,up,2.4,nan,SKA11X000ZQ,Recovered / Fixed,SFP inserted or port restored this week
SKA11005G00,ZTE,C300,,gpon_1/9/12,up,2.4,nan,SKA11X000ZP,Recovered / Fixed,SFP inserted or port restored this week
SKA11005G00,ZTE,C300,,gpon_1/9/13,up,2.4,nan,SKA11X000ZO,Recovered / Fixed,SFP inserted or port restored this week
SKA11005G00,ZTE,C300,,gpon_1/9/14,up,2.4,nan,SKA11X001B0,Recovered / Fixed,SFP inserted or port restored this week
SKA11005G00,ZTE,C300,,gpon_1/9/15,up,2.4,nan,SKA11X001B4,Recovered / Fixed,SFP inserted or port restored this week
SKA11005G00,ZTE,C300,,gpon_1/9/16,up,2.4,nan,SKA11X000Y6,Recovered / Fixed,SFP inserted or port restored this week
SKA11005G00,ZTE,C300,,gpon_1/9/2,up,2.4,nan,SKA11X000WH,Recovered / Fixed,SFP inserted or port restored this week
SKA11005G00,ZTE,C300,,gpon_1/9/3,up,2.4,nan,SKA11X000WP,Recovered / Fixed,SFP inserted or port restored this week
SKA11005G00,ZTE,C300,,gpon_1/9/4,up,2.4,nan,SKA14X0000V,Recovered / Fixed,SFP inserted or port restored this week
SKA11005G00,ZTE,C300,,gpon_1/9/5,up,2.4,nan,SKA11X000Y8,Recovered / Fixed,SFP inserted or port restored this week
SKA11005G00,ZTE,C300,,gpon_1/9/6,up,2.4,nan,SKA11X000WT,Recovered / Fixed,SFP inserted or port restored this week
SKA11005G00,ZTE,C300,,gpon_1/9/7,up,2.4,nan,SKA11X000YK,Recovered / Fixed,SFP inserted or port restored this week
SKA11005G00,ZTE,C300,,gpon_1/9/8,up,2.4,nan,SKA11X000YL,Recovered / Fixed,SFP inserted or port restored this week
SKA11005G00,ZTE,C300,,gpon_1/9/9,up,2.4,nan,SKA11X000ZZ,Recovered / Fixed,SFP inserted or port restored this week
SKA11005GO0,ZTE,C320,,gpon_1/1/14,up,2.4,nan,SKA11X000FD,Recovered / Fixed,SFP inserted or port restored this week
SKA11005GO0,ZTE,C320,,gpon_1/1/15,up,2.4,nan,SKA11X000DK,Recovered / Fixed,SFP inserted or port restored this week
SKA11005GO0,ZTE,C320,,gpon_1/1/16,up,2.4,nan,SKA11X000D1,Recovered / Fixed,SFP inserted or port restored this week
SKA11005GO0,ZTE,C320,,gpon_1/1/3,up,2.4,nan,SKA11X000E3,Recovered / Fixed,SFP inserted or port restored this week
SKA11005GO0,ZTE,C320,,gpon_1/2/10,up,2.4,nan,SKA11X000F8,Recovered / Fixed,SFP inserted or port restored this week
SKA11005GO0,ZTE,C320,,gpon_1/2/11,up,2.4,nan,SKA11X000CU,Recovered / Fixed,SFP inserted or port restored this week
SKA11008GO0,ZTE,C320,,gpon_1/1/11,up,2.4,nan,SKA11X000KV,Recovered / Fixed,SFP inserted or port restored this week
SKA11008GO0,ZTE,C320,,gpon_1/2/14,up,2.4,nan,SKA11X000YR,Recovered / Fixed,SFP inserted or port restored this week
SKA11008GO0,ZTE,C320,,gpon_1/2/16,up,2.4,nan,SKA11X001F8,Recovered / Fixed,SFP inserted or port restored this week
SKA11008GO0,ZTE,C320,,gpon_1/2/6,up,2.4,nan,SKA10X000EO,Recovered / Fixed,SFP inserted or port restored this week
SKA11028GO0,ZTE,C320,,gpon_1/2/1,up,2.4,nan,SKA11X33AYV,Recovered / Fixed,SFP inserted or port restored this week
SKA11028GO0,ZTE,C320,,gpon_1/2/3,up,2.4,nan,SKA11X346YQ,Recovered / Fixed,SFP inserted or port restored this week
SKA11028GO0,ZTE,C320,,gpon_1/2/4,down,2.4,nan,SKA11X3BHTI,Recovered / Fixed,SFP inserted or port restored this week
SKA11028GO0,ZTE,C320,,gpon_1/2/5,up,2.4,nan,SKA11X37WHB,Recovered / Fixed,SFP inserted or port restored this week
SKA11028GO0,ZTE,C320,,gpon_1/2/6,up,2.4,nan,SKA11X3BITN,Recovered / Fixed,SFP inserted or port restored this week
SKA11029GO0,ZTE,C320,,gpon_1/2/1,up,2.4,nan,SKA11X338CP,Recovered / Fixed,SFP inserted or port restored this week
SKA11029GO0,ZTE,C320,,gpon_1/2/2,up,2.4,nan,SKA11X36XSU,Recovered / Fixed,SFP inserted or port restored this week
SKA11029GO0,ZTE,C320,,gpon_1/2/3,up,2.4,nan,SKA11X3CPS0,Recovered / Fixed,SFP inserted or port restored this week
SKA11029GO0,ZTE,C320,,gpon_1/2/4,up,2.4,nan,SKA11X3HGTU,Recovered / Fixed,SFP inserted or port restored this week
SKA11029GO0,ZTE,C320,,gpon_1/2/6,up,2.4,nan,SKA11X3JTWV,Recovered / Fixed,SFP inserted or port restored this week
SKA11029GO0,ZTE,C320,,gpon_1/2/7,up,2.4,nan,SKA11X3SUQ9,Recovered / Fixed,SFP inserted or port restored this week
SKA11030GO0,ZTE,C320,,gpon_1/1/7,up,2.4,nan,SKA11X3JTV2,Recovered / Fixed,SFP inserted or port restored this week
SKA11035GO0,ZTE,C320,,gpon_1/1/1,up,2.4,nan,SKA11X001Z8,Recovered / Fixed,SFP inserted or port restored this week
SKA11035GO0,ZTE,C320,,gpon_1/1/10,up,2.4,nan,SKA11X3CC5R,Recovered / Fixed,SFP inserted or port restored this week
SKA11035GO0,ZTE,C320,,gpon_1/1/11,up,2.4,nan,SKA11X3CXF4,Recovered / Fixed,SFP inserted or port restored this week
SKA11035GO0,ZTE,C320,,gpon_1/1/12,up,2.4,nan,SKA11X3JTWS,Recovered / Fixed,SFP inserted or port restored this week
SKA11035GO0,ZTE,C320,,gpon_1/1/13,up,2.4,nan,SKA11X3TRTM,Recovered / Fixed,SFP inserted or port restored this week
SKA11035GO0,ZTE,C320,,gpon_1/1/3,up,2.4,nan,SKA11X00314,Recovered / Fixed,SFP inserted or port restored this week
SKA11035GO0,ZTE,C320,,gpon_1/1/4,up,2.4,nan,SKA11X0036Y,Recovered / Fixed,SFP inserted or port restored this week
SKA11035GO0,ZTE,C320,,gpon_1/1/5,up,2.4,nan,SKA11X2VB2W,Recovered / Fixed,SFP inserted or port restored this week
SKA11035GO0,ZTE,C320,,gpon_1/1/6,up,2.4,nan,SKA11X2XELD,Recovered / Fixed,SFP inserted or port restored this week
SKA11035GO0,ZTE,C320,,gpon_1/1/7,up,2.4,nan,SKA11X32EZO,Recovered / Fixed,SFP inserted or port restored this week
SKA11035GO0,ZTE,C320,,gpon_1/1/9,up,2.4,nan,SKA11X37RVG,Recovered / Fixed,SFP inserted or port restored this week
SKA11042GO0,Fiberhome,AN5516-04,,PON 1/4,up,2.4,nan,SKA11X001Y3,Recovered / Fixed,SFP inserted or port restored this week
SKA11059GO0,Fiberhome,AN5516-04,,PON 2/4,up,2.4,nan,SKA11X339WF,Recovered / Fixed,SFP inserted or port restored this week
SKA12001GO0,ZTE,C320,,gpon_1/1/7,up,2.4,nan,SKA12X0001T,Recovered / Fixed,SFP inserted or port restored this week
SKA12006GO0,ZTE,C320,,gpon_1/1/1,up,2.4,nan,SKA12X2WKT9,Recovered / Fixed,SFP inserted or port restored this week
SKA12006GO0,ZTE,C320,,gpon_1/1/2,up,2.4,nan,SKA12X2XS6J,Recovered / Fixed,SFP inserted or port restored this week
SKA12006GO0,ZTE,C320,,gpon_1/1/3,up,2.4,nan,SKA12X2WKRZ,Recovered / Fixed,SFP inserted or port restored this week
SKA12006GO0,ZTE,C320,,gpon_1/1/4,up,2.4,nan,SKA12X2WKME,Recovered / Fixed,SFP inserted or port restored this week
SKA12006GO0,ZTE,C320,,gpon_1/1/5,up,2.4,nan,SKA12X2WKV8,Recovered / Fixed,SFP inserted or port restored this week
SKA12006GO0,ZTE,C320,,gpon_1/1/6,up,2.4,nan,SKA12X2WKVB,Recovered / Fixed,SFP inserted or port restored this week
SKA12006GO0,ZTE,C320,,gpon_1/1/7,up,2.4,nan,SKA12X2WT98,Recovered / Fixed,SFP inserted or port restored this week
SKA12006GO0,ZTE,C320,,gpon_1/1/8,up,2.4,nan,SKA12X2WT9B,Recovered / Fixed,SFP inserted or port restored this week
SKA12006GO0,ZTE,C320,,gpon_1/1/9,up,2.4,nan,SKA12X2YZYN,Recovered / Fixed,SFP inserted or port restored this week
SKA12006GO0,ZTE,C320,,gpon_1/2/1,up,2.4,nan,SKA12X2XS48,Recovered / Fixed,SFP inserted or port restored this week
SKA12006GO0,ZTE,C320,,gpon_1/2/11,up,2.4,nan,SKA12X314VC,Recovered / Fixed,SFP inserted or port restored this week
SKA12006GO0,ZTE,C320,,gpon_1/2/12,up,2.4,nan,SKA12X3KA63,Recovered / Fixed,SFP inserted or port restored this week
SKA12006GO0,ZTE,C320,,gpon_1/2/13,up,2.4,nan,SKA12X3KA64,Recovered / Fixed,SFP inserted or port restored this week
SKA12006GO0,ZTE,C320,,gpon_1/2/14,up,2.4,nan,SKA12X3KA65,Recovered / Fixed,SFP inserted or port restored this week
SKA12006GO0,ZTE,C320,,gpon_1/2/2,up,2.4,nan,SKA12X2XS4C,Recovered / Fixed,SFP inserted or port restored this week
SKA12006GO0,ZTE,C320,,gpon_1/2/3,up,2.4,nan,SKA12X3086W,Recovered / Fixed,SFP inserted or port restored this week
SKA12006GO0,ZTE,C320,,gpon_1/2/4,up,2.4,nan,SKA16X325B6,Recovered / Fixed,SFP inserted or port restored this week
SKA12006GO0,ZTE,C320,,gpon_1/2/5,up,2.4,nan,SKA12X39VP0,Recovered / Fixed,SFP inserted or port restored this week
SKA13002GO0,ZTE,C320,,gpon_1/1/1,up,2.4,nan,SKA13X0000X,Recovered / Fixed,SFP inserted or port restored this week
SKA13002GO0,ZTE,C320,,gpon_1/1/10,up,2.4,nan,SKA13X3JMCJ,Recovered / Fixed,SFP inserted or port restored this week
SKA13002GO0,ZTE,C320,,gpon_1/1/11,up,2.4,nan,SKA13X3JMCK,Recovered / Fixed,SFP inserted or port restored this week
SKA13002GO0,ZTE,C320,,gpon_1/1/12,up,2.4,nan,SKA13X3IJU0,Recovered / Fixed,SFP inserted or port restored this week
SKA13002GO0,ZTE,C320,,gpon_1/1/13,up,2.4,nan,SKA13X3IJU1,Recovered / Fixed,SFP inserted or port restored this week
SKA13002GO0,ZTE,C320,,gpon_1/1/14,up,2.4,nan,SKA13X3V9T2,Recovered / Fixed,SFP inserted or port restored this week
SKA13002GO0,ZTE,C320,,gpon_1/1/2,up,2.4,nan,SKA13X0000Y,Recovered / Fixed,SFP inserted or port restored this week
SKA13002GO0,ZTE,C320,,gpon_1/1/3,up,2.4,nan,SKA13X0000H,Recovered / Fixed,SFP inserted or port restored this week
SKA13002GO0,ZTE,C320,,gpon_1/1/4,up,2.4,nan,SKA13X0000I,Recovered / Fixed,SFP inserted or port restored this week
SKA13002GO0,ZTE,C320,,gpon_1/1/5,up,2.4,nan,SKA13X2X9D5,Recovered / Fixed,SFP inserted or port restored this week
SKA13002GO0,ZTE,C320,,gpon_1/1/6,up,2.4,nan,SKA13X31HQ5,Recovered / Fixed,SFP inserted or port restored this week
SKA13002GO0,ZTE,C320,,gpon_1/1/7,up,2.4,nan,SKA13X36P8F,Recovered / Fixed,SFP inserted or port restored this week
SKA13002GO0,ZTE,C320,,gpon_1/1/8,up,2.4,nan,SKA09X3JMCO,Recovered / Fixed,SFP inserted or port restored this week
SKA13002GO0,ZTE,C320,,gpon_1/1/9,up,2.4,nan,SKA09X3JMCQ,Recovered / Fixed,SFP inserted or port restored this week
SKA14001GO0,ZTE,C320,,gpon_1/2/1,up,2.4,nan,SKA14X36Y57,Recovered / Fixed,SFP inserted or port restored this week
SKA14001GO0,ZTE,C320,,gpon_1/2/2,up,2.4,nan,SKA11X3BDH6,Recovered / Fixed,SFP inserted or port restored this week
SKA14001GO0,ZTE,C320,,gpon_1/2/3,up,2.4,nan,SKA11X3EMR2,Recovered / Fixed,SFP inserted or port restored this week
SKA14001GO0,ZTE,C320,,gpon_1/2/4,up,2.4,nan,SKA11X3NZKV,Recovered / Fixed,SFP inserted or port restored this week
SKA14001GO0,ZTE,C320,,gpon_1/2/6,up,2.4,nan,SKA14X3RNAV,Recovered / Fixed,SFP inserted or port restored this week
SKA14001GO0,ZTE,C320,,gpon_1/2/8,up,2.4,nan,SKA14X3VJ5Y,Recovered / Fixed,SFP inserted or port restored this week
SKA15001GO0,ZTE,C320,,gpon_1/1/1,up,2.4,nan,SKA15X0000A,Recovered / Fixed,SFP inserted or port restored this week
SKA15001GO0,ZTE,C320,,gpon_1/1/16,up,2.4,nan,SKA15X0001T,Recovered / Fixed,SFP inserted or port restored this week
SKA16003GO0,ZTE,C320,,gpon_1/2/1,up,2.4,nan,SKA16X3V9TN,Recovered / Fixed,SFP inserted or port restored this week
SKN01001GO0,ZTE,C320,,gpon_1/1/16,up,2.4,nan,SKN01X0001W,Recovered / Fixed,SFP inserted or port restored this week
SKN01022GO0,ZTE,C320,,gpon_1/1/1,up,2.4,nan,SKN01X000CE,Recovered / Fixed,SFP inserted or port restored this week
SKN06001GO0,ZTE,C320,,gpon_1/2/14,up,2.4,nan,SKN06X3AIW8,Recovered / Fixed,SFP inserted or port restored this week
SKNNSK1DGW0,Huawei,MA5603T,invalid-invalid,GPON 0/5/0,up,2.4,invalid-invalid,SKNNSK-01/G001-O,Recovered / Fixed,SFP inserted or port restored this week
SKNNSK1DGW0,Huawei,MA5603T,invalid-invalid,GPON 0/5/1,up,2.4,invalid-invalid,SKNNSK-01/G002-O,Recovered / Fixed,SFP inserted or port restored this week
SKO01015GO0,Fiberhome,AN5516-04,,PON 2/5,up,2.4,nan,SKO01XAWS2W,Recovered / Fixed,SFP inserted or port restored this week
SMK01002G00,ZTE,C300,,gpon_1/2/1,up,2.4,nan,SMK01X00003,Recovered / Fixed,SFP inserted or port restored this week
SMK01002G00,ZTE,C300,,gpon_1/2/10,up,2.4,nan,SMK01X0001A,Recovered / Fixed,SFP inserted or port restored this week
SMK01002G00,ZTE,C300,,gpon_1/2/11,up,2.4,nan,SMK01X0001F,Recovered / Fixed,SFP inserted or port restored this week
SMK01002G00,ZTE,C300,,gpon_1/2/12,up,2.4,nan,SMK01X00015,Recovered / Fixed,SFP inserted or port restored this week
SMK01002G00,ZTE,C300,,gpon_1/2/13,up,2.4,nan,SMK01X00011,Recovered / Fixed,SFP inserted or port restored this week
SMK01002G00,ZTE,C300,,gpon_1/2/14,up,2.4,nan,SMK01X0001I,Recovered / Fixed,SFP inserted or port restored this week
SMK01002G00,ZTE,C300,,gpon_1/2/15,up,2.4,nan,SMK01X0001N,Recovered / Fixed,SFP inserted or port restored this week
SMK01002G00,ZTE,C300,,gpon_1/2/16,up,2.4,nan,SMK01X0001R,Recovered / Fixed,SFP inserted or port restored this week
SMK01002G00,ZTE,C300,,gpon_1/2/2,up,2.4,nan,SMK01X00005,Recovered / Fixed,SFP inserted or port restored this week
SMK01002G00,ZTE,C300,,gpon_1/2/3,up,2.4,nan,SMK01X00009,Recovered / Fixed,SFP inserted or port restored this week
SMK01002G00,ZTE,C300,,gpon_1/2/4,up,2.4,nan,SMK01X0000B,Recovered / Fixed,SFP inserted or port restored this week
SMK01002G00,ZTE,C300,,gpon_1/2/6,up,2.4,nan,SMK01X2YKYU,Recovered / Fixed,SFP inserted or port restored this week
SMK01002G00,ZTE,C300,,gpon_1/2/7,up,2.4,nan,SMK01X0000M,Recovered / Fixed,SFP inserted or port restored this week
SMK01002G00,ZTE,C300,,gpon_1/2/8,up,2.4,nan,SMK01X0000R,Recovered / Fixed,SFP inserted or port restored this week
SMK01002G00,ZTE,C300,,gpon_1/2/9,up,2.4,nan,SMK01X0000W,Recovered / Fixed,SFP inserted or port restored this week
SMK01002G00,ZTE,C300,,gpon_1/3/1,up,2.4,nan,SMK01X0001U,Recovered / Fixed,SFP inserted or port restored this week
SMK01002G00,ZTE,C300,,gpon_1/3/10,up,2.4,nan,SMK01X00032,Recovered / Fixed,SFP inserted or port restored this week
SMK01002G00,ZTE,C300,,gpon_1/3/11,up,2.4,nan,SMK01X00036,Recovered / Fixed,SFP inserted or port restored this week
SMK01002G00,ZTE,C300,,gpon_1/3/12,up,2.4,nan,SMK01X0000F,Recovered / Fixed,SFP inserted or port restored this week
SMK01002G00,ZTE,C300,,gpon_1/3/13,up,2.4,nan,SMK01X0000I,Recovered / Fixed,SFP inserted or port restored this week
SMK01002G00,ZTE,C300,,gpon_1/3/14,up,2.4,nan,SMK01X00038,Recovered / Fixed,SFP inserted or port restored this week
SMK01002G00,ZTE,C300,,gpon_1/3/15,up,2.4,nan,SMK01X00040,Recovered / Fixed,SFP inserted or port restored this week
SMK01002G00,ZTE,C300,,gpon_1/3/16,up,2.4,nan,SMK01X0003D,Recovered / Fixed,SFP inserted or port restored this week
SMK01002G00,ZTE,C300,,gpon_1/3/2,up,2.4,nan,SMK01X0001Z,Recovered / Fixed,SFP inserted or port restored this week
SMK01002G00,ZTE,C300,,gpon_1/3/3,up,2.4,nan,SMK01X00024,Recovered / Fixed,SFP inserted or port restored this week
SMK01002G00,ZTE,C300,,gpon_1/3/4,up,2.4,nan,SMK01X00029,Recovered / Fixed,SFP inserted or port restored this week
SMK01002G00,ZTE,C300,,gpon_1/3/5,up,2.4,nan,SMK01X0002E,Recovered / Fixed,SFP inserted or port restored this week
SMK01002G00,ZTE,C300,,gpon_1/3/6,up,2.4,nan,SMK01X0002J,Recovered / Fixed,SFP inserted or port restored this week
SMK01002G00,ZTE,C300,,gpon_1/3/7,up,2.4,nan,SMK01X0002N,Recovered / Fixed,SFP inserted or port restored this week
SMK01002G00,ZTE,C300,,gpon_1/3/8,up,2.4,nan,SMK01X0002X,Recovered / Fixed,SFP inserted or port restored this week
SMK01002G00,ZTE,C300,,gpon_1/3/9,up,2.4,nan,SMK01X0002S,Recovered / Fixed,SFP inserted or port restored this week
SMK01002G00,ZTE,C300,,gpon_1/4/1,up,2.4,nan,SMK01X0003G,Recovered / Fixed,SFP inserted or port restored this week
SMK01002G00,ZTE,C300,,gpon_1/4/10,up,2.4,nan,SMK01X000GO,Recovered / Fixed,SFP inserted or port restored this week
SMK01002G00,ZTE,C300,,gpon_1/4/11,up,2.4,nan,SMK01X000GT,Recovered / Fixed,SFP inserted or port restored this week
SMK01002G00,ZTE,C300,,gpon_1/4/12,up,2.4,nan,SMK01X000HA,Recovered / Fixed,SFP inserted or port restored this week
SMK01002G00,ZTE,C300,,gpon_1/4/13,up,2.4,nan,SMK01X000HD,Recovered / Fixed,SFP inserted or port restored this week
SMK01002G00,ZTE,C300,,gpon_1/4/14,up,2.4,nan,SMK01X000GW,Recovered / Fixed,SFP inserted or port restored this week
SMK01002G00,ZTE,C300,,gpon_1/4/15,up,2.4,nan,SMK01X000H1,Recovered / Fixed,SFP inserted or port restored this week
SMK01002G00,ZTE,C300,,gpon_1/4/16,up,2.4,nan,SMK01X000H5,Recovered / Fixed,SFP inserted or port restored this week
SMK01002G00,ZTE,C300,,gpon_1/4/2,up,2.4,nan,SMK01X0003L,Recovered / Fixed,SFP inserted or port restored this week
SMK01002G00,ZTE,C300,,gpon_1/4/3,up,2.4,nan,SMK01X0003Q,Recovered / Fixed,SFP inserted or port restored this week
SMK01002G00,ZTE,C300,,gpon_1/4/4,up,2.4,nan,SMK01X0003U,Recovered / Fixed,SFP inserted or port restored this week
SMK01002G00,ZTE,C300,,gpon_1/4/5,up,2.4,nan,SMK01X0003Y,Recovered / Fixed,SFP inserted or port restored this week
SMK01002G00,ZTE,C300,,gpon_1/4/6,up,2.4,nan,SMK01X000G4,Recovered / Fixed,SFP inserted or port restored this week
SMK01002G00,ZTE,C300,,gpon_1/4/7,up,2.4,nan,SMK01X000G9,Recovered / Fixed,SFP inserted or port restored this week
SMK01002G00,ZTE,C300,,gpon_1/4/8,up,2.4,nan,SMK01X000GE,Recovered / Fixed,SFP inserted or port restored this week
SMK01002G00,ZTE,C300,,gpon_1/4/9,up,2.4,nan,SMK01X000GJ,Recovered / Fixed,SFP inserted or port restored this week
SMK01002G00,ZTE,C300,,gpon_1/5/10,up,2.4,nan,SMK01X2PWHI,Recovered / Fixed,SFP inserted or port restored this week
SMK01002G00,ZTE,C300,,gpon_1/5/11,up,2.4,nan,SMK01X2PWHL,Recovered / Fixed,SFP inserted or port restored this week
SMK01002G00,ZTE,C300,,gpon_1/5/12,up,2.4,nan,SMK01X2PWHJ,Recovered / Fixed,SFP inserted or port restored this week
SMK01002G00,ZTE,C300,,gpon_1/5/15,up,2.4,nan,SMK01X2U9F0,Recovered / Fixed,SFP inserted or port restored this week
SMK01002G00,ZTE,C300,,gpon_1/5/16,up,2.4,nan,SMK01X2U9NQ,Recovered / Fixed,SFP inserted or port restored this week
SMK01002G00,ZTE,C300,,gpon_1/5/2,up,2.4,nan,SMK01X2B4NN,Recovered / Fixed,SFP inserted or port restored this week
SMK01002G00,ZTE,C300,,gpon_1/5/3,up,2.4,nan,SMK01X2BHCJ,Recovered / Fixed,SFP inserted or port restored this week
SMK01002G00,ZTE,C300,,gpon_1/5/4,up,2.4,nan,SMK01X2B4OU,Recovered / Fixed,SFP inserted or port restored this week
SMK01002G00,ZTE,C300,,gpon_1/5/5,up,2.4,nan,SMK01X2BHCI,Recovered / Fixed,SFP inserted or port restored this week
SMK01002G00,ZTE,C300,,gpon_1/5/6,up,2.4,nan,SMK01X2B4O9,Recovered / Fixed,SFP inserted or port restored this week
SMK01002G00,ZTE,C300,,gpon_1/5/7,up,2.4,nan,SMK01X2BHCH,Recovered / Fixed,SFP inserted or port restored this week
SMK01002G00,ZTE,C300,,gpon_1/5/8,up,2.4,nan,SMK01X2TV6Z,Recovered / Fixed,SFP inserted or port restored this week
SMK01002G00,ZTE,C300,,gpon_1/5/9,up,2.4,nan,SMK01X2PWHH,Recovered / Fixed,SFP inserted or port restored this week
SMK01002G00,ZTE,C300,,gpon_1/6/1,up,2.4,nan,SMK01X2XP0D,Recovered / Fixed,SFP inserted or port restored this week
SMK01002G00,ZTE,C300,,gpon_1/6/10,up,2.4,nan,SMK01X37MDZ,Recovered / Fixed,SFP inserted or port restored this week
SMK01002G00,ZTE,C300,,gpon_1/6/11,up,2.4,nan,SMK01X3C7B9,Recovered / Fixed,SFP inserted or port restored this week
SMK01002G00,ZTE,C300,,gpon_1/6/12,up,2.4,nan,SMK01X3C7BB,Recovered / Fixed,SFP inserted or port restored this week
SMK01002G00,ZTE,C300,,gpon_1/6/13,up,2.4,nan,SMK01X3C7CA,Recovered / Fixed,SFP inserted or port restored this week
SMK01002G00,ZTE,C300,,gpon_1/6/14,up,2.4,nan,SMK01X3C7DM,Recovered / Fixed,SFP inserted or port restored this week
SMK01002G00,ZTE,C300,,gpon_1/6/15,up,2.4,nan,SMK01X37PHF,Recovered / Fixed,SFP inserted or port restored this week
SMK01002G00,ZTE,C300,,gpon_1/6/16,up,2.4,nan,SMK01X37PI9,Recovered / Fixed,SFP inserted or port restored this week
SMK01002G00,ZTE,C300,,gpon_1/6/2,up,2.4,nan,SMK01X2ZVP3,Recovered / Fixed,SFP inserted or port restored this week
SMK01002G00,ZTE,C300,,gpon_1/6/3,up,2.4,nan,SMK01X32KZH,Recovered / Fixed,SFP inserted or port restored this week
SMK01002G00,ZTE,C300,,gpon_1/6/4,up,2.4,nan,SMK01X33AP7,Recovered / Fixed,SFP inserted or port restored this week
SMK01002G00,ZTE,C300,,gpon_1/6/5,up,2.4,nan,SMK01X35AJ2,Recovered / Fixed,SFP inserted or port restored this week
SMK01002G00,ZTE,C300,,gpon_1/6/7,up,2.4,nan,SMK01X37L60,Recovered / Fixed,SFP inserted or port restored this week
SMK01002G00,ZTE,C300,,gpon_1/6/8,up,2.4,nan,SMK01X37NYC,Recovered / Fixed,SFP inserted or port restored this week
SMK01002G00,ZTE,C300,,gpon_1/7/1,up,2.4,nan,SMK01X3CAOE,Recovered / Fixed,SFP inserted or port restored this week
SMK01002G00,ZTE,C300,,gpon_1/7/12,up,2.4,nan,SMK01X3H6WT,Recovered / Fixed,SFP inserted or port restored this week
SMK01002G00,ZTE,C300,,gpon_1/7/13,up,2.4,nan,SMK01X3CAOG,Recovered / Fixed,SFP inserted or port restored this week
SMK01002G00,ZTE,C300,,gpon_1/7/14,up,2.4,nan,SMK01X3S1ZN,Recovered / Fixed,SFP inserted or port restored this week
SMK01002G00,ZTE,C300,,gpon_1/7/15,up,2.4,nan,SMK01X3C7AT,Recovered / Fixed,SFP inserted or port restored this week
SMK01002G00,ZTE,C300,,gpon_1/7/16,up,2.4,nan,SMK01X3C7AS,Recovered / Fixed,SFP inserted or port restored this week
SMK01002G00,ZTE,C300,,gpon_1/7/3,up,2.4,nan,SMK01X3BLV7,Recovered / Fixed,SFP inserted or port restored this week
SMK01002G00,ZTE,C300,,gpon_1/7/4,up,2.4,nan,SMK01X3BLV8,Recovered / Fixed,SFP inserted or port restored this week
SMK01002G00,ZTE,C300,,gpon_1/7/5,up,2.4,nan,SMK01X3BLV6,Recovered / Fixed,SFP inserted or port restored this week
SMK01002G00,ZTE,C300,,gpon_1/7/8,up,2.4,nan,SMK01X3FH2Q,Recovered / Fixed,SFP inserted or port restored this week
SMK01003G00,ZTE,C300,,gpon_1/2/1,up,2.4,nan,SMK01X00074,Recovered / Fixed,SFP inserted or port restored this week
SMK01003G00,ZTE,C300,,gpon_1/2/4,up,2.4,nan,SMK01X0007B,Recovered / Fixed,SFP inserted or port restored this week
SMK01003G00,ZTE,C300,,gpon_1/5/10,up,2.4,nan,SMK01X3CAV0,Recovered / Fixed,SFP inserted or port restored this week
SMK01003G00,ZTE,C300,,gpon_1/5/12,up,2.4,nan,SMK01X3EUVC,Recovered / Fixed,SFP inserted or port restored this week
SMK01003G00,ZTE,C300,,gpon_1/5/13,up,2.4,nan,SMK01X3F5VM,Recovered / Fixed,SFP inserted or port restored this week
SMK01003G00,ZTE,C300,,gpon_1/5/15,up,2.4,nan,SMK01X3F5U7,Recovered / Fixed,SFP inserted or port restored this week
SMK01003G00,ZTE,C300,,gpon_1/5/2,up,2.4,nan,SMK01X00068,Recovered / Fixed,SFP inserted or port restored this week
SMK01003G00,ZTE,C300,,gpon_1/6/1,up,2.4,nan,SMK01X3SJ2R,Recovered / Fixed,SFP inserted or port restored this week
SMK01003G00,ZTE,C300,,gpon_1/6/2,up,2.4,nan,SMK01X3S4K1,Recovered / Fixed,SFP inserted or port restored this week
SMK01003G00,ZTE,C300,,gpon_1/6/3,up,2.4,nan,SMK01X3RNXL,Recovered / Fixed,SFP inserted or port restored this week
SMK01003G00,ZTE,C300,,gpon_1/6/5,up,2.4,nan,SMK01X3S4KX,Recovered / Fixed,SFP inserted or port restored this week
SMK01003G00,ZTE,C300,,gpon_1/6/8,up,2.4,nan,SMK01X3V2WI,Recovered / Fixed,SFP inserted or port restored this week
SMK01015G00,ZTE,C320,,gpon_1/1/7,up,2.4,nan,SMK01X2XJAA,Recovered / Fixed,SFP inserted or port restored this week
SMK01017G00,ZTE,C320,,gpon_1/1/10,up,2.4,nan,SMK01X3R0OW,Recovered / Fixed,SFP inserted or port restored this week
SMK01017G00,ZTE,C320,,gpon_1/1/11,up,2.4,nan,SMK01X3ROYQ,Recovered / Fixed,SFP inserted or port restored this week
SMK01017G00,ZTE,C320,,gpon_1/1/12,up,2.4,nan,SMK01X3RQ20,Recovered / Fixed,SFP inserted or port restored this week
SMK01017G00,ZTE,C320,,gpon_1/1/13,up,2.4,nan,SMK01X3RQ26,Recovered / Fixed,SFP inserted or port restored this week
SMK01017G00,ZTE,C320,,gpon_1/1/14,up,2.4,nan,SMK02X3T0EB,Recovered / Fixed,SFP inserted or port restored this week
SMK01017G00,ZTE,C320,,gpon_1/1/3,up,2.4,nan,SMK01X2G1QK,Recovered / Fixed,SFP inserted or port restored this week
SMK01017G00,ZTE,C320,,gpon_1/1/5,up,2.4,nan,SMK01X3CA4D,Recovered / Fixed,SFP inserted or port restored this week
SMK01017G00,ZTE,C320,,gpon_1/1/6,up,2.4,nan,SMK01X3HO5H,Recovered / Fixed,SFP inserted or port restored this week
SMK01017G00,ZTE,C320,,gpon_1/1/7,up,2.4,nan,SMK01X3I2M5,Recovered / Fixed,SFP inserted or port restored this week
SMK01017G00,ZTE,C320,,gpon_1/1/8,up,2.4,nan,SMK01X3IX2V,Recovered / Fixed,SFP inserted or port restored this week
SMK01017G00,ZTE,C320,,gpon_1/1/9,up,2.4,nan,SMK01X3QIA3,Recovered / Fixed,SFP inserted or port restored this week
SMK01020G00,ZTE,C320,,gpon_1/1/8,up,2.4,nan,SMK01X3DJ08,Recovered / Fixed,SFP inserted or port restored this week
SMK01036G00,ZTE,C320,,gpon_1/1/10,up,2.4,nan,SMK01X3Q0PQ,Recovered / Fixed,SFP inserted or port restored this week
SMK01036G00,ZTE,C320,,gpon_1/1/11,up,2.4,nan,SMK01X3RN7O,Recovered / Fixed,SFP inserted or port restored this week
SMK01036G00,ZTE,C320,,gpon_1/1/12,up,2.4,nan,SMK01X3TPDA,Recovered / Fixed,SFP inserted or port restored this week
SMK01036G00,ZTE,C320,,gpon_1/1/13,up,2.4,nan,SMK01X3UJS3,Recovered / Fixed,SFP inserted or port restored this week
SMK01036G00,ZTE,C320,,gpon_1/1/9,up,2.4,nan,SMK01X3Q0PZ,Recovered / Fixed,SFP inserted or port restored this week
SMK01038G00,ZTE,C320,,gpon_1/2/1,up,2.4,nan,SMK01X30E9L,Recovered / Fixed,SFP inserted or port restored this week
SMK01038G00,ZTE,C320,,gpon_1/2/2,up,2.4,nan,SMK01X31PE0,Recovered / Fixed,SFP inserted or port restored this week
SMK01038G00,ZTE,C320,,gpon_1/2/3,up,2.4,nan,SMK01X35KEO,Recovered / Fixed,SFP inserted or port restored this week
SMK01038G00,ZTE,C320,,gpon_1/2/4,up,2.4,nan,SMK01X3JB6S,Recovered / Fixed,SFP inserted or port restored this week
SMK01038G00,ZTE,C320,,gpon_1/2/5,up,2.4,nan,SMK01X3S3DC,Recovered / Fixed,SFP inserted or port restored this week
SMK01038G00,ZTE,C320,,gpon_1/2/6,up,2.4,nan,SMK01X36GR9,Recovered / Fixed,SFP inserted or port restored this week
SMK01038G00,ZTE,C320,,gpon_1/2/7,up,2.4,nan,SMK01X39N92,Recovered / Fixed,SFP inserted or port restored this week
SMK01038G00,ZTE,C320,,gpon_1/2/8,up,2.4,nan,SMK01X39NHL,Recovered / Fixed,SFP inserted or port restored this week
SMK01042GO0,ZTE,C320,,gpon_1/1/6,up,2.4,nan,SMK01X3RRHZ,Recovered / Fixed,SFP inserted or port restored this week
SMK02001G00,ZTE,C300,,gpon_1/15/10,up,2.4,nan,SMK02X3IL9F,Recovered / Fixed,SFP inserted or port restored this week
SMK02001G00,ZTE,C300,,gpon_1/15/12,up,2.4,nan,SMK01X3F41O,Recovered / Fixed,SFP inserted or port restored this week
SMK02001G00,ZTE,C300,,gpon_1/15/15,down,2.4,nan,SMK02X3FWOO,Recovered / Fixed,SFP inserted or port restored this week
SMK02001G00,ZTE,C300,,gpon_1/15/16,up,2.4,nan,SMK01X3FH9B,Recovered / Fixed,SFP inserted or port restored this week
SMK02001G00,ZTE,C300,,gpon_1/15/2,up,2.4,nan,SMK02X34DQ2,Recovered / Fixed,SFP inserted or port restored this week
SMK02001G00,ZTE,C300,,gpon_1/15/3,up,2.4,nan,SMK02X3DITB,Recovered / Fixed,SFP inserted or port restored this week
SMK02001G00,ZTE,C300,,gpon_1/15/4,up,2.4,nan,SMK01X3DZ8H,Recovered / Fixed,SFP inserted or port restored this week
SMK02001G00,ZTE,C300,,gpon_1/15/5,up,2.4,nan,SMK01X3DZ8E,Recovered / Fixed,SFP inserted or port restored this week
SMK02001G00,ZTE,C300,,gpon_1/15/6,up,2.4,nan,SMK01X3DZ8F,Recovered / Fixed,SFP inserted or port restored this week
SMK02001G00,ZTE,C300,,gpon_1/15/7,up,2.4,nan,SMK02X3J0LO,Recovered / Fixed,SFP inserted or port restored this week
SMK02001G00,ZTE,C300,,gpon_1/15/8,up,2.4,nan,SMK02X3J0LP,Recovered / Fixed,SFP inserted or port restored this week
SMK02001G00,ZTE,C300,,gpon_1/15/9,up,2.4,nan,SMK02X3J0LU,Recovered / Fixed,SFP inserted or port restored this week
SMK02001G00,ZTE,C300,,gpon_1/16/1,up,2.4,nan,SMK01X3J2B7,Recovered / Fixed,SFP inserted or port restored this week
SMK02001G00,ZTE,C300,,gpon_1/16/10,up,2.4,nan,SMK01X3J2BD,Recovered / Fixed,SFP inserted or port restored this week
SMK02001G00,ZTE,C300,,gpon_1/16/11,up,2.4,nan,SMK02X3JDQ9,Recovered / Fixed,SFP inserted or port restored this week
SMK02001G00,ZTE,C300,,gpon_1/16/13,up,2.4,nan,SMK02X3JDQE,Recovered / Fixed,SFP inserted or port restored this week
SMK02001G00,ZTE,C300,,gpon_1/16/15,up,2.4,nan,SMK02X3JDQJ,Recovered / Fixed,SFP inserted or port restored this week
SMK02001G00,ZTE,C300,,gpon_1/16/2,up,2.4,nan,SMK01X3J2B6,Recovered / Fixed,SFP inserted or port restored this week
SMK02001G00,ZTE,C300,,gpon_1/16/3,up,2.4,nan,SMK01X3J2B8,Recovered / Fixed,SFP inserted or port restored this week
SMK02001G00,ZTE,C300,,gpon_1/16/5,up,2.4,nan,SMK01X3P4ZX,Recovered / Fixed,SFP inserted or port restored this week
SMK02001G00,ZTE,C300,,gpon_1/16/7,up,2.4,nan,SMK01X3J2BC,Recovered / Fixed,SFP inserted or port restored this week
SMK02001G00,ZTE,C300,,gpon_1/16/8,up,2.4,nan,SMK01X3J2BB,Recovered / Fixed,SFP inserted or port restored this week
SMK02001G00,ZTE,C300,,gpon_1/16/9,up,2.4,nan,SMK01X3J2BE,Recovered / Fixed,SFP inserted or port restored this week
SMK02001G00,ZTE,C300,,gpon_1/17/14,up,2.4,nan,SMK01X3SPZZ,Recovered / Fixed,SFP inserted or port restored this week
SMK02001G00,ZTE,C300,,gpon_1/17/4,up,2.4,nan,SMK01X3QR6I,Recovered / Fixed,SFP inserted or port restored this week
SMK02001G00,ZTE,C300,,gpon_1/17/5,up,2.4,nan,SMK02X3SJXZ,Recovered / Fixed,SFP inserted or port restored this week
SMK02001G00,ZTE,C300,,gpon_1/17/6,up,2.4,nan,SMK01X3SCXX,Recovered / Fixed,SFP inserted or port restored this week
SMK02001G00,ZTE,C300,,gpon_1/17/7,up,2.4,nan,SMK02X3SI93,Recovered / Fixed,SFP inserted or port restored this week
SMK02001G00,ZTE,C300,,gpon_1/17/8,up,2.4,nan,SMK02X3SW65,Recovered / Fixed,SFP inserted or port restored this week
SMK02001G00,ZTE,C300,,gpon_1/17/9,up,2.4,nan,SMK02X3SSCK,Recovered / Fixed,SFP inserted or port restored this week
SMK02001G00,ZTE,C300,,gpon_1/3/11,up,2.4,nan,SMK01X000DF,Recovered / Fixed,SFP inserted or port restored this week
SMK02001G00,ZTE,C300,,gpon_1/5/5,up,2.4,nan,SMK01X2YP3H,Recovered / Fixed,SFP inserted or port restored this week
SMK02001G00,ZTE,C300,,gpon_1/6/12,up,2.4,nan,SMK02X20VOG,Recovered / Fixed,SFP inserted or port restored this week
SMK02001G00,ZTE,C300,,gpon_1/7/11,up,2.4,nan,SMK02X20VFS,Recovered / Fixed,SFP inserted or port restored this week
SMK02001G00,ZTE,C300,,gpon_1/8/8,up,2.4,nan,SMK02X20VVO,Recovered / Fixed,SFP inserted or port restored this week
SMK02008G00,ZTE,C320,,gpon_1/1/5,up,2.4,nan,SMK01X2RM3I,Recovered / Fixed,SFP inserted or port restored this week
SMK02008G00,ZTE,C320,,gpon_1/1/7,up,2.4,nan,SMK01X30OVL,Recovered / Fixed,SFP inserted or port restored this week
SMK02023GO0,ZTE,C320,,gpon_1/2/2,up,2.4,nan,SMK02X3C631,Recovered / Fixed,SFP inserted or port restored this week
SMK02023GO0,ZTE,C320,,gpon_1/2/3,up,2.4,nan,SMK02X3COZT,Recovered / Fixed,SFP inserted or port restored this week
SMK02023GO0,ZTE,C320,,gpon_1/2/4,up,2.4,nan,SMK02X3F3R1,Recovered / Fixed,SFP inserted or port restored this week
SMK02023GO0,ZTE,C320,,gpon_1/2/5,up,2.4,nan,SMK02X3F5C2,Recovered / Fixed,SFP inserted or port restored this week
SMK02023GO0,ZTE,C320,,gpon_1/2/7,up,2.4,nan,SMK02X3SQ02,Recovered / Fixed,SFP inserted or port restored this week
SMK03001G00,ZTE,C300,,gpon_1/2/1,up,2.4,nan,SMK01X000E5,Recovered / Fixed,SFP inserted or port restored this week
SMK03001G00,ZTE,C300,,gpon_1/2/10,up,2.4,nan,SMK03X0000W,Recovered / Fixed,SFP inserted or port restored this week
SMK03001G00,ZTE,C300,,gpon_1/2/11,up,2.4,nan,SMK03X00010,Recovered / Fixed,SFP inserted or port restored this week
SMK03001G00,ZTE,C300,,gpon_1/2/12,up,2.4,nan,SMK03X00015,Recovered / Fixed,SFP inserted or port restored this week
SMK03001G00,ZTE,C300,,gpon_1/2/13,up,2.4,nan,SMK03X0001A,Recovered / Fixed,SFP inserted or port restored this week
SMK03001G00,ZTE,C300,,gpon_1/2/14,up,2.4,nan,SMK03X0001E,Recovered / Fixed,SFP inserted or port restored this week
SMK03001G00,ZTE,C300,,gpon_1/2/15,up,2.4,nan,SMK03X0001I,Recovered / Fixed,SFP inserted or port restored this week
SMK03001G00,ZTE,C300,,gpon_1/2/16,up,2.4,nan,SMK03X29ZO5,Recovered / Fixed,SFP inserted or port restored this week
SMK03001G00,ZTE,C300,,gpon_1/2/3,up,2.4,nan,SMK03X0000A,Recovered / Fixed,SFP inserted or port restored this week
SMK03001G00,ZTE,C300,,gpon_1/2/4,up,2.4,nan,SMK03X0000D,Recovered / Fixed,SFP inserted or port restored this week
SMK03001G00,ZTE,C300,,gpon_1/2/5,up,2.4,nan,SMK03X0000H,Recovered / Fixed,SFP inserted or port restored this week
SMK03001G00,ZTE,C300,,gpon_1/2/6,up,2.4,nan,SMK03X0000L,Recovered / Fixed,SFP inserted or port restored this week
SMK03001G00,ZTE,C300,,gpon_1/2/7,up,2.4,nan,SMK03X0000N,Recovered / Fixed,SFP inserted or port restored this week
SMK03001G00,ZTE,C300,,gpon_1/2/8,up,2.4,nan,SMK03X0000Q,Recovered / Fixed,SFP inserted or port restored this week
SMK03001G00,ZTE,C300,,gpon_1/2/9,up,2.4,nan,SMK03X0000T,Recovered / Fixed,SFP inserted or port restored this week
SMK03001G00,ZTE,C300,,gpon_1/3/13,up,2.4,nan,SMK03X29ZOB,Recovered / Fixed,SFP inserted or port restored this week
SMK03001G00,ZTE,C300,,gpon_1/3/15,up,2.4,nan,SMK03X2N6F1,Recovered / Fixed,SFP inserted or port restored this week
SMK03001G00,ZTE,C300,,gpon_1/3/8,up,2.4,nan,SMK03X0002Y,Recovered / Fixed,SFP inserted or port restored this week
SMK03001G00,ZTE,C300,,gpon_1/4/1,up,2.4,nan,SMK03X2VOH9,Recovered / Fixed,SFP inserted or port restored this week
SMK03001G00,ZTE,C300,,gpon_1/4/3,up,2.4,nan,SMK03X39TBL,Recovered / Fixed,SFP inserted or port restored this week
SMK03001G00,ZTE,C300,,gpon_1/4/4,up,2.4,nan,SMK03X3CF5C,Recovered / Fixed,SFP inserted or port restored this week
SMK03001G00,ZTE,C300,,gpon_1/4/5,up,2.4,nan,SMK03X3JXHZ,Recovered / Fixed,SFP inserted or port restored this week
SMK03001G00,ZTE,C300,,gpon_1/4/6,up,2.4,nan,SMK03X3F56Y,Recovered / Fixed,SFP inserted or port restored this week
SMK03001G00,ZTE,C300,,gpon_1/4/8,up,2.4,nan,SMK03X3RP8X,Recovered / Fixed,SFP inserted or port restored this week
SMK03001G00,ZTE,C300,,gpon_1/4/9,up,2.4,nan,SMK03X3RQMN,Recovered / Fixed,SFP inserted or port restored this week
SMP02010GO0,Fiberhome,AN5516-04,,PON 1/3,up,2.4,nan,SMP02X2VYVC,Recovered / Fixed,SFP inserted or port restored this week
SMS01001GO0,ZTE,C320,,gpon_1/1/5,up,2.4,nan,SMS01X00021,Recovered / Fixed,SFP inserted or port restored this week
SMS01002G00,ZTE,C300,,gpon_1/3/7,up,2.4,nan,SMS01X20SN0,Recovered / Fixed,SFP inserted or port restored this week
SMS01002G00,ZTE,C300,,gpon_1/4/1,up,2.4,nan,SMS03X2BNNI,Recovered / Fixed,SFP inserted or port restored this week
SMS01002G00,ZTE,C300,,gpon_1/9/1,up,2.4,nan,SMS01X38PYF,Recovered / Fixed,SFP inserted or port restored this week
SMS01002G00,ZTE,C300,,gpon_1/9/10,up,2.4,nan,SMS01X3DGVD,Recovered / Fixed,SFP inserted or port restored this week
SMS01002G00,ZTE,C300,,gpon_1/9/11,up,2.4,nan,SMS01X3EAD2,Recovered / Fixed,SFP inserted or port restored this week
SMS01002G00,ZTE,C300,,gpon_1/9/12,up,2.4,nan,SMS01X3DGQA,Recovered / Fixed,SFP inserted or port restored this week
SMS01002G00,ZTE,C300,,gpon_1/9/13,up,2.4,nan,SMS01X3DHM4,Recovered / Fixed,SFP inserted or port restored this week
SMS01002G00,ZTE,C300,,gpon_1/9/14,up,2.4,nan,SMS01X3DHLZ,Recovered / Fixed,SFP inserted or port restored this week
SMS01002G00,ZTE,C300,,gpon_1/9/2,up,2.4,nan,SMS01X39JRH,Recovered / Fixed,SFP inserted or port restored this week
SMS01002G00,ZTE,C300,,gpon_1/9/3,up,2.4,nan,SMS01X39KIW,Recovered / Fixed,SFP inserted or port restored this week
SMS01002G00,ZTE,C300,,gpon_1/9/4,up,2.4,nan,SMS01X39KIX,Recovered / Fixed,SFP inserted or port restored this week
SMS01002G00,ZTE,C300,,gpon_1/9/5,up,2.4,nan,SMS01X3B52A,Recovered / Fixed,SFP inserted or port restored this week
SMS01002G00,ZTE,C300,,gpon_1/9/6,up,2.4,nan,SMS01X3BAO1,Recovered / Fixed,SFP inserted or port restored this week
SMS01002G00,ZTE,C300,,gpon_1/9/7,up,2.4,nan,SMS01X3BAS9,Recovered / Fixed,SFP inserted or port restored this week
SMS01002G00,ZTE,C300,,gpon_1/9/8,up,2.4,nan,SMS01X3DGIO,Recovered / Fixed,SFP inserted or port restored this week
SMS01002G00,ZTE,C300,,gpon_1/9/9,up,2.4,nan,SMS01X3DGIP,Recovered / Fixed,SFP inserted or port restored this week
SMS03001G00,ZTE,C320,,gpon_1/1/1,up,2.4,nan,SMS03X24CCJ,Recovered / Fixed,SFP inserted or port restored this week
SMS03001G00,ZTE,C320,,gpon_1/1/2,up,2.4,nan,SMS03X24CC0,Recovered / Fixed,SFP inserted or port restored this week
SMS03001G00,ZTE,C320,,gpon_1/1/3,up,2.4,nan,SMS03X2BPB4,Recovered / Fixed,SFP inserted or port restored this week
SMS03001G00,ZTE,C320,,gpon_1/1/4,up,2.4,nan,SMS01X2X8NA,Recovered / Fixed,SFP inserted or port restored this week
SMS03001G00,ZTE,C320,,gpon_1/1/5,up,2.4,nan,SMS03X2X5RW,Recovered / Fixed,SFP inserted or port restored this week
SMS03001G00,ZTE,C320,,gpon_1/1/6,up,2.4,nan,SMS01X3C5MZ,Recovered / Fixed,SFP inserted or port restored this week
SMS03001G00,ZTE,C320,,gpon_1/1/7,up,2.4,nan,SMS03X3H79G,Recovered / Fixed,SFP inserted or port restored this week
SMS03001G00,ZTE,C320,,gpon_1/1/8,up,2.4,nan,SMS01X3SBIM,Recovered / Fixed,SFP inserted or port restored this week
SMS03001G00,ZTE,C320,,gpon_1/1/9,up,2.4,nan,SMS03X3SPZI,Recovered / Fixed,SFP inserted or port restored this week
SMS03011G00,ZTE,C320,,gpon_1/1/7,up,2.4,nan,SMS01X2UJR5,Recovered / Fixed,SFP inserted or port restored this week
SMS03011G00,ZTE,C320,,gpon_1/2/2,up,2.4,nan,SMS01X324SO,Recovered / Fixed,SFP inserted or port restored this week
SMS03011G00,ZTE,C320,,gpon_1/2/3,up,2.4,nan,SMS01X33S5V,Recovered / Fixed,SFP inserted or port restored this week
SMS03011G00,ZTE,C320,,gpon_1/2/4,up,2.4,nan,SMS01X2Y76W,Recovered / Fixed,SFP inserted or port restored this week
SMS03011G00,ZTE,C320,,gpon_1/2/5,up,2.4,nan,SMS01X2X4FB,Recovered / Fixed,SFP inserted or port restored this week
SMS03011G00,ZTE,C320,,gpon_1/2/6,up,2.4,nan,SMS01X3255M,Recovered / Fixed,SFP inserted or port restored this week
SMS03011G00,ZTE,C320,,gpon_1/2/7,up,2.4,nan,SMS01X325HC,Recovered / Fixed,SFP inserted or port restored this week
SMS03011G00,ZTE,C320,,gpon_1/2/8,up,2.4,nan,SMS01X33JGW,Recovered / Fixed,SFP inserted or port restored this week
SPB01021GO0,ZTE,C320,,gpon_1/1/1,up,2.4,nan,SPB01X0007U,Recovered / Fixed,SFP inserted or port restored this week
SPB01021GO0,ZTE,C320,,gpon_1/1/4,up,2.4,nan,SPB01X2PTVW,Recovered / Fixed,SFP inserted or port restored this week
SPB01021GO0,ZTE,C320,,gpon_1/1/5,up,2.4,nan,SPB01X2PTY8,Recovered / Fixed,SFP inserted or port restored this week
SPB01021GO0,ZTE,C320,,gpon_1/1/7,up,2.4,nan,SPB01X2PTYP,Recovered / Fixed,SFP inserted or port restored this week
SPB08001GO1,ZTE,C320,,gpon_1/1/1,up,2.4,nan,SPB08X36TA7,Recovered / Fixed,SFP inserted or port restored this week
SRN01005GO0,ZTE,C320,,gpon_1/2/5,down,2.4,nan,SRN01X3PO9A,Recovered / Fixed,SFP inserted or port restored this week
SRN01007GO0,ZTE,C320,,gpon_1/2/14,up,2.4,nan,SRN01X35IH4,Recovered / Fixed,SFP inserted or port restored this week
SRN01034GO0,ZTE,C320,,gpon_1/1/1,up,2.4,nan,SRN01X0027J,Recovered / Fixed,SFP inserted or port restored this week
SRN01034GO0,ZTE,C320,,gpon_1/1/5,up,2.4,nan,SRN01X0028C,Recovered / Fixed,SFP inserted or port restored this week
SRN01034GO0,ZTE,C320,,gpon_1/2/4,up,2.4,nan,SRN01X002C9,Recovered / Fixed,SFP inserted or port restored this week
SRN01034GO0,ZTE,C320,,gpon_1/2/6,up,2.4,nan,SRN01X2Y5IY,Recovered / Fixed,SFP inserted or port restored this week
SRN13001GO0,ZTE,C320,,gpon_1/2/6,up,2.4,nan,SRN13X397AF,Recovered / Fixed,SFP inserted or port restored this week
SRT01001G00,ZTE,C300,,gpon_1/12/1,up,2.4,nan,SRT01X33BTU,Recovered / Fixed,SFP inserted or port restored this week
SRT01001G00,ZTE,C300,,gpon_1/12/10,up,2.4,nan,SRT01X3BY9A,Recovered / Fixed,SFP inserted or port restored this week
SRT01001G00,ZTE,C300,,gpon_1/12/11,up,2.4,nan,SRT01X3GSFV,Recovered / Fixed,SFP inserted or port restored this week
SRT01001G00,ZTE,C300,,gpon_1/12/12,up,2.4,nan,SRT01X3HDZL,Recovered / Fixed,SFP inserted or port restored this week
SRT01001G00,ZTE,C300,,gpon_1/12/13,up,2.4,nan,SRT01X3JQJY,Recovered / Fixed,SFP inserted or port restored this week
SRT01001G00,ZTE,C300,,gpon_1/12/14,up,2.4,nan,SRT01X3JQKV,Recovered / Fixed,SFP inserted or port restored this week
SRT01001G00,ZTE,C300,,gpon_1/12/15,up,2.4,nan,SRT01X3LBKT,Recovered / Fixed,SFP inserted or port restored this week
SRT01001G00,ZTE,C300,,gpon_1/12/16,up,2.4,nan,SRT01X3LBLD,Recovered / Fixed,SFP inserted or port restored this week
SRT01001G00,ZTE,C300,,gpon_1/12/2,up,2.4,nan,SRT01X35K5O,Recovered / Fixed,SFP inserted or port restored this week
SRT01001G00,ZTE,C300,,gpon_1/12/3,up,2.4,nan,SRT01X35K5P,Recovered / Fixed,SFP inserted or port restored this week
SRT01001G00,ZTE,C300,,gpon_1/12/4,up,2.4,nan,SRT01X35K4N,Recovered / Fixed,SFP inserted or port restored this week
SRT01001G00,ZTE,C300,,gpon_1/12/6,up,2.4,nan,SRT01X381T4,Recovered / Fixed,SFP inserted or port restored this week
SRT01001G00,ZTE,C300,,gpon_1/12/7,up,2.4,nan,SRT01X390GP,Recovered / Fixed,SFP inserted or port restored this week
SRT01001G00,ZTE,C300,,gpon_1/12/8,up,2.4,nan,SRT01X390GS,Recovered / Fixed,SFP inserted or port restored this week
SRT01001G00,ZTE,C300,,gpon_1/12/9,up,2.4,nan,SRT01X3BY9I,Recovered / Fixed,SFP inserted or port restored this week
SRT01001G00,ZTE,C300,,gpon_1/2/1,up,2.4,nan,SRT01X00005,Recovered / Fixed,SFP inserted or port restored this week
SRT01001G00,ZTE,C300,,gpon_1/2/10,up,2.4,nan,SRT01X0001E,Recovered / Fixed,SFP inserted or port restored this week
SRT01001G00,ZTE,C300,,gpon_1/2/11,up,2.4,nan,SRT01X0001I,Recovered / Fixed,SFP inserted or port restored this week
SRT01001G00,ZTE,C300,,gpon_1/2/12,up,2.4,nan,SRT01X0001N,Recovered / Fixed,SFP inserted or port restored this week
SRT01001G00,ZTE,C300,,gpon_1/2/13,up,2.4,nan,SRT01X0001R,Recovered / Fixed,SFP inserted or port restored this week
SRT01001G00,ZTE,C300,,gpon_1/2/14,up,2.4,nan,SRT01X0001W,Recovered / Fixed,SFP inserted or port restored this week
SRT01001G00,ZTE,C300,,gpon_1/2/15,up,2.4,nan,SRT01X00021,Recovered / Fixed,SFP inserted or port restored this week
SRT01001G00,ZTE,C300,,gpon_1/2/16,up,2.4,nan,SRT01X00026,Recovered / Fixed,SFP inserted or port restored this week
SRT01001G00,ZTE,C300,,gpon_1/2/2,up,2.4,nan,SRT01X0000A,Recovered / Fixed,SFP inserted or port restored this week
SRT01001G00,ZTE,C300,,gpon_1/2/3,up,2.4,nan,SRT01X0000F,Recovered / Fixed,SFP inserted or port restored this week
SRT01001G00,ZTE,C300,,gpon_1/2/4,up,2.4,nan,SRT01X0000K,Recovered / Fixed,SFP inserted or port restored this week
SRT01001G00,ZTE,C300,,gpon_1/2/5,up,2.4,nan,SRT01X0000P,Recovered / Fixed,SFP inserted or port restored this week
SRT01001G00,ZTE,C300,,gpon_1/2/6,up,2.4,nan,SRT01X0000Y,Recovered / Fixed,SFP inserted or port restored this week
SRT01001G00,ZTE,C300,,gpon_1/2/7,up,2.4,nan,SRT01X0000Z,Recovered / Fixed,SFP inserted or port restored this week
SRT01001G00,ZTE,C300,,gpon_1/2/8,up,2.4,nan,SRT01X00014,Recovered / Fixed,SFP inserted or port restored this week
SRT01001G00,ZTE,C300,,gpon_1/2/9,up,2.4,nan,SRT01X00019,Recovered / Fixed,SFP inserted or port restored this week
SRT01001G00,ZTE,C300,,gpon_1/3/1,up,2.4,nan,SRT01X0002B,Recovered / Fixed,SFP inserted or port restored this week
SRT01001G00,ZTE,C300,,gpon_1/3/10,up,2.4,nan,SRT01X0003K,Recovered / Fixed,SFP inserted or port restored this week
SRT01001G00,ZTE,C300,,gpon_1/3/11,up,2.4,nan,SRT01X0003P,Recovered / Fixed,SFP inserted or port restored this week
SRT01001G00,ZTE,C300,,gpon_1/3/12,up,2.4,nan,SRT01X0003U,Recovered / Fixed,SFP inserted or port restored this week
SRT01001G00,ZTE,C300,,gpon_1/3/13,up,2.4,nan,SRT01X0003V,Recovered / Fixed,SFP inserted or port restored this week
SRT01001G00,ZTE,C300,,gpon_1/3/14,up,2.4,nan,SRT01X00045,Recovered / Fixed,SFP inserted or port restored this week
SRT01001G00,ZTE,C300,,gpon_1/3/15,up,2.4,nan,SRT01X0004A,Recovered / Fixed,SFP inserted or port restored this week
SRT01001G00,ZTE,C300,,gpon_1/3/16,up,2.4,nan,SRT01X0004F,Recovered / Fixed,SFP inserted or port restored this week
SRT01001G00,ZTE,C300,,gpon_1/3/2,up,2.4,nan,SRT01X0002G,Recovered / Fixed,SFP inserted or port restored this week
SRT01001G00,ZTE,C300,,gpon_1/3/3,up,2.4,nan,SRT01X0002L,Recovered / Fixed,SFP inserted or port restored this week
SRT01001G00,ZTE,C300,,gpon_1/3/4,up,2.4,nan,SRT01X0002Q,Recovered / Fixed,SFP inserted or port restored this week
SRT01001G00,ZTE,C300,,gpon_1/3/5,up,2.4,nan,SRT01X0002V,Recovered / Fixed,SFP inserted or port restored this week
SRT01001G00,ZTE,C300,,gpon_1/3/6,up,2.4,nan,SRT01X00030,Recovered / Fixed,SFP inserted or port restored this week
SRT01001G00,ZTE,C300,,gpon_1/3/7,up,2.4,nan,SRT01X00035,Recovered / Fixed,SFP inserted or port restored this week
SRT01001G00,ZTE,C300,,gpon_1/3/8,up,2.4,nan,SRT01X0003A,Recovered / Fixed,SFP inserted or port restored this week
SRT01001G00,ZTE,C300,,gpon_1/3/9,up,2.4,nan,SRT01X0003F,Recovered / Fixed,SFP inserted or port restored this week
SRT01001G00,ZTE,C300,,gpon_1/4/1,up,2.4,nan,SRT01X0004K,Recovered / Fixed,SFP inserted or port restored this week
SRT01001G00,ZTE,C300,,gpon_1/4/10,up,2.4,nan,SRT01X0005T,Recovered / Fixed,SFP inserted or port restored this week
SRT01001G00,ZTE,C300,,gpon_1/4/11,up,2.4,nan,SRT01X0005Y,Recovered / Fixed,SFP inserted or port restored this week
SRT01001G00,ZTE,C300,,gpon_1/4/12,up,2.4,nan,SRT01X00063,Recovered / Fixed,SFP inserted or port restored this week
SRT01001G00,ZTE,C300,,gpon_1/4/13,up,2.4,nan,SRT01X00069,Recovered / Fixed,SFP inserted or port restored this week
SRT01001G00,ZTE,C300,,gpon_1/4/14,up,2.4,nan,SRT01X0006E,Recovered / Fixed,SFP inserted or port restored this week
SRT01001G00,ZTE,C300,,gpon_1/4/15,up,2.4,nan,SRT01X0006J,Recovered / Fixed,SFP inserted or port restored this week
SRT01001G00,ZTE,C300,,gpon_1/4/16,up,2.4,nan,SRT01X0006O,Recovered / Fixed,SFP inserted or port restored this week
SRT01001G00,ZTE,C300,,gpon_1/4/2,up,2.4,nan,SRT01X0004P,Recovered / Fixed,SFP inserted or port restored this week
SRT01001G00,ZTE,C300,,gpon_1/4/3,up,2.4,nan,SRT01X0004U,Recovered / Fixed,SFP inserted or port restored this week
SRT01001G00,ZTE,C300,,gpon_1/4/4,up,2.4,nan,SRT01X0004Z,Recovered / Fixed,SFP inserted or port restored this week
SRT01001G00,ZTE,C300,,gpon_1/4/5,up,2.4,nan,SRT01X00054,Recovered / Fixed,SFP inserted or port restored this week
SRT01001G00,ZTE,C300,,gpon_1/4/6,up,2.4,nan,SRT01X00059,Recovered / Fixed,SFP inserted or port restored this week
SRT01001G00,ZTE,C300,,gpon_1/4/7,up,2.4,nan,SRT01X0005E,Recovered / Fixed,SFP inserted or port restored this week
SRT01001G00,ZTE,C300,,gpon_1/4/8,up,2.4,nan,SRT01X0005J,Recovered / Fixed,SFP inserted or port restored this week
SRT01001G00,ZTE,C300,,gpon_1/4/9,up,2.4,nan,SRT01X0005O,Recovered / Fixed,SFP inserted or port restored this week
SRT01001G00,ZTE,C300,,gpon_1/5/1,up,2.4,nan,SRT01X0006T,Recovered / Fixed,SFP inserted or port restored this week
SRT01001G00,ZTE,C300,,gpon_1/5/10,up,2.4,nan,SRT01X00082,Recovered / Fixed,SFP inserted or port restored this week
SRT01001G00,ZTE,C300,,gpon_1/5/11,up,2.4,nan,SRT01X0008K,Recovered / Fixed,SFP inserted or port restored this week
SRT01001G00,ZTE,C300,,gpon_1/5/12,up,2.4,nan,SRT01X1ZFT8,Recovered / Fixed,SFP inserted or port restored this week
SRT01001G00,ZTE,C300,,gpon_1/5/13,up,2.4,nan,SRT01X1ZFU2,Recovered / Fixed,SFP inserted or port restored this week
SRT01001G00,ZTE,C300,,gpon_1/5/14,up,2.4,nan,SRT01X1ZR4Y,Recovered / Fixed,SFP inserted or port restored this week
SRT01001G00,ZTE,C300,,gpon_1/5/15,up,2.4,nan,SRT01X0009Q,Recovered / Fixed,SFP inserted or port restored this week
SRT01001G00,ZTE,C300,,gpon_1/5/16,up,2.4,nan,SRT01X0009V,Recovered / Fixed,SFP inserted or port restored this week
SRT01001G00,ZTE,C300,,gpon_1/5/2,up,2.4,nan,SRT01X0006Y,Recovered / Fixed,SFP inserted or port restored this week
SRT01001G00,ZTE,C300,,gpon_1/5/3,up,2.4,nan,SRT01X00073,Recovered / Fixed,SFP inserted or port restored this week
SRT01001G00,ZTE,C300,,gpon_1/5/4,up,2.4,nan,SRT01X00078,Recovered / Fixed,SFP inserted or port restored this week
SRT01001G00,ZTE,C300,,gpon_1/5/5,up,2.4,nan,SRT01X1ZFS5,Recovered / Fixed,SFP inserted or port restored this week
SRT01001G00,ZTE,C300,,gpon_1/5/6,up,2.4,nan,SRT01X0007I,Recovered / Fixed,SFP inserted or port restored this week
SRT01001G00,ZTE,C300,,gpon_1/5/7,up,2.4,nan,SRT01X0007N,Recovered / Fixed,SFP inserted or port restored this week
SRT01001G00,ZTE,C300,,gpon_1/5/8,up,2.4,nan,SRT01X0007S,Recovered / Fixed,SFP inserted or port restored this week
SRT01001G00,ZTE,C300,,gpon_1/5/9,up,2.4,nan,SRT01X0007X,Recovered / Fixed,SFP inserted or port restored this week
SRT01001G00,ZTE,C300,,gpon_1/6/1,up,2.4,nan,SRT01X00100,Recovered / Fixed,SFP inserted or port restored this week
SRT01001G00,ZTE,C300,,gpon_1/6/10,up,2.4,nan,SRT01X0011A,Recovered / Fixed,SFP inserted or port restored this week
SRT01001G00,ZTE,C300,,gpon_1/6/11,up,2.4,nan,SRT01X0011F,Recovered / Fixed,SFP inserted or port restored this week
SRT01001G00,ZTE,C300,,gpon_1/6/12,up,2.4,nan,SRT01X0008H,Recovered / Fixed,SFP inserted or port restored this week
SRT01001G00,ZTE,C300,,gpon_1/6/13,up,2.4,nan,SRT01X00087,Recovered / Fixed,SFP inserted or port restored this week
SRT01001G00,ZTE,C300,,gpon_1/6/14,up,2.4,nan,SRT01X0008C,Recovered / Fixed,SFP inserted or port restored this week
SRT01001G00,ZTE,C300,,gpon_1/6/15,up,2.4,nan,SRT01X20AQ0,Recovered / Fixed,SFP inserted or port restored this week
SRT01001G00,ZTE,C300,,gpon_1/6/16,up,2.4,nan,SRT01X0011K,Recovered / Fixed,SFP inserted or port restored this week
SRT01001G00,ZTE,C300,,gpon_1/6/2,up,2.4,nan,SRT01X1ZRL7,Recovered / Fixed,SFP inserted or port restored this week
SRT01001G00,ZTE,C300,,gpon_1/6/3,up,2.4,nan,SRT01X2HDT5,Recovered / Fixed,SFP inserted or port restored this week
SRT01001G00,ZTE,C300,,gpon_1/6/4,up,2.4,nan,SRT01X0010F,Recovered / Fixed,SFP inserted or port restored this week
SRT01001G00,ZTE,C300,,gpon_1/6/5,up,2.4,nan,SRT01X0010K,Recovered / Fixed,SFP inserted or port restored this week
SRT01001G00,ZTE,C300,,gpon_1/6/6,up,2.4,nan,SRT01X0010P,Recovered / Fixed,SFP inserted or port restored this week
SRT01001G00,ZTE,C300,,gpon_1/6/7,up,2.4,nan,SRT01X0010U,Recovered / Fixed,SFP inserted or port restored this week
SRT01001G00,ZTE,C300,,gpon_1/6/8,up,2.4,nan,SRT01X0010Z,Recovered / Fixed,SFP inserted or port restored this week
SRT01001G00,ZTE,C300,,gpon_1/6/9,up,2.4,nan,SRT01X00115,Recovered / Fixed,SFP inserted or port restored this week
SRT01001G00,ZTE,C300,,gpon_1/7/1,up,2.4,nan,SRT01X0011P,Recovered / Fixed,SFP inserted or port restored this week
SRT01001G00,ZTE,C300,,gpon_1/7/10,up,2.4,nan,SRT01X2A01X,Recovered / Fixed,SFP inserted or port restored this week
SRT01001G00,ZTE,C300,,gpon_1/7/11,up,2.4,nan,SRT01X2A023,Recovered / Fixed,SFP inserted or port restored this week
SRT01001G00,ZTE,C300,,gpon_1/7/12,up,2.4,nan,SRT01X2A02C,Recovered / Fixed,SFP inserted or port restored this week
SRT01001G00,ZTE,C300,,gpon_1/7/13,up,2.4,nan,SRT01X2A02J,Recovered / Fixed,SFP inserted or port restored this week
SRT01001G00,ZTE,C300,,gpon_1/7/14,up,2.4,nan,SRT01X2ES91,Recovered / Fixed,SFP inserted or port restored this week
SRT01001G00,ZTE,C300,,gpon_1/7/15,up,2.4,nan,SRT01X2EUL1,Recovered / Fixed,SFP inserted or port restored this week
SRT01001G00,ZTE,C300,,gpon_1/7/16,up,2.4,nan,SRT01X2EUL8,Recovered / Fixed,SFP inserted or port restored this week
SRT01001G00,ZTE,C300,,gpon_1/7/2,up,2.4,nan,SRT01X27HTC,Recovered / Fixed,SFP inserted or port restored this week
SRT01001G00,ZTE,C300,,gpon_1/7/3,up,2.4,nan,SRT01X27F47,Recovered / Fixed,SFP inserted or port restored this week
SRT01001G00,ZTE,C300,,gpon_1/7/4,down,2.4,nan,SRT01X2A005,Recovered / Fixed,SFP inserted or port restored this week
SRT01001G00,ZTE,C300,,gpon_1/7/5,up,2.4,nan,SRT01X2A015,Recovered / Fixed,SFP inserted or port restored this week
SRT01001G00,ZTE,C300,,gpon_1/7/6,up,2.4,nan,SRT01X2A01A,Recovered / Fixed,SFP inserted or port restored this week
SRT01001G00,ZTE,C300,,gpon_1/7/7,up,2.4,nan,SRT01X2A01F,Recovered / Fixed,SFP inserted or port restored this week
SRT01001G00,ZTE,C300,,gpon_1/7/8,up,2.4,nan,SRT01X2A01K,Recovered / Fixed,SFP inserted or port restored this week
SRT01001G00,ZTE,C300,,gpon_1/7/9,up,2.4,nan,SRT01X2A01T,Recovered / Fixed,SFP inserted or port restored this week
SRT01001G00,ZTE,C300,,gpon_1/8/1,up,2.4,nan,SRT01X2TYDO,Recovered / Fixed,SFP inserted or port restored this week
SRT01001G00,ZTE,C300,,gpon_1/8/10,up,2.4,nan,SRT01X2V3UH,Recovered / Fixed,SFP inserted or port restored this week
SRT01001G00,ZTE,C300,,gpon_1/8/11,up,2.4,nan,SRT01X2V3UG,Recovered / Fixed,SFP inserted or port restored this week
SRT01001G00,ZTE,C300,,gpon_1/8/12,up,2.4,nan,SRT01X2V3UI,Recovered / Fixed,SFP inserted or port restored this week
SRT01001G00,ZTE,C300,,gpon_1/8/13,up,2.4,nan,SRT01X2V3UD,Recovered / Fixed,SFP inserted or port restored this week
SRT01001G00,ZTE,C300,,gpon_1/8/14,up,2.4,nan,SRT01X2V3UC,Recovered / Fixed,SFP inserted or port restored this week
SRT01001G00,ZTE,C300,,gpon_1/8/15,up,2.4,nan,SRT01X2VE5Z,Recovered / Fixed,SFP inserted or port restored this week
SRT01001G00,ZTE,C300,,gpon_1/8/16,up,2.4,nan,SRT01X2XUHO,Recovered / Fixed,SFP inserted or port restored this week
SRT01001G00,ZTE,C300,,gpon_1/8/2,up,2.4,nan,SRT01X2TYGK,Recovered / Fixed,SFP inserted or port restored this week
SRT01001G00,ZTE,C300,,gpon_1/8/3,up,2.4,nan,SRT01X2TYD3,Recovered / Fixed,SFP inserted or port restored this week
SRT01001G00,ZTE,C300,,gpon_1/8/4,up,2.4,nan,SRT01X2TYBC,Recovered / Fixed,SFP inserted or port restored this week
SRT01001G00,ZTE,C300,,gpon_1/8/5,up,2.4,nan,SRT01X2TY9W,Recovered / Fixed,SFP inserted or port restored this week
SRT01001G00,ZTE,C300,,gpon_1/8/6,up,2.4,nan,SRT01X2TY7J,Recovered / Fixed,SFP inserted or port restored this week
SRT01001G00,ZTE,C300,,gpon_1/8/7,up,2.4,nan,SRT01X2TYA9,Recovered / Fixed,SFP inserted or port restored this week
SRT01001G00,ZTE,C300,,gpon_1/8/8,up,2.4,nan,SRT01X2V3U9,Recovered / Fixed,SFP inserted or port restored this week
SRT01001G00,ZTE,C300,,gpon_1/8/9,up,2.4,nan,SRT01X2V3UJ,Recovered / Fixed,SFP inserted or port restored this week
SRT01001G00,ZTE,C300,,gpon_1/9/1,up,2.4,nan,SRT01X2XNMB,Recovered / Fixed,SFP inserted or port restored this week
SRT01011GO0,ZTE,C320,,gpon_1/2/1,up,2.4,nan,SRT01X3CSUU,Recovered / Fixed,SFP inserted or port restored this week
SRT01011GO0,ZTE,C320,,gpon_1/2/2,up,2.4,nan,SRT01X3CPKF,Recovered / Fixed,SFP inserted or port restored this week
SRT01011GO0,ZTE,C320,,gpon_1/2/3,up,2.4,nan,SRT12X331R5,Recovered / Fixed,SFP inserted or port restored this week
SRT01029GO0,ZTE,C320,,gpon_1/1/1,up,2.4,nan,SRT01X360C8,Recovered / Fixed,SFP inserted or port restored this week
SRT01029GO0,ZTE,C320,,gpon_1/1/2,up,2.4,nan,SRT01X3BY9J,Recovered / Fixed,SFP inserted or port restored this week
SRT01029GO0,ZTE,C320,,gpon_1/1/3,up,2.4,nan,SRT01X3BY9H,Recovered / Fixed,SFP inserted or port restored this week
SRT01029GO0,ZTE,C320,,gpon_1/1/4,up,2.4,nan,SRT01X3BY9F,Recovered / Fixed,SFP inserted or port restored this week
SRT01029GO0,ZTE,C320,,gpon_1/1/5,up,2.4,nan,SRT01X3BY97,Recovered / Fixed,SFP inserted or port restored this week
SRT01029GO0,ZTE,C320,,gpon_1/1/6,up,2.4,nan,SRT01X3BY9G,Recovered / Fixed,SFP inserted or port restored this week
SRT01029GO0,ZTE,C320,,gpon_1/1/7,up,2.4,nan,SRT01X3CPKB,Recovered / Fixed,SFP inserted or port restored this week
SRT01029GO0,ZTE,C320,,gpon_1/1/8,up,2.4,nan,SRT01X3DEWK,Recovered / Fixed,SFP inserted or port restored this week
SRT01030GO0,Fiberhome,AN6000-2,,PON 1/6,up,2.4,nan,SRT01X3D6DQ,Recovered / Fixed,SFP inserted or port restored this week
SRT02001GO0,ZTE,C320,,gpon_1/1/13,up,2.4,nan,SRT02X0001T,Recovered / Fixed,SFP inserted or port restored this week
SRT02001GO0,ZTE,C320,,gpon_1/1/5,up,2.4,nan,SRT02X0000P,Recovered / Fixed,SFP inserted or port restored this week
SRT02025GO0,ZTE,C320,,gpon_1/2/1,up,2.4,nan,SRT02X3DIQM,Recovered / Fixed,SFP inserted or port restored this week
SRT02025GO0,ZTE,C320,,gpon_1/2/2,up,2.4,nan,SRT02X3DIQQ,Recovered / Fixed,SFP inserted or port restored this week
SRT02025GO0,ZTE,C320,,gpon_1/2/3,up,2.4,nan,SRT02X3DIQS,Recovered / Fixed,SFP inserted or port restored this week
SRT02025GO0,ZTE,C320,,gpon_1/2/4,up,2.4,nan,SRT02X3SB2F,Recovered / Fixed,SFP inserted or port restored this week
SRT04001G00,ZTE,C300,,gpon_1/3/10,up,2.4,nan,SRT04X0003M,Recovered / Fixed,SFP inserted or port restored this week
SRT04001G00,ZTE,C300,,gpon_1/4/7,up,2.4,nan,SRT04X0005J,Recovered / Fixed,SFP inserted or port restored this week
SRT04001G00,ZTE,C300,,gpon_1/6/1,up,2.4,nan,SRT04X2WOW9,Recovered / Fixed,SFP inserted or port restored this week
SRT04001G00,ZTE,C300,,gpon_1/6/10,up,2.4,nan,SRT04X00411,Recovered / Fixed,SFP inserted or port restored this week
SRT04001G00,ZTE,C300,,gpon_1/6/11,up,2.4,nan,SRT04X0041A,Recovered / Fixed,SFP inserted or port restored this week
SRT04001G00,ZTE,C300,,gpon_1/6/12,up,2.4,nan,SRT04X0041I,Recovered / Fixed,SFP inserted or port restored this week
SRT04001G00,ZTE,C300,,gpon_1/6/15,up,2.4,nan,SRT04X00427,Recovered / Fixed,SFP inserted or port restored this week
SRT04001G00,ZTE,C300,,gpon_1/6/2,up,2.4,nan,SRT04X2WOWC,Recovered / Fixed,SFP inserted or port restored this week
SRT04001G00,ZTE,C300,,gpon_1/6/4,up,2.4,nan,SRT04X2ZBNJ,Recovered / Fixed,SFP inserted or port restored this week
SRT04001G00,ZTE,C300,,gpon_1/6/7,up,2.4,nan,SRT04X0040A,Recovered / Fixed,SFP inserted or port restored this week
SRT04001G00,ZTE,C300,,gpon_1/6/9,up,2.4,nan,SRT04X0040S,Recovered / Fixed,SFP inserted or port restored this week
SRT04001G00,ZTE,C300,,gpon_1/7/15,up,2.4,nan,SRT04X3SDO5,Recovered / Fixed,SFP inserted or port restored this week
SRT04001G00,ZTE,C300,,gpon_1/7/3,up,2.4,nan,SRT04X33TOF,Recovered / Fixed,SFP inserted or port restored this week
SRT04001G00,ZTE,C300,,gpon_1/7/5,up,2.4,nan,SRT04X3BIEF,Recovered / Fixed,SFP inserted or port restored this week
SRT04010GO0,ZTE,C320,,gpon_1/1/10,up,2.4,nan,SRT04X3SD47,Recovered / Fixed,SFP inserted or port restored this week
SRT04010GO0,ZTE,C320,,gpon_1/1/11,up,2.4,nan,SRT04X3SD48,Recovered / Fixed,SFP inserted or port restored this week
SRT04010GO0,ZTE,C320,,gpon_1/1/13,up,2.4,nan,SRT04X3SD2Q,Recovered / Fixed,SFP inserted or port restored this week
SRT04010GO0,ZTE,C320,,gpon_1/1/14,up,2.4,nan,SRT04X3SD4G,Recovered / Fixed,SFP inserted or port restored this week
SRT04010GO0,ZTE,C320,,gpon_1/1/15,up,2.4,nan,SRT04X3SD4Z,Recovered / Fixed,SFP inserted or port restored this week
SRT04010GO0,ZTE,C320,,gpon_1/1/16,up,2.4,nan,SRT04X3SD5O,Recovered / Fixed,SFP inserted or port restored this week
SRT04010GO0,ZTE,C320,,gpon_1/1/4,up,2.4,nan,SRT04X0030Z,Recovered / Fixed,SFP inserted or port restored this week
SRT04010GO0,ZTE,C320,,gpon_1/1/8,up,2.4,nan,SRT04X0031Y,Recovered / Fixed,SFP inserted or port restored this week
SRT04010GO0,ZTE,C320,,gpon_1/1/9,up,2.4,nan,SRT04X3QAHM,Recovered / Fixed,SFP inserted or port restored this week
SRT04010GO0,ZTE,C320,,gpon_1/2/1,up,2.4,nan,SRT04X2W163,Recovered / Fixed,SFP inserted or port restored this week
SRT04010GO0,ZTE,C320,,gpon_1/2/10,up,2.4,nan,SRT04X3SD64,Recovered / Fixed,SFP inserted or port restored this week
SRT04010GO0,ZTE,C320,,gpon_1/2/2,up,2.4,nan,SRT04X2W17T,Recovered / Fixed,SFP inserted or port restored this week
SRT04010GO0,ZTE,C320,,gpon_1/2/3,up,2.4,nan,SRT04X2W16K,Recovered / Fixed,SFP inserted or port restored this week
SRT04010GO0,ZTE,C320,,gpon_1/2/4,up,2.4,nan,SRT04X2WOWI,Recovered / Fixed,SFP inserted or port restored this week
SRT04010GO0,ZTE,C320,,gpon_1/2/5,up,2.4,nan,SRT04X2WOY8,Recovered / Fixed,SFP inserted or port restored this week
SRT04010GO0,ZTE,C320,,gpon_1/2/6,up,2.4,nan,SRT04X2WOYE,Recovered / Fixed,SFP inserted or port restored this week
SRT04010GO0,ZTE,C320,,gpon_1/2/8,up,2.4,nan,SRT04X30QRU,Recovered / Fixed,SFP inserted or port restored this week
SRT04014GO0,ZTE,C320,,gpon_1/2/1,up,2.4,nan,SRT04X2WOW6,Recovered / Fixed,SFP inserted or port restored this week
SRT04014GO0,ZTE,C320,,gpon_1/2/2,up,2.4,nan,SRT04X2WOWK,Recovered / Fixed,SFP inserted or port restored this week
SRT04015GO0,ZTE,C320,,gpon_1/1/1,up,2.4,nan,SRT04X00169,Recovered / Fixed,SFP inserted or port restored this week
SRT04015GO0,ZTE,C320,,gpon_1/1/10,up,2.4,nan,SRT04X3QB23,Recovered / Fixed,SFP inserted or port restored this week
SRT04015GO0,ZTE,C320,,gpon_1/1/11,up,2.4,nan,SRT04X3QB21,Recovered / Fixed,SFP inserted or port restored this week
SRT04015GO0,ZTE,C320,,gpon_1/1/12,up,2.4,nan,SRT04X3QB26,Recovered / Fixed,SFP inserted or port restored this week
SRT04015GO0,ZTE,C320,,gpon_1/1/13,up,2.4,nan,SRT04X3QF4D,Recovered / Fixed,SFP inserted or port restored this week
SRT04015GO0,ZTE,C320,,gpon_1/1/2,up,2.4,nan,SRT04X0016I,Recovered / Fixed,SFP inserted or port restored this week
SRT04015GO0,ZTE,C320,,gpon_1/1/3,up,2.4,nan,SRT04X0016R,Recovered / Fixed,SFP inserted or port restored this week
SRT04015GO0,ZTE,C320,,gpon_1/1/4,up,2.4,nan,SRT04X00171,Recovered / Fixed,SFP inserted or port restored this week
SRT04015GO0,ZTE,C320,,gpon_1/1/5,up,2.4,nan,SRT04X0017A,Recovered / Fixed,SFP inserted or port restored this week
SRT04015GO0,ZTE,C320,,gpon_1/1/6,up,2.4,nan,SRT04X0017J,Recovered / Fixed,SFP inserted or port restored this week
SRT04015GO0,ZTE,C320,,gpon_1/1/7,up,2.4,nan,SRT04X0017S,Recovered / Fixed,SFP inserted or port restored this week
SRT04015GO0,ZTE,C320,,gpon_1/1/8,up,2.4,nan,SRT04X00182,Recovered / Fixed,SFP inserted or port restored this week
SRT04015GO0,ZTE,C320,,gpon_1/1/9,up,2.4,nan,SRT04X3Q5TV,Recovered / Fixed,SFP inserted or port restored this week
SRT04015GO0,ZTE,C320,,gpon_1/2/1,up,2.4,nan,SRT04X2WOWM,Recovered / Fixed,SFP inserted or port restored this week
SRT04015GO0,ZTE,C320,,gpon_1/2/2,up,2.4,nan,SRT04X2WP0I,Recovered / Fixed,SFP inserted or port restored this week
SRT04015GO0,ZTE,C320,,gpon_1/2/3,up,2.4,nan,SRT04X2YWEE,Recovered / Fixed,SFP inserted or port restored this week
SRT04015GO0,ZTE,C320,,gpon_1/2/4,up,2.4,nan,SRT04X3KNTW,Recovered / Fixed,SFP inserted or port restored this week
SRT04015GO0,ZTE,C320,,gpon_1/2/5,up,2.4,nan,SRT04X31QXA,Recovered / Fixed,SFP inserted or port restored this week
SRT04015GO0,ZTE,C320,,gpon_1/2/6,up,2.4,nan,SRT04X31QX9,Recovered / Fixed,SFP inserted or port restored this week
SRT04015GO0,ZTE,C320,,gpon_1/2/7,up,2.4,nan,SRT04X31QW1,Recovered / Fixed,SFP inserted or port restored this week
SRT04015GO0,ZTE,C320,,gpon_1/2/8,up,2.4,nan,SRT04X3C3GX,Recovered / Fixed,SFP inserted or port restored this week
SRT04016GO0,ZTE,C320,,gpon_1/1/5,up,2.4,nan,SRT04X2TUC0,Recovered / Fixed,SFP inserted or port restored this week
SRT06001GO0,ZTE,C320,,gpon_1/2/2,up,2.4,nan,SRT06X0002H,Recovered / Fixed,SFP inserted or port restored this week
SRT14003GO0,ZTE,C320,,gpon_1/1/1,up,2.4,nan,SRT14X238UV,Recovered / Fixed,SFP inserted or port restored this week
SRT14003GO0,ZTE,C320,,gpon_1/2/2,up,2.4,nan,SRT14X3K39L,Recovered / Fixed,SFP inserted or port restored this week
SRT14003GO0,ZTE,C320,,gpon_1/2/3,up,2.4,nan,SRT14X3K39P,Recovered / Fixed,SFP inserted or port restored this week
SRT14003GO0,ZTE,C320,,gpon_1/2/4,up,2.4,nan,SRT14X3LNKK,Recovered / Fixed,SFP inserted or port restored this week
SRT15001G00,ZTE,C300,,gpon_1/8/1,up,2.4,nan,SRT15X3UREB,Recovered / Fixed,SFP inserted or port restored this week
SRT15002GO0,ZTE,C320,,gpon_1/2/1,up,2.4,nan,SRT15X346TA,Recovered / Fixed,SFP inserted or port restored this week
SRT15002GO0,ZTE,C320,,gpon_1/2/2,down,2.4,nan,SRT15X2VJ4O,Recovered / Fixed,SFP inserted or port restored this week
SRT15002GO0,ZTE,C320,,gpon_1/2/3,up,2.4,nan,SRT15X3GM1H,Recovered / Fixed,SFP inserted or port restored this week
SRT15002GO0,ZTE,C320,,gpon_1/2/4,up,2.4,nan,SRT15X3GSHU,Recovered / Fixed,SFP inserted or port restored this week
SRT15002GO0,ZTE,C320,,gpon_1/2/5,up,2.4,nan,SRT15X3GSLU,Recovered / Fixed,SFP inserted or port restored this week
SRT15002GO0,ZTE,C320,,gpon_1/2/6,up,2.4,nan,SRT15X3GSKT,Recovered / Fixed,SFP inserted or port restored this week
SRT15002GO0,ZTE,C320,,gpon_1/2/7,up,2.4,nan,SRT15X3LN9Y,Recovered / Fixed,SFP inserted or port restored this week
SRT15002GO0,ZTE,C320,,gpon_1/2/8,up,2.4,nan,SRT15X3LN9X,Recovered / Fixed,SFP inserted or port restored this week
SRT16006GO0,ZTE,C320,,gpon_1/1/1,up,2.4,nan,SRT16X22BQL,Recovered / Fixed,SFP inserted or port restored this week
SRT16006GO0,ZTE,C320,,gpon_1/1/10,up,2.4,nan,SRT16X3M3P9,Recovered / Fixed,SFP inserted or port restored this week
SRT16006GO0,ZTE,C320,,gpon_1/1/11,up,2.4,nan,SRT16X3M3OR,Recovered / Fixed,SFP inserted or port restored this week
SRT16006GO0,ZTE,C320,,gpon_1/1/12,up,2.4,nan,SRT16X3M3PA,Recovered / Fixed,SFP inserted or port restored this week
SRT16006GO0,ZTE,C320,,gpon_1/1/2,up,2.4,nan,SRT16X22BRL,Recovered / Fixed,SFP inserted or port restored this week
SRT16006GO0,ZTE,C320,,gpon_1/1/3,up,2.4,nan,SRT16X22BSO,Recovered / Fixed,SFP inserted or port restored this week
SRT16006GO0,ZTE,C320,,gpon_1/1/4,up,2.4,nan,SRT16X2DQYL,Recovered / Fixed,SFP inserted or port restored this week
SRT16006GO0,ZTE,C320,,gpon_1/1/5,up,2.4,nan,SRT16X2DQYU,Recovered / Fixed,SFP inserted or port restored this week
SRT16006GO0,ZTE,C320,,gpon_1/1/7,up,2.4,nan,SRT16X30SZ7,Recovered / Fixed,SFP inserted or port restored this week
SRT16006GO0,ZTE,C320,,gpon_1/1/8,up,2.4,nan,SRT16X30WDE,Recovered / Fixed,SFP inserted or port restored this week
SRT16006GO0,ZTE,C320,,gpon_1/1/9,up,2.4,nan,SRT16X3M3OP,Recovered / Fixed,SFP inserted or port restored this week
SRT17001G00,ZTE,C300,,gpon_1/4/1,up,2.4,nan,SRT17X0004L,Recovered / Fixed,SFP inserted or port restored this week
SRT17001G00,ZTE,C300,,gpon_1/4/7,up,2.4,nan,SRT17X0005F,Recovered / Fixed,SFP inserted or port restored this week
SRT17001G00,ZTE,C300,,gpon_1/5/14,up,2.4,nan,SRT17X0008M,Recovered / Fixed,SFP inserted or port restored this week
SRT17001G00,ZTE,C300,,gpon_1/6/11,up,2.4,nan,SRT17X0010F,Recovered / Fixed,SFP inserted or port restored this week
SRT17001G00,ZTE,C300,,gpon_1/6/15,up,2.4,nan,SRT17X0010Z,Recovered / Fixed,SFP inserted or port restored this week
SRT17001G00,ZTE,C300,,gpon_1/7/16,up,2.4,nan,SRT17X0012M,Recovered / Fixed,SFP inserted or port restored this week
SRT17001G00,ZTE,C300,,gpon_1/8/1,up,2.4,nan,SRT17X2W6BR,Recovered / Fixed,SFP inserted or port restored this week
SRT17001G00,ZTE,C300,,gpon_1/8/2,up,2.4,nan,SRT17X2XJSU,Recovered / Fixed,SFP inserted or port restored this week
SRT17001G00,ZTE,C300,,gpon_1/8/3,up,2.4,nan,SRT17X2Y5SB,Recovered / Fixed,SFP inserted or port restored this week
SRT17001G00,ZTE,C300,,gpon_1/8/4,up,2.4,nan,SRT17X33A59,Recovered / Fixed,SFP inserted or port restored this week
SRT17001G00,ZTE,C300,,gpon_1/8/5,up,2.4,nan,SRT17X33A5A,Recovered / Fixed,SFP inserted or port restored this week
SRT17001G00,ZTE,C300,,gpon_1/8/6,up,2.4,nan,SRT17X3K3HK,Recovered / Fixed,SFP inserted or port restored this week
SRT17018GO0,ZTE,C320,,gpon_1/1/5,up,2.4,nan,SRT17X2YHFJ,Recovered / Fixed,SFP inserted or port restored this week
SRT17024GO0,ZTE,C320,,gpon_1/1/1,up,2.4,nan,SRT17X2295I,Recovered / Fixed,SFP inserted or port restored this week
SRT17024GO0,ZTE,C320,,gpon_1/1/2,up,2.4,nan,SRT17X2295R,Recovered / Fixed,SFP inserted or port restored this week
SRT17024GO0,ZTE,C320,,gpon_1/1/3,up,2.4,nan,SRT17X2BUY3,Recovered / Fixed,SFP inserted or port restored this week
SRT17024GO0,ZTE,C320,,gpon_1/1/4,up,2.4,nan,SRT17X2NSPA,Recovered / Fixed,SFP inserted or port restored this week
SRT17024GO0,ZTE,C320,,gpon_1/1/5,up,2.4,nan,SRT17X2Y34J,Recovered / Fixed,SFP inserted or port restored this week
SRT17024GO0,ZTE,C320,,gpon_1/1/6,up,2.4,nan,SRT17X390GU,Recovered / Fixed,SFP inserted or port restored this week
SRT17024GO0,ZTE,C320,,gpon_1/1/7,up,2.4,nan,SRT17X3LU98,Recovered / Fixed,SFP inserted or port restored this week
SRT17024GO0,ZTE,C320,,gpon_1/1/8,up,2.4,nan,SRT17X3SAZT,Recovered / Fixed,SFP inserted or port restored this week
SSK01018GO0,Fiberhome,AN5516-04,,PON 1/2,up,2.4,nan,SSK01X000B3,Recovered / Fixed,SFP inserted or port restored this week
SSK01018GO0,Fiberhome,AN5516-04,,PON 1/4,up,2.4,nan,SSK01X000BM,Recovered / Fixed,SFP inserted or port restored this week
SSK01018GO0,Fiberhome,AN5516-04,,PON 2/7,up,2.4,nan,SSK01X391LU,Recovered / Fixed,SFP inserted or port restored this week
SSK01019GO0,Fiberhome,AN5516-04,,PON 1/4,up,2.4,nan,SSK01X000KA,Recovered / Fixed,SFP inserted or port restored this week
SSK01019GO0,Fiberhome,AN5516-04,,PON 1/5,up,2.4,nan,SSK01X000KW,Recovered / Fixed,SFP inserted or port restored this week
SSK03003G00,ZTE,C320,,gpon_1/1/8,up,2.4,nan,SSK03X3INNG,Recovered / Fixed,SFP inserted or port restored this week
SSK04027GO0,ZTE,C320,,gpon_1/1/2,up,2.4,nan,SSK04X000KJ,Recovered / Fixed,SFP inserted or port restored this week
SSK04027GO0,ZTE,C320,,gpon_1/1/7,up,2.4,nan,SSK04X000LP,Recovered / Fixed,SFP inserted or port restored this week
SSK04027GO0,ZTE,C320,,gpon_1/1/8,up,2.4,nan,SSK04X000LY,Recovered / Fixed,SFP inserted or port restored this week
SSK09009G00,Fiberhome,AN6001-G16,,PON 1/5,up,2.4,nan,SSK02X3GHTS,Recovered / Fixed,SFP inserted or port restored this week
SSK09009G00,Fiberhome,AN6001-G16,,PON 1/6,up,2.4,nan,SSK02X3GHU2,Recovered / Fixed,SFP inserted or port restored this week
SSK09009G00,Fiberhome,AN6001-G16,,PON 1/7,up,2.4,nan,SSK09X3GHNT,Recovered / Fixed,SFP inserted or port restored this week
SSK09009G00,Fiberhome,AN6001-G16,,PON 1/8,up,2.4,nan,SSK09X3JJK0,Recovered / Fixed,SFP inserted or port restored this week
SSK10007GO0,ZTE,C320,,gpon_1/1/2,up,2.4,nan,SSK10X0006D,Recovered / Fixed,SFP inserted or port restored this week
STN01001GO0,ZTE,C320,,gpon_1/1/13,up,2.4,nan,STN01X00011,Recovered / Fixed,SFP inserted or port restored this week
STN01001GO0,ZTE,C320,,gpon_1/1/15,up,2.4,nan,STN01X00017,Recovered / Fixed,SFP inserted or port restored this week
STN01001GO0,ZTE,C320,,gpon_1/2/11,up,2.4,nan,STN01X0002J,Recovered / Fixed,SFP inserted or port restored this week
STN01001GO0,ZTE,C320,,gpon_1/2/12,up,2.4,nan,STN01X0002K,Recovered / Fixed,SFP inserted or port restored this week
STN01001GO0,ZTE,C320,,gpon_1/2/4,up,2.4,nan,STN01X00009,Recovered / Fixed,SFP inserted or port restored this week
STN01001GO0,ZTE,C320,,gpon_1/2/6,up,2.4,nan,STN01X0001R,Recovered / Fixed,SFP inserted or port restored this week
STN01001GO0,ZTE,C320,,gpon_1/2/8,up,2.4,nan,STN01X00020,Recovered / Fixed,SFP inserted or port restored this week
STN01001GO0,ZTE,C320,,gpon_1/2/9,up,2.4,nan,STN01X00025,Recovered / Fixed,SFP inserted or port restored this week
STN01009GO0,ZTE,C320,,gpon_1/2/7,up,2.4,nan,STN01X3GKDJ,Recovered / Fixed,SFP inserted or port restored this week
STN01009GO0,ZTE,C320,,gpon_1/2/8,up,2.4,nan,STN01X3FFRI,Recovered / Fixed,SFP inserted or port restored this week
STN02001GO0,ZTE,C320,,gpon_1/1/5,up,2.4,nan,STN02X00007,Recovered / Fixed,SFP inserted or port restored this week
STN05002GO0,ZTE,C320,,gpon_1/1/1,up,2.4,nan,STN05X0007T,Recovered / Fixed,SFP inserted or port restored this week
STN05002GO0,ZTE,C320,,gpon_1/1/9,up,2.4,nan,STN05X0008P,Recovered / Fixed,SFP inserted or port restored this week
STN05002GO0,ZTE,C320,,gpon_1/2/1,up,2.4,nan,STN05X0006L,Recovered / Fixed,SFP inserted or port restored this week
TRG01001G00,ZTE,C300,,gpon_1/12/1,up,2.4,nan,TRG01X31IWU,Recovered / Fixed,SFP inserted or port restored this week
TRG01001G00,ZTE,C300,,gpon_1/12/10,up,2.4,nan,TRG01X34R3M,Recovered / Fixed,SFP inserted or port restored this week
TRG01001G00,ZTE,C300,,gpon_1/12/11,up,2.4,nan,TRG01X34R3N,Recovered / Fixed,SFP inserted or port restored this week
TRG01001G00,ZTE,C300,,gpon_1/12/12,up,2.4,nan,TRG01X34R3O,Recovered / Fixed,SFP inserted or port restored this week
TRG01001G00,ZTE,C300,,gpon_1/12/13,up,2.4,nan,TRG01X34R39,Recovered / Fixed,SFP inserted or port restored this week
TRG01001G00,ZTE,C300,,gpon_1/12/14,up,2.4,nan,TRG01X37XWW,Recovered / Fixed,SFP inserted or port restored this week
TRG01001G00,ZTE,C300,,gpon_1/12/15,up,2.4,nan,TRG01X39P0C,Recovered / Fixed,SFP inserted or port restored this week
TRG01001G00,ZTE,C300,,gpon_1/12/16,up,2.4,nan,TRG01X39P0E,Recovered / Fixed,SFP inserted or port restored this week
TRG01001G00,ZTE,C300,,gpon_1/12/2,up,2.4,nan,TRG01X31IW4,Recovered / Fixed,SFP inserted or port restored this week
TRG01001G00,ZTE,C300,,gpon_1/12/3,up,2.4,nan,TRG01X33ZUZ,Recovered / Fixed,SFP inserted or port restored this week
TRG01001G00,ZTE,C300,,gpon_1/12/4,up,2.4,nan,TRG01X33ZUV,Recovered / Fixed,SFP inserted or port restored this week
TRG01001G00,ZTE,C300,,gpon_1/12/5,up,2.4,nan,TRG01X33ZUJ,Recovered / Fixed,SFP inserted or port restored this week
TRG01001G00,ZTE,C300,,gpon_1/12/6,up,2.4,nan,TRG01X33ZUQ,Recovered / Fixed,SFP inserted or port restored this week
TRG01001G00,ZTE,C300,,gpon_1/12/7,up,2.4,nan,TRG01X34R3A,Recovered / Fixed,SFP inserted or port restored this week
TRG01001G00,ZTE,C300,,gpon_1/12/8,up,2.4,nan,TRG01X34R3E,Recovered / Fixed,SFP inserted or port restored this week
TRG01001G00,ZTE,C300,,gpon_1/12/9,up,2.4,nan,TRG01X34R3L,Recovered / Fixed,SFP inserted or port restored this week
TRG01001G00,ZTE,C300,,gpon_1/5/1,up,2.4,nan,TRG01X0008R,Recovered / Fixed,SFP inserted or port restored this week
TRG01001G00,ZTE,C300,,gpon_1/5/12,up,2.4,nan,TRG01X0007X,Recovered / Fixed,SFP inserted or port restored this week
TRG01001G00,ZTE,C300,,gpon_1/6/14,up,2.4,nan,TRG01X000DF,Recovered / Fixed,SFP inserted or port restored this week
TRG01001G00,ZTE,C300,,gpon_1/6/5,up,2.4,nan,TRG01X000AD,Recovered / Fixed,SFP inserted or port restored this week
TRG01001G00,ZTE,C300,,gpon_1/9/1,up,2.4,nan,TRG01X2EVZC,Recovered / Fixed,SFP inserted or port restored this week
TRG01001G00,ZTE,C300,,gpon_1/9/10,up,2.4,nan,TRG01X2Q879,Recovered / Fixed,SFP inserted or port restored this week
TRG01001G00,ZTE,C300,,gpon_1/9/11,up,2.4,nan,TRG01X2Q9II,Recovered / Fixed,SFP inserted or port restored this week
TRG01001G00,ZTE,C300,,gpon_1/9/12,up,2.4,nan,TRG01X2Q8BY,Recovered / Fixed,SFP inserted or port restored this week
TRG01001G00,ZTE,C300,,gpon_1/9/13,up,2.4,nan,TRG01X2RG1F,Recovered / Fixed,SFP inserted or port restored this week
TRG01001G00,ZTE,C300,,gpon_1/9/14,up,2.4,nan,TRG01X2Q9K5,Recovered / Fixed,SFP inserted or port restored this week
TRG01001G00,ZTE,C300,,gpon_1/9/15,up,2.4,nan,TRG01X2RG3X,Recovered / Fixed,SFP inserted or port restored this week
TRG01001G00,ZTE,C300,,gpon_1/9/16,up,2.4,nan,TRG01X2RG44,Recovered / Fixed,SFP inserted or port restored this week
TRG01001G00,ZTE,C300,,gpon_1/9/2,up,2.4,nan,TRG01X2EXDG,Recovered / Fixed,SFP inserted or port restored this week
TRG01001G00,ZTE,C300,,gpon_1/9/3,up,2.4,nan,TRG01X2EXX4,Recovered / Fixed,SFP inserted or port restored this week
TRG01001G00,ZTE,C300,,gpon_1/9/4,up,2.4,nan,TRG01X2EXXI,Recovered / Fixed,SFP inserted or port restored this week
TRG01001G00,ZTE,C300,,gpon_1/9/5,up,2.4,nan,TRG01X2EXXT,Recovered / Fixed,SFP inserted or port restored this week
TRG01001G00,ZTE,C300,,gpon_1/9/7,up,2.4,nan,TRG01X2GY0U,Recovered / Fixed,SFP inserted or port restored this week
TRG01001G00,ZTE,C300,,gpon_1/9/8,up,2.4,nan,TRG01X2HJYU,Recovered / Fixed,SFP inserted or port restored this week
TRG01001G00,ZTE,C300,,gpon_1/9/9,up,2.4,nan,TRG01X2JCS5,Recovered / Fixed,SFP inserted or port restored this week
TRG01002G00,ZTE,C320,,gpon_1/1/1,up,2.4,nan,TRG01X27TH7,Recovered / Fixed,SFP inserted or port restored this week
TRG01002G00,ZTE,C320,,gpon_1/1/2,up,2.4,nan,TRG01X27TLO,Recovered / Fixed,SFP inserted or port restored this week
TRG01002G00,ZTE,C320,,gpon_1/1/3,up,2.4,nan,TRG01X287VN,Recovered / Fixed,SFP inserted or port restored this week
TRG01002G00,ZTE,C320,,gpon_1/1/4,up,2.4,nan,TRG01X3JRBT,Recovered / Fixed,SFP inserted or port restored this week
TRG01002G00,ZTE,C320,,gpon_1/1/5,up,2.4,nan,TRG01X2UP7O,Recovered / Fixed,SFP inserted or port restored this week
TRG01002G00,ZTE,C320,,gpon_1/1/6,up,2.4,nan,TRG01X2UP7Q,Recovered / Fixed,SFP inserted or port restored this week
TRG01002G00,ZTE,C320,,gpon_1/1/7,up,2.4,nan,TRG01X2YT6O,Recovered / Fixed,SFP inserted or port restored this week
TRG01002G00,ZTE,C320,,gpon_1/1/8,up,2.4,nan,TRG01X3I56E,Recovered / Fixed,SFP inserted or port restored this week
TRG01002G00,ZTE,C320,,gpon_1/1/9,up,2.4,nan,TRG01X3VB4R,Recovered / Fixed,SFP inserted or port restored this week
TRG01004G00,ZTE,C320,,gpon_1/1/6,up,2.4,nan,TRG01X2UU5R,Recovered / Fixed,SFP inserted or port restored this week
TRG01004G00,ZTE,C320,,gpon_1/2/1,up,2.4,nan,TRG01X3R67A,Recovered / Fixed,SFP inserted or port restored this week
TRG01004G00,ZTE,C320,,gpon_1/2/2,up,2.4,nan,TRG01X3R679,Recovered / Fixed,SFP inserted or port restored this week
TRG01010GO0,ZTE,C320,,gpon_1/1/6,up,2.4,nan,TRG01X2SIN0,Recovered / Fixed,SFP inserted or port restored this week
TRG01010GO0,ZTE,C320,,gpon_1/1/7,up,2.4,nan,TRG01X2U09L,Recovered / Fixed,SFP inserted or port restored this week
TRG01010GO0,ZTE,C320,,gpon_1/2/1,up,2.4,nan,TRG01X2U09W,Recovered / Fixed,SFP inserted or port restored this week
TRG01010GO0,ZTE,C320,,gpon_1/2/10,up,2.4,nan,TRG01X39ZW4,Recovered / Fixed,SFP inserted or port restored this week
TRG01010GO0,ZTE,C320,,gpon_1/2/11,up,2.4,nan,TRG01X3ONM1,Recovered / Fixed,SFP inserted or port restored this week
TRG01010GO0,ZTE,C320,,gpon_1/2/12,up,2.4,nan,TRG01X3ONM2,Recovered / Fixed,SFP inserted or port restored this week
TRG01010GO0,ZTE,C320,,gpon_1/2/2,up,2.4,nan,TRG01X2Q9L7,Recovered / Fixed,SFP inserted or port restored this week
TRG01010GO0,ZTE,C320,,gpon_1/2/3,up,2.4,nan,TRG01X2Q9UB,Recovered / Fixed,SFP inserted or port restored this week
TRG01010GO0,ZTE,C320,,gpon_1/2/4,up,2.4,nan,TRG01X2U09Z,Recovered / Fixed,SFP inserted or port restored this week
TRG01010GO0,ZTE,C320,,gpon_1/2/5,up,2.4,nan,TRG01X2U0AD,Recovered / Fixed,SFP inserted or port restored this week
TRG01010GO0,ZTE,C320,,gpon_1/2/6,up,2.4,nan,TRG01X2U0AE,Recovered / Fixed,SFP inserted or port restored this week
TRG01010GO0,ZTE,C320,,gpon_1/2/7,up,2.4,nan,TRG01X2U0D6,Recovered / Fixed,SFP inserted or port restored this week
TRG01012G00,ZTE,C320,,gpon_1/1/5,up,2.4,nan,TRG01X2SHKW,Recovered / Fixed,SFP inserted or port restored this week
TRG01012G00,ZTE,C320,,gpon_1/2/6,up,2.4,nan,TRG01X3QVLK,Recovered / Fixed,SFP inserted or port restored this week
TRG01012G00,ZTE,C320,,gpon_1/2/7,up,2.4,nan,TRG02X3QVLY,Recovered / Fixed,SFP inserted or port restored this week
TRG02002G00,ZTE,C300,,gpon_1/6/10,up,2.4,nan,TRG02X2VX8M,Recovered / Fixed,SFP inserted or port restored this week
TRG04001GO0,ZTE,C320,,gpon_1/1/12,up,2.4,nan,TRG04X0001I,Recovered / Fixed,SFP inserted or port restored this week
TRG08005GO0,Fiberhome,AN6000-2,,PON 1/4,up,2.4,nan,TRG08XHPBAD,Recovered / Fixed,SFP inserted or port restored this week
UBR01004GO0,ZTE,C320,,gpon_1/1/7,up,2.4,nan,UBR01X0010S,Recovered / Fixed,SFP inserted or port restored this week
UBR01037GO0,Fiberhome,AN5516-04,,PON 1/1,up,2.4,nan,UBR01X326NO,Recovered / Fixed,SFP inserted or port restored this week
UBR01037GO0,Fiberhome,AN5516-04,,PON 2/6,up,2.4,nan,UBR01X3A6KH,Recovered / Fixed,SFP inserted or port restored this week
UBR01038GO0,Fiberhome,AN5516-04,,PON 1/1,up,2.4,nan,UBR01X001NT,Recovered / Fixed,SFP inserted or port restored this week
UBR01038GO0,Fiberhome,AN5516-04,,PON 1/2,up,2.4,nan,UBR01X001NC,Recovered / Fixed,SFP inserted or port restored this week
UBR01038GO0,Fiberhome,AN5516-04,,PON 1/3,up,2.4,nan,UBR01X001NU,Recovered / Fixed,SFP inserted or port restored this week
UBR01038GO0,Fiberhome,AN5516-04,,PON 1/4,up,2.4,nan,UBR01X001O3,Recovered / Fixed,SFP inserted or port restored this week
UBR01038GO0,Fiberhome,AN5516-04,,PON 1/6,up,2.4,nan,UBR01X001Q3,Recovered / Fixed,SFP inserted or port restored this week
UBR01038GO0,Fiberhome,AN5516-04,,PON 2/3,up,2.4,nan,UBR01X0020I,Recovered / Fixed,SFP inserted or port restored this week
UBR01038GO0,Fiberhome,AN5516-04,,PON 2/4,up,2.4,nan,UBR01X00200,Recovered / Fixed,SFP inserted or port restored this week
UBR01038GO0,Fiberhome,AN5516-04,,PON 2/5,up,2.4,nan,UBR01X00201,Recovered / Fixed,SFP inserted or port restored this week
UBR01038GO0,Fiberhome,AN5516-04,,PON 2/6,up,2.4,nan,UBR01X00202,Recovered / Fixed,SFP inserted or port restored this week
UBR01038GO0,Fiberhome,AN5516-04,,PON 2/7,up,2.4,nan,UBR01X00236,Recovered / Fixed,SFP inserted or port restored this week
UBR01038GO0,Fiberhome,AN5516-04,,PON 2/8,up,2.4,nan,UBR01X00248,Recovered / Fixed,SFP inserted or port restored this week
UBR01039GO0,Fiberhome,AN5516-04,,PON 2/5,up,2.4,nan,UBR01X2ZZLG,Recovered / Fixed,SFP inserted or port restored this week
UBR01040GO0,Fiberhome,AN5516-04,,PON 2/5,up,2.4,nan,UBR01X31AG0,Recovered / Fixed,SFP inserted or port restored this week
UBR01041GO0,Fiberhome,AN5516-04,,PON 2/1,up,2.4,nan,UBR01X001UY,Recovered / Fixed,SFP inserted or port restored this week
UBR01041GO0,Fiberhome,AN5516-04,,PON 2/2,up,2.4,nan,UBR01X001ZJ,Recovered / Fixed,SFP inserted or port restored this week
UBR01041GO0,Fiberhome,AN5516-04,,PON 2/3,up,2.4,nan,UBR01X001Z5,Recovered / Fixed,SFP inserted or port restored this week
UBR01041GO0,Fiberhome,AN5516-04,,PON 2/5,up,2.4,nan,UBR01X001YV,Recovered / Fixed,SFP inserted or port restored this week
UBR01041GO0,Fiberhome,AN5516-04,,PON 2/6,up,2.4,nan,UBR01X001YG,Recovered / Fixed,SFP inserted or port restored this week
UBR01041GO0,Fiberhome,AN5516-04,,PON 2/7,up,2.4,nan,UBR01X0022H,Recovered / Fixed,SFP inserted or port restored this week
UBR01042GO0,Fiberhome,AN5516-04,,PON 1/3,up,2.4,nan,UBR01X30RUP,Recovered / Fixed,SFP inserted or port restored this week
UBR01042GO0,Fiberhome,AN5516-04,,PON 2/2,up,2.4,nan,UBR01X3FPDT,Recovered / Fixed,SFP inserted or port restored this week
UBR01042GO0,Fiberhome,AN5516-04,,PON 2/7,up,2.4,nan,UBR01X3FPX0,Recovered / Fixed,SFP inserted or port restored this week
UBR01042GO0,Fiberhome,AN5516-04,,PON 2/8,up,2.4,nan,UBR01X3H7BC,Recovered / Fixed,SFP inserted or port restored this week
UBR01044GO0,Fiberhome,AN5516-04,,PON 2/6,up,2.4,nan,UBR01X001RW,Recovered / Fixed,SFP inserted or port restored this week
UBR01045GO0,Fiberhome,AN6000-2,,PON 1/10,up,2.4,nan,UBR01X343US,Recovered / Fixed,SFP inserted or port restored this week
UBR01045GO0,Fiberhome,AN6000-2,,PON 1/2,up,2.4,nan,UBR01X36BSW,Recovered / Fixed,SFP inserted or port restored this week
UBR01045GO0,Fiberhome,AN6000-2,,PON 1/9,up,2.4,nan,UBR01X344GA,Recovered / Fixed,SFP inserted or port restored this week
UBR01045GO0,Fiberhome,AN6000-2,,PON 2/3,up,2.4,nan,UBR01X393D8,Recovered / Fixed,SFP inserted or port restored this week
UBR01047GO0,Fiberhome,AN6000-2,,PON 1/7,up,2.4,nan,UBR01X38NXR,Recovered / Fixed,SFP inserted or port restored this week
UBR01047GO0,Fiberhome,AN6000-2,,PON 2/10,up,2.4,nan,UBR01X3H7DH,Recovered / Fixed,SFP inserted or port restored this week
UBR01047GO0,Fiberhome,AN6000-2,,PON 2/13,up,2.4,nan,UBR01X3PYKA,Recovered / Fixed,SFP inserted or port restored this week
UBR01047GO0,Fiberhome,AN6000-2,,PON 2/14,up,2.4,nan,UBR01X3GVK1,Recovered / Fixed,SFP inserted or port restored this week
UBR01047GO0,Fiberhome,AN6000-2,,PON 2/15,up,2.4,nan,UBR01X3QRSW,Recovered / Fixed,SFP inserted or port restored this week
UBR01047GO0,Fiberhome,AN6000-2,,PON 2/16,up,2.4,nan,UBR01X3GJM1,Recovered / Fixed,SFP inserted or port restored this week
UBR02001GO0,ZTE,C320,,gpon_1/1/1,up,2.4,nan,UBR02X00001,Recovered / Fixed,SFP inserted or port restored this week
UBR04002GO0,ZTE,C320,,gpon_1/2/11,up,2.4,nan,UBR04X3C1RP,Recovered / Fixed,SFP inserted or port restored this week
UBR04002GO0,ZTE,C320,,gpon_1/2/12,up,2.4,nan,UBR04X3C1RQ,Recovered / Fixed,SFP inserted or port restored this week
UBR04002GO0,ZTE,C320,,gpon_1/2/16,up,2.4,nan,UBR04X3H7TA,Recovered / Fixed,SFP inserted or port restored this week
UBR05001G00,ZTE,C300,,gpon_1/2/10,up,2.4,nan,UBR05X00016,Recovered / Fixed,SFP inserted or port restored this week
UBR05001G00,ZTE,C300,,gpon_1/2/13,up,2.4,nan,UBR05X0001J,Recovered / Fixed,SFP inserted or port restored this week
UBR05001G00,ZTE,C300,,gpon_1/2/2,up,2.4,nan,UBR05X00006,Recovered / Fixed,SFP inserted or port restored this week
UBR05001G00,ZTE,C300,,gpon_1/3/14,up,2.4,nan,UBR05X0003J,Recovered / Fixed,SFP inserted or port restored this week
UBR05001G00,ZTE,C300,,gpon_1/3/3,up,2.4,nan,UBR05X0002A,Recovered / Fixed,SFP inserted or port restored this week
UBR05001G00,ZTE,C300,,gpon_1/4/8,up,2.4,nan,UBR05X0004X,Recovered / Fixed,SFP inserted or port restored this week
UBR05001G00,ZTE,C300,,gpon_1/5/1,up,2.4,nan,UBR05X00064,Recovered / Fixed,SFP inserted or port restored this week
UBR05001G00,ZTE,C300,,gpon_1/5/10,up,2.4,nan,UBR05X00078,Recovered / Fixed,SFP inserted or port restored this week
UBR05001G00,ZTE,C300,,gpon_1/5/11,up,2.4,nan,UBR05X0007C,Recovered / Fixed,SFP inserted or port restored this week
UBR05001G00,ZTE,C300,,gpon_1/5/13,up,2.4,nan,UBR05X0007M,Recovered / Fixed,SFP inserted or port restored this week
UBR09001GO0,ZTE,C320,,gpon_1/2/15,up,2.4,nan,UBR09XWPNMA,Recovered / Fixed,SFP inserted or port restored this week
UBR09001GO0,ZTE,C320,,gpon_1/2/6,up,2.4,nan,UBR09X0002T,Recovered / Fixed,SFP inserted or port restored this week
UBR09002GO0,ZTE,C320,,gpon_1/1/1,up,2.4,nan,UBR09X0003Y,Recovered / Fixed,SFP inserted or port restored this week
UBR09002GO0,ZTE,C320,,gpon_1/1/2,up,2.4,nan,UBR09X00042,Recovered / Fixed,SFP inserted or port restored this week
UBR09002GO0,ZTE,C320,,gpon_1/1/3,up,2.4,nan,UBR09X00047,Recovered / Fixed,SFP inserted or port restored this week
UBR09002GO0,ZTE,C320,,gpon_1/1/6,up,2.4,nan,UBR09X0004K,Recovered / Fixed,SFP inserted or port restored this week
UBR15003GO0,ZTE,C320,,gpon_1/1/11,up,2.4,nan,UBR15X00119,Recovered / Fixed,SFP inserted or port restored this week
UBR15003GO0,ZTE,C320,,gpon_1/2/10,down,2.4,nan,UBR15X00136,Recovered / Fixed,SFP inserted or port restored this week
UBR15003GO0,ZTE,C320,,gpon_1/2/11,down,2.4,nan,UBR15X0013A,Recovered / Fixed,SFP inserted or port restored this week
UBR15003GO0,ZTE,C320,,gpon_1/2/13,up,2.4,nan,UBR15X001U6,Recovered / Fixed,SFP inserted or port restored this week
UBR15003GO0,ZTE,C320,,gpon_1/2/15,up,2.4,nan,UBR15X001UI,Recovered / Fixed,SFP inserted or port restored this week
UBR15028GO0,Fiberhome,AN5516-04,,PON 1/1,up,2.4,nan,UBR15X001RN,Recovered / Fixed,SFP inserted or port restored this week
UBR15028GO0,Fiberhome,AN5516-04,,PON 1/3,up,2.4,nan,UBR15X001S3,Recovered / Fixed,SFP inserted or port restored this week
UBR15028GO0,Fiberhome,AN5516-04,,PON 1/4,up,2.4,nan,UBR15X001SC,Recovered / Fixed,SFP inserted or port restored this week
UBR15028GO0,Fiberhome,AN5516-04,,PON 1/6,up,2.4,nan,UBR15X001SU,Recovered / Fixed,SFP inserted or port restored this week
UBR15028GO0,Fiberhome,AN5516-04,,PON 2/6,up,2.4,nan,UBR15X001WS,Recovered / Fixed,SFP inserted or port restored this week
UBR15028GO0,Fiberhome,AN5516-04,,PON 2/7,up,2.4,nan,UBR15X001XM,Recovered / Fixed,SFP inserted or port restored this week
UBR15028GO0,Fiberhome,AN5516-04,,PON 2/8,up,2.4,nan,UBR15X001WY,Recovered / Fixed,SFP inserted or port restored this week
UBR15029GO0,Fiberhome,AN5516-04,,PON 2/5,up,2.4,nan,UBR15X3BW2F,Recovered / Fixed,SFP inserted or port restored this week
UBR15029GO0,Fiberhome,AN5516-04,,PON 2/6,up,2.4,nan,UBR15X3BW3D,Recovered / Fixed,SFP inserted or port restored this week
UBR15030GO0,Fiberhome,AN5516-04,,PON 1/5,up,2.4,nan,UBR15X32CDN,Recovered / Fixed,SFP inserted or port restored this week
UBR15031GO0,Fiberhome,AN5516-04,,PON 2/1,up,2.4,nan,UBR15X3A7BZ,Recovered / Fixed,SFP inserted or port restored this week
UBR15031GO0,Fiberhome,AN5516-04,,PON 2/5,up,2.4,nan,UBR15X33Y00,Recovered / Fixed,SFP inserted or port restored this week
UBR15031GO0,Fiberhome,AN5516-04,,PON 2/7,up,2.4,nan,UBR15X3BTU1,Recovered / Fixed,SFP inserted or port restored this week
UBR15034GO0,Fiberhome,AN6000-2,,PON 1/8,up,2.4,nan,UBR15X3HNV1,Recovered / Fixed,SFP inserted or port restored this week
UDT01052GO0,Fiberhome,AN5516-04,,PON 1/1,up,2.4,nan,UDT01X001SS,Recovered / Fixed,SFP inserted or port restored this week
UDT01052GO0,Fiberhome,AN5516-04,,PON 1/10,up,2.4,nan,UDT01X2YAJB,Recovered / Fixed,SFP inserted or port restored this week
UDT01052GO0,Fiberhome,AN5516-04,,PON 1/11,up,2.4,nan,UDT01X3269L,Recovered / Fixed,SFP inserted or port restored this week
UDT01052GO0,Fiberhome,AN5516-04,,PON 1/12,up,2.4,nan,UDT01X32J5A,Recovered / Fixed,SFP inserted or port restored this week
UDT01052GO0,Fiberhome,AN5516-04,,PON 1/13,up,2.4,nan,UDT01X328MQ,Recovered / Fixed,SFP inserted or port restored this week
UDT01052GO0,Fiberhome,AN5516-04,,PON 1/14,up,2.4,nan,UDT01X39HC9,Recovered / Fixed,SFP inserted or port restored this week
UDT01052GO0,Fiberhome,AN5516-04,,PON 1/15,up,2.4,nan,UDT01X39HCI,Recovered / Fixed,SFP inserted or port restored this week
UDT01052GO0,Fiberhome,AN5516-04,,PON 1/16,up,2.4,nan,UDT01X39HD5,Recovered / Fixed,SFP inserted or port restored this week
UDT01052GO0,Fiberhome,AN5516-04,,PON 1/2,up,2.4,nan,UDT01X001SV,Recovered / Fixed,SFP inserted or port restored this week
UDT01052GO0,Fiberhome,AN5516-04,,PON 1/3,up,2.4,nan,UDT01X001T3,Recovered / Fixed,SFP inserted or port restored this week
UDT01052GO0,Fiberhome,AN5516-04,,PON 1/4,up,2.4,nan,UDT01X001T9,Recovered / Fixed,SFP inserted or port restored this week
UDT01052GO0,Fiberhome,AN5516-04,,PON 1/5,up,2.4,nan,UDT01X001TE,Recovered / Fixed,SFP inserted or port restored this week
UDT01052GO0,Fiberhome,AN5516-04,,PON 1/6,up,2.4,nan,UDT01X001VI,Recovered / Fixed,SFP inserted or port restored this week
UDT01052GO0,Fiberhome,AN5516-04,,PON 1/7,up,2.4,nan,UDT01X001VL,Recovered / Fixed,SFP inserted or port restored this week
UDT01052GO0,Fiberhome,AN5516-04,,PON 1/8,up,2.4,nan,UDT01X2YA46,Recovered / Fixed,SFP inserted or port restored this week
UDT01052GO0,Fiberhome,AN5516-04,,PON 1/9,up,2.4,nan,UDT01X2YA41,Recovered / Fixed,SFP inserted or port restored this week
UDT01052GO0,Fiberhome,AN5516-04,,PON 2/1,up,2.4,nan,UDT01X39HDI,Recovered / Fixed,SFP inserted or port restored this week
UDT01052GO0,Fiberhome,AN5516-04,,PON 2/10,up,2.4,nan,UDT01X3KR4T,Recovered / Fixed,SFP inserted or port restored this week
UDT01052GO0,Fiberhome,AN5516-04,,PON 2/11,up,2.4,nan,UDT01X3KR51,Recovered / Fixed,SFP inserted or port restored this week
UDT01052GO0,Fiberhome,AN5516-04,,PON 2/12,up,2.4,nan,UDT01X3KR5A,Recovered / Fixed,SFP inserted or port restored this week
UDT01052GO0,Fiberhome,AN5516-04,,PON 2/13,up,2.4,nan,UDT01X3NEB1,Recovered / Fixed,SFP inserted or port restored this week
UDT01052GO0,Fiberhome,AN5516-04,,PON 2/2,up,2.4,nan,UDT01X39HQ2,Recovered / Fixed,SFP inserted or port restored this week
UDT01052GO0,Fiberhome,AN5516-04,,PON 2/3,up,2.4,nan,UDT01X39HCO,Recovered / Fixed,SFP inserted or port restored this week
UDT01052GO0,Fiberhome,AN5516-04,,PON 2/4,up,2.4,nan,UDT01X39HQ3,Recovered / Fixed,SFP inserted or port restored this week
UDT01052GO0,Fiberhome,AN5516-04,,PON 2/5,up,2.4,nan,UDT01X3D39H,Recovered / Fixed,SFP inserted or port restored this week
UDT01052GO0,Fiberhome,AN5516-04,,PON 2/6,up,2.4,nan,UDT01X3D39G,Recovered / Fixed,SFP inserted or port restored this week
UDT01052GO0,Fiberhome,AN5516-04,,PON 2/7,up,2.4,nan,UDT01X3D39F,Recovered / Fixed,SFP inserted or port restored this week
UDT01052GO0,Fiberhome,AN5516-04,,PON 2/8,up,2.4,nan,UDT01X3FIAS,Recovered / Fixed,SFP inserted or port restored this week
UDT01052GO0,Fiberhome,AN5516-04,,PON 2/9,up,2.4,nan,UDT01X3KR4N,Recovered / Fixed,SFP inserted or port restored this week
UDT01054GO0,Fiberhome,AN5516-04,,PON 2/13,up,2.4,nan,UDT01X3H6DD,Recovered / Fixed,SFP inserted or port restored this week
UDT04030GO0,ZTE,C320,,gpon_1/1/1,up,2.4,nan,UDT04X369BR,Recovered / Fixed,SFP inserted or port restored this week
UDT04030GO0,ZTE,C320,,gpon_1/1/10,up,2.4,nan,UDT04X3QEN1,Recovered / Fixed,SFP inserted or port restored this week
UDT04030GO0,ZTE,C320,,gpon_1/1/11,up,2.4,nan,UDT04X3QRCF,Recovered / Fixed,SFP inserted or port restored this week
UDT04030GO0,ZTE,C320,,gpon_1/1/2,up,2.4,nan,UDT04X369E9,Recovered / Fixed,SFP inserted or port restored this week
UDT04030GO0,ZTE,C320,,gpon_1/1/3,up,2.4,nan,UDT04X39GXE,Recovered / Fixed,SFP inserted or port restored this week
UDT04030GO0,ZTE,C320,,gpon_1/1/4,up,2.4,nan,UDT04X39GW8,Recovered / Fixed,SFP inserted or port restored this week
UDT04030GO0,ZTE,C320,,gpon_1/1/5,up,2.4,nan,UDT04X3A81A,Recovered / Fixed,SFP inserted or port restored this week
UDT04030GO0,ZTE,C320,,gpon_1/1/6,up,2.4,nan,UDT04X3A81E,Recovered / Fixed,SFP inserted or port restored this week
UDT04030GO0,ZTE,C320,,gpon_1/1/7,up,2.4,nan,UDT04X3A81I,Recovered / Fixed,SFP inserted or port restored this week
UDT04030GO0,ZTE,C320,,gpon_1/1/8,up,2.4,nan,UDT04X3A81N,Recovered / Fixed,SFP inserted or port restored this week
UDT04030GO0,ZTE,C320,,gpon_1/1/9,up,2.4,nan,UDT04X3LXJ1,Recovered / Fixed,SFP inserted or port restored this week
YLA01001G00,ZTE,C300,,gpon_1/4/7,up,2.4,nan,YLA01X00050,Recovered / Fixed,SFP inserted or port restored this week
YLA01001G00,ZTE,C300,,gpon_1/6/1,up,2.4,nan,YLA01X000I8,Recovered / Fixed,SFP inserted or port restored this week
YLA01001G00,ZTE,C300,,gpon_1/6/10,up,2.4,nan,YLA01X000JX,Recovered / Fixed,SFP inserted or port restored this week
YLA01001G00,ZTE,C300,,gpon_1/6/11,up,2.4,nan,YLA01X000JU,Recovered / Fixed,SFP inserted or port restored this week
YLA01001G00,ZTE,C300,,gpon_1/6/12,up,2.4,nan,YLA01X000K7,Recovered / Fixed,SFP inserted or port restored this week
YLA01001G00,ZTE,C300,,gpon_1/6/13,up,2.4,nan,YLA01X000K3,Recovered / Fixed,SFP inserted or port restored this week
YLA01001G00,ZTE,C300,,gpon_1/6/14,up,2.4,nan,YLA01X2ZXY9,Recovered / Fixed,SFP inserted or port restored this week
YLA01001G00,ZTE,C300,,gpon_1/6/15,up,2.4,nan,YLA01X000J5,Recovered / Fixed,SFP inserted or port restored this week
YLA01001G00,ZTE,C300,,gpon_1/6/16,up,2.4,nan,YLA01X000J6,Recovered / Fixed,SFP inserted or port restored this week
YLA01001G00,ZTE,C300,,gpon_1/6/2,up,2.4,nan,YLA01X000IK,Recovered / Fixed,SFP inserted or port restored this week
YLA01001G00,ZTE,C300,,gpon_1/6/3,up,2.4,nan,YLA01X000IG,Recovered / Fixed,SFP inserted or port restored this week
YLA01001G00,ZTE,C300,,gpon_1/6/4,up,2.4,nan,YLA01X000I1,Recovered / Fixed,SFP inserted or port restored this week
YLA01001G00,ZTE,C300,,gpon_1/6/5,up,2.4,nan,YLA01X000I4,Recovered / Fixed,SFP inserted or port restored this week
YLA01001G00,ZTE,C300,,gpon_1/6/6,up,2.4,nan,YLA01X000HV,Recovered / Fixed,SFP inserted or port restored this week
YLA01001G00,ZTE,C300,,gpon_1/6/7,up,2.4,nan,YLA01X000HW,Recovered / Fixed,SFP inserted or port restored this week
YLA01001G00,ZTE,C300,,gpon_1/6/8,up,2.4,nan,YLA01X000KB,Recovered / Fixed,SFP inserted or port restored this week
YLA01001G00,ZTE,C300,,gpon_1/6/9,up,2.4,nan,YLA01X2ZXY8,Recovered / Fixed,SFP inserted or port restored this week
YLA01001G00,ZTE,C300,,gpon_1/7/7,up,2.4,nan,YLA01X3JGCE,Recovered / Fixed,SFP inserted or port restored this week
YLA01001G00,ZTE,C300,,gpon_1/8/1,up,2.4,nan,YLA01X3UQUR,Recovered / Fixed,SFP inserted or port restored this week
YLA01007G00,ZTE,C320,,gpon_1/1/1,up,2.4,nan,YLA01X000DN,Recovered / Fixed,SFP inserted or port restored this week
YLA01007G00,ZTE,C320,,gpon_1/1/10,up,2.4,nan,YLA01X3DNUZ,Recovered / Fixed,SFP inserted or port restored this week
YLA01007G00,ZTE,C320,,gpon_1/1/11,up,2.4,nan,YLA01X3DNWB,Recovered / Fixed,SFP inserted or port restored this week
YLA01007G00,ZTE,C320,,gpon_1/1/2,up,2.4,nan,YLA01X000DR,Recovered / Fixed,SFP inserted or port restored this week
YLA01007G00,ZTE,C320,,gpon_1/1/3,up,2.4,nan,YLA01X000DZ,Recovered / Fixed,SFP inserted or port restored this week
YLA01007G00,ZTE,C320,,gpon_1/1/4,up,2.4,nan,YLA01X000E0,Recovered / Fixed,SFP inserted or port restored this week
YLA01007G00,ZTE,C320,,gpon_1/1/5,up,2.4,nan,YLA01X000EH,Recovered / Fixed,SFP inserted or port restored this week
YLA01007G00,ZTE,C320,,gpon_1/1/6,up,2.4,nan,YLA01X000HN,Recovered / Fixed,SFP inserted or port restored this week
YLA01007G00,ZTE,C320,,gpon_1/1/7,up,2.4,nan,YLA01X000MC,Recovered / Fixed,SFP inserted or port restored this week
YLA01007G00,ZTE,C320,,gpon_1/1/8,up,2.4,nan,YLA01X000MD,Recovered / Fixed,SFP inserted or port restored this week
YLA01007G00,ZTE,C320,,gpon_1/1/9,up,2.4,nan,YLA01X3DNVW,Recovered / Fixed,SFP inserted or port restored this week
YLA03001GO0,ZTE,C320,,gpon_1/1/1,up,2.4,nan,YLA03X0000I,Recovered / Fixed,SFP inserted or port restored this week
YLA03001GO0,ZTE,C320,,gpon_1/1/10,up,2.4,nan,YLA03X3IK19,Recovered / Fixed,SFP inserted or port restored this week
YLA03001GO0,ZTE,C320,,gpon_1/1/2,up,2.4,nan,YLA03X00009,Recovered / Fixed,SFP inserted or port restored this week
YLA03001GO0,ZTE,C320,,gpon_1/1/3,up,2.4,nan,YLA03X0001T,Recovered / Fixed,SFP inserted or port restored this week
YLA03001GO0,ZTE,C320,,gpon_1/1/4,up,2.4,nan,YLA03X0001Y,Recovered / Fixed,SFP inserted or port restored this week
YLA03001GO0,ZTE,C320,,gpon_1/1/5,up,2.4,nan,YLA03X00035,Recovered / Fixed,SFP inserted or port restored this week
YLA03001GO0,ZTE,C320,,gpon_1/1/6,down,2.4,nan,YLA03X3DBI7,Recovered / Fixed,SFP inserted or port restored this week
YLA03001GO0,ZTE,C320,,gpon_1/1/7,up,2.4,nan,YLA03X311AK,Recovered / Fixed,SFP inserted or port restored this week
YLA03001GO0,ZTE,C320,,gpon_1/1/8,up,2.4,nan,YLA03X3DBIF,Recovered / Fixed,SFP inserted or port restored this week
YLA03001GO0,ZTE,C320,,gpon_1/1/9,down,2.4,nan,YLA03X3IK17,Recovered / Fixed,SFP inserted or port restored this week
YLA05001GO0,ZTE,C320,,gpon_1/1/10,up,2.4,nan,YLA05X3CX4D,Recovered / Fixed,SFP inserted or port restored this week
YLA05001GO0,ZTE,C320,,gpon_1/1/9,up,2.4,nan,YLA05X3CX49,Recovered / Fixed,SFP inserted or port restored this week
YLA06001G00,ZTE,C320,,gpon_1/1/3,up,2.4,nan,YLA06X00043,Recovered / Fixed,SFP inserted or port restored this week
YST01003GO0,ZTE,C320,,gpon_1/1/1,up,2.4,nan,YST01X0008R,Recovered / Fixed,SFP inserted or port restored this week
YST01006G00,ZTE,C320,,gpon_1/1/1,up,2.4,nan,YST01X00034,Recovered / Fixed,SFP inserted or port restored this week
YST01007G00,ZTE,C320,,gpon_1/1/8,up,2.4,nan,YST01XMTQR1,Recovered / Fixed,SFP inserted or port restored this week
YST01008GO0,ZTE,C320,,gpon_1/1/6,up,2.4,nan,YST05XAX100,Recovered / Fixed,SFP inserted or port restored this week
YST01009GO0,ZTE,C320,,gpon_1/1/4,up,2.4,nan,YST01X32UAV,Recovered / Fixed,SFP inserted or port restored this week
YST01009GO0,ZTE,C320,,gpon_1/1/8,up,2.4,nan,YST01X37ISD,Recovered / Fixed,SFP inserted or port restored this week
YST01009GO0,ZTE,C320,,gpon_1/2/4,up,2.4,nan,YST01X3CR0Q,Recovered / Fixed,SFP inserted or port restored this week
YST01009GO0,ZTE,C320,,gpon_1/2/5,up,2.4,nan,YST01X3JYWC,Recovered / Fixed,SFP inserted or port restored this week
YST01009GO0,ZTE,C320,,gpon_1/2/6,up,2.4,nan,YST01XABE01,Recovered / Fixed,SFP inserted or port restored this week
YST01023G00,ZTE,C320,,gpon_1/1/3,up,2.4,nan,YST01X3AG8F,Recovered / Fixed,SFP inserted or port restored this week
YST01026GO0,ZTE,C320,,gpon_1/2/2,up,2.4,nan,YST01X000LV,Recovered / Fixed,SFP inserted or port restored this week
YST01028GO0,ZTE,C320,,gpon_1/1/1,up,2.4,nan,YST01X372M7,Recovered / Fixed,SFP inserted or port restored this week
YST01028GO0,ZTE,C320,,gpon_1/1/11,up,2.4,nan,YST01X3FQ8J,Recovered / Fixed,SFP inserted or port restored this week
YST01028GO0,ZTE,C320,,gpon_1/1/2,up,2.4,nan,YST01X372LW,Recovered / Fixed,SFP inserted or port restored this week
YST01028GO0,ZTE,C320,,gpon_1/1/3,up,2.4,nan,YST01X376GX,Recovered / Fixed,SFP inserted or port restored this week
YST01028GO0,ZTE,C320,,gpon_1/2/4,up,2.4,nan,YST01X397CU,Recovered / Fixed,SFP inserted or port restored this week
YST01028GO0,ZTE,C320,,gpon_1/2/6,up,2.4,nan,YST01X397D1,Recovered / Fixed,SFP inserted or port restored this week
YST01028GO0,ZTE,C320,,gpon_1/2/7,up,2.4,nan,YST01X397D8,Recovered / Fixed,SFP inserted or port restored this week
YST01028GO0,ZTE,C320,,gpon_1/2/9,up,2.4,nan,YST01X3VB2M,Recovered / Fixed,SFP inserted or port restored this week
YST04004GO0,ZTE,C320,,gpon_1/1/4,up,2.4,nan,YST04XBGYU1,Recovered / Fixed,SFP inserted or port restored this week
YST04011GO0,ZTE,C320,,gpon_1/1/3,up,2.4,nan,YST04X000DW,Recovered / Fixed,SFP inserted or port restored this week
YST04011GO0,ZTE,C320,,gpon_1/1/6,up,2.4,nan,YST04X0FDB1,Recovered / Fixed,SFP inserted or port restored this week
YST07001GO0,ZTE,C320,,gpon_1/1/6,up,2.4,nan,YST07X3KPSD,Recovered / Fixed,SFP inserted or port restored this week
YST07002GO0,ZTE,C320,,gpon_1/1/6,up,2.4,nan,YST07X3AQLD,Recovered / Fixed,SFP inserted or port restored this week
YST07002GO0,ZTE,C320,,gpon_1/2/1,up,2.4,nan,YST07X3AQLE,Recovered / Fixed,SFP inserted or port restored this week
YST07002GO0,ZTE,C320,,gpon_1/2/2,up,2.4,nan,YST07X3AQLF,Recovered / Fixed,SFP inserted or port restored this week
YST08004GO0,ZTE,C320,,gpon_1/1/8,up,2.4,nan,YST08X3PVEJ,Recovered / Fixed,SFP inserted or port restored this week
